Brand_Name,Year,Month,Month_Sin,Month_Cos,USD_Rate,Lag_1,Lag_12,Rolling_Mean_3,Issued_Qty
Actos ,2020,1,0.49999999999999994,0.8660254037844387,181.3,0.0,0.0,0.0,132.0
Actos ,2020,2,0.8660254037844386,0.5000000000000001,181.5,132.0,0.0,0.0,187.0
Actos ,2020,3,1.0,6.123233995736766e-17,185.3,187.0,0.0,0.0,147.0
Actos ,2020,4,0.8660254037844387,-0.4999999999999998,192.5,147.0,0.0,155.33333333333334,199.0
Actos ,2020,5,0.49999999999999994,-0.8660254037844387,188.2,199.0,0.0,177.66666666666666,158.0
Actos ,2020,6,1.2246467991473532e-16,-1.0,186.4,158.0,0.0,168.0,170.0
Actos ,2020,7,-0.4999999999999997,-0.8660254037844388,185.9,170.0,0.0,175.66666666666666,179.0
Actos ,2020,8,-0.8660254037844385,-0.5000000000000004,184.2,179.0,0.0,169.0,273.0
Actos ,2020,9,-1.0,-1.8369701987210297e-16,184.8,273.0,0.0,207.33333333333334,189.0
Actos ,2020,10,-0.8660254037844386,0.5000000000000001,184.5,189.0,0.0,213.66666666666666,145.0
Actos ,2020,11,-0.5000000000000004,0.8660254037844384,185.1,145.0,0.0,202.33333333333334,181.0
Actos ,2020,12,-2.4492935982947064e-16,1.0,186.7,181.0,0.0,171.66666666666666,144.0
Actos ,2021,1,0.49999999999999994,0.8660254037844387,190.2,144.0,132.0,156.66666666666666,141.0
Actos ,2021,2,0.8660254037844386,0.5000000000000001,194.5,141.0,187.0,155.33333333333334,177.0
Actos ,2021,3,1.0,6.123233995736766e-17,198.1,177.0,147.0,154.0,161.0
Actos ,2021,4,0.8660254037844387,-0.4999999999999998,201.3,161.0,199.0,159.66666666666666,175.0
Actos ,2021,5,0.49999999999999994,-0.8660254037844387,200.5,175.0,158.0,171.0,176.0
Actos ,2021,6,1.2246467991473532e-16,-1.0,201.8,176.0,170.0,170.66666666666666,192.0
Actos ,2021,7,-0.4999999999999997,-0.8660254037844388,202.4,192.0,179.0,181.0,198.0
Actos ,2021,8,-0.8660254037844385,-0.5000000000000004,203.1,198.0,273.0,188.66666666666666,139.0
Actos ,2021,9,-1.0,-1.8369701987210297e-16,203.5,139.0,189.0,176.33333333333334,202.0
Actos ,2021,10,-0.8660254037844386,0.5000000000000001,203.2,202.0,145.0,179.66666666666666,153.0
Actos ,2021,11,-0.5000000000000004,0.8660254037844384,203.8,153.0,181.0,164.66666666666666,138.0
Actos ,2021,12,-2.4492935982947064e-16,1.0,204.5,138.0,144.0,164.33333333333334,165.0
Actos ,2022,1,0.49999999999999994,0.8660254037844387,205.1,165.0,141.0,152.0,168.0
Actos ,2022,2,0.8660254037844386,0.5000000000000001,208.4,168.0,177.0,157.0,152.0
Actos ,2022,3,1.0,6.123233995736766e-17,290.5,152.0,161.0,161.66666666666666,199.0
Actos ,2022,4,0.8660254037844387,-0.4999999999999998,320.1,199.0,175.0,173.0,150.0
Actos ,2022,5,0.49999999999999994,-0.8660254037844387,355.4,150.0,176.0,167.0,181.0
Actos ,2022,6,1.2246467991473532e-16,-1.0,360.2,181.0,192.0,176.66666666666666,183.0
Actos ,2022,7,-0.4999999999999997,-0.8660254037844388,362.5,183.0,198.0,171.33333333333334,202.0
Actos ,2022,8,-0.8660254037844385,-0.5000000000000004,361.8,202.0,139.0,188.66666666666666,212.0
Actos ,2022,9,-1.0,-1.8369701987210297e-16,363.2,212.0,202.0,199.0,172.0
Actos ,2022,10,-0.8660254037844386,0.5000000000000001,365.1,172.0,153.0,195.33333333333334,216.0
Actos ,2022,11,-0.5000000000000004,0.8660254037844384,366.5,216.0,138.0,200.0,189.0
Actos ,2022,12,-2.4492935982947064e-16,1.0,368.2,189.0,165.0,192.33333333333334,138.0
Actos ,2023,1,0.49999999999999994,0.8660254037844387,365.4,138.0,168.0,181.0,136.0
Actos ,2023,2,0.8660254037844386,0.5000000000000001,362.1,136.0,152.0,154.33333333333334,185.0
Actos ,2023,3,1.0,6.123233995736766e-17,340.5,185.0,199.0,153.0,186.0
Actos ,2023,4,0.8660254037844387,-0.4999999999999998,325.2,186.0,150.0,169.0,198.0
Actos ,2023,5,0.49999999999999994,-0.8660254037844387,315.8,198.0,181.0,189.66666666666666,210.0
Actos ,2023,6,1.2246467991473532e-16,-1.0,310.4,210.0,183.0,198.0,227.0
Actos ,2023,7,-0.4999999999999997,-0.8660254037844388,312.1,227.0,202.0,211.66666666666666,257.0
Actos ,2023,8,-0.8660254037844385,-0.5000000000000004,315.6,257.0,212.0,231.33333333333334,189.0
Actos ,2023,9,-1.0,-1.8369701987210297e-16,318.9,189.0,172.0,224.33333333333334,184.0
Actos ,2023,10,-0.8660254037844386,0.5000000000000001,320.5,184.0,216.0,210.0,180.0
Actos ,2023,11,-0.5000000000000004,0.8660254037844384,322.1,180.0,189.0,184.33333333333334,214.0
Actos ,2023,12,-2.4492935982947064e-16,1.0,324.5,214.0,138.0,192.66666666666666,241.0
Actos ,2024,1,0.49999999999999994,0.8660254037844387,323.8,241.0,136.0,211.66666666666666,187.0
Actos ,2024,2,0.8660254037844386,0.5000000000000001,318.2,187.0,185.0,214.0,139.0
Actos ,2024,3,1.0,6.123233995736766e-17,310.5,139.0,186.0,189.0,163.0
Actos ,2024,4,0.8660254037844387,-0.4999999999999998,305.1,163.0,198.0,163.0,195.0
Actos ,2024,5,0.49999999999999994,-0.8660254037844387,302.4,195.0,210.0,165.66666666666666,213.0
Actos ,2024,6,1.2246467991473532e-16,-1.0,300.8,213.0,227.0,190.33333333333334,226.0
Actos ,2024,7,-0.4999999999999997,-0.8660254037844388,304.5,226.0,257.0,211.33333333333334,246.0
Actos ,2024,8,-0.8660254037844385,-0.5000000000000004,302.1,246.0,189.0,228.33333333333334,233.0
Actos ,2024,9,-1.0,-1.8369701987210297e-16,300.5,233.0,184.0,235.0,281.0
Actos ,2024,10,-0.8660254037844386,0.5000000000000001,305.8,281.0,180.0,253.33333333333334,210.0
Actos ,2024,11,-0.5000000000000004,0.8660254037844384,310.2,210.0,214.0,241.33333333333334,198.0
Actos ,2024,12,-2.4492935982947064e-16,1.0,315.4,198.0,241.0,229.66666666666666,236.0
Actos ,2025,1,0.49999999999999994,0.8660254037844387,320.1,236.0,187.0,214.66666666666666,173.0
Actos ,2025,2,0.8660254037844386,0.5000000000000001,322.5,173.0,139.0,202.33333333333334,235.0
Actos ,2025,3,1.0,6.123233995736766e-17,325.8,235.0,163.0,214.66666666666666,234.0
Actos ,2025,4,0.8660254037844387,-0.4999999999999998,328.1,234.0,195.0,214.0,237.0
Actos ,2025,5,0.49999999999999994,-0.8660254037844387,330.4,237.0,213.0,235.33333333333334,322.0
Actos ,2025,6,1.2246467991473532e-16,-1.0,332.1,322.0,226.0,264.3333333333333,116.0
Actos ,2025,7,-0.4999999999999997,-0.8660254037844388,335.2,116.0,246.0,225.0,165.0
Actos ,2025,8,-0.8660254037844385,-0.5000000000000004,338.5,165.0,233.0,201.0,204.0
Actos ,2025,9,-1.0,-1.8369701987210297e-16,340.2,204.0,281.0,161.66666666666666,100.0
Actos ,2025,10,-0.8660254037844386,0.5000000000000001,342.1,100.0,210.0,156.33333333333334,269.0
Actos ,2025,11,-0.5000000000000004,0.8660254037844384,345.5,269.0,198.0,191.0,344.0
Actos ,2025,12,-2.4492935982947064e-16,1.0,348.9,344.0,236.0,237.66666666666666,440.0
Actos ,2026,1,0.49999999999999994,0.8660254037844387,310.5,440.0,173.0,351.0,418.0
Amlodac ,2020,1,0.49999999999999994,0.8660254037844387,181.3,0.0,0.0,0.0,423.0
Amlodac ,2020,2,0.8660254037844386,0.5000000000000001,181.5,423.0,0.0,0.0,456.0
Amlodac ,2020,3,1.0,6.123233995736766e-17,185.3,456.0,0.0,0.0,297.0
Amlodac ,2020,4,0.8660254037844387,-0.4999999999999998,192.5,297.0,0.0,392.0,307.0
Amlodac ,2020,5,0.49999999999999994,-0.8660254037844387,188.2,307.0,0.0,353.3333333333333,396.0
Amlodac ,2020,6,1.2246467991473532e-16,-1.0,186.4,396.0,0.0,333.3333333333333,332.0
Amlodac ,2020,7,-0.4999999999999997,-0.8660254037844388,185.9,332.0,0.0,345.0,437.0
Amlodac ,2020,8,-0.8660254037844385,-0.5000000000000004,184.2,437.0,0.0,388.3333333333333,337.0
Amlodac ,2020,9,-1.0,-1.8369701987210297e-16,184.8,337.0,0.0,368.6666666666667,267.0
Amlodac ,2020,10,-0.8660254037844386,0.5000000000000001,184.5,267.0,0.0,347.0,304.0
Amlodac ,2020,11,-0.5000000000000004,0.8660254037844384,185.1,304.0,0.0,302.6666666666667,254.0
Amlodac ,2020,12,-2.4492935982947064e-16,1.0,186.7,254.0,0.0,275.0,388.0
Amlodac ,2021,1,0.49999999999999994,0.8660254037844387,190.2,388.0,423.0,315.3333333333333,407.0
Amlodac ,2021,2,0.8660254037844386,0.5000000000000001,194.5,407.0,456.0,349.6666666666667,402.0
Amlodac ,2021,3,1.0,6.123233995736766e-17,198.1,402.0,297.0,399.0,506.0
Amlodac ,2021,4,0.8660254037844387,-0.4999999999999998,201.3,506.0,307.0,438.3333333333333,508.0
Amlodac ,2021,5,0.49999999999999994,-0.8660254037844387,200.5,508.0,396.0,472.0,402.0
Amlodac ,2021,6,1.2246467991473532e-16,-1.0,201.8,402.0,332.0,472.0,289.0
Amlodac ,2021,7,-0.4999999999999997,-0.8660254037844388,202.4,289.0,437.0,399.6666666666667,423.0
Amlodac ,2021,8,-0.8660254037844385,-0.5000000000000004,203.1,423.0,337.0,371.3333333333333,413.0
Amlodac ,2021,9,-1.0,-1.8369701987210297e-16,203.5,413.0,267.0,375.0,401.0
Amlodac ,2021,10,-0.8660254037844386,0.5000000000000001,203.2,401.0,304.0,412.3333333333333,457.0
Amlodac ,2021,11,-0.5000000000000004,0.8660254037844384,203.8,457.0,254.0,423.6666666666667,346.0
Amlodac ,2021,12,-2.4492935982947064e-16,1.0,204.5,346.0,388.0,401.3333333333333,584.0
Amlodac ,2022,1,0.49999999999999994,0.8660254037844387,205.1,584.0,407.0,462.3333333333333,389.0
Amlodac ,2022,2,0.8660254037844386,0.5000000000000001,208.4,389.0,402.0,439.6666666666667,515.0
Amlodac ,2022,3,1.0,6.123233995736766e-17,290.5,515.0,506.0,496.0,359.0
Amlodac ,2022,4,0.8660254037844387,-0.4999999999999998,320.1,359.0,508.0,421.0,397.0
Amlodac ,2022,5,0.49999999999999994,-0.8660254037844387,355.4,397.0,402.0,423.6666666666667,556.0
Amlodac ,2022,6,1.2246467991473532e-16,-1.0,360.2,556.0,289.0,437.3333333333333,411.0
Amlodac ,2022,7,-0.4999999999999997,-0.8660254037844388,362.5,411.0,423.0,454.6666666666667,470.0
Amlodac ,2022,8,-0.8660254037844385,-0.5000000000000004,361.8,470.0,413.0,479.0,423.0
Amlodac ,2022,9,-1.0,-1.8369701987210297e-16,363.2,423.0,401.0,434.6666666666667,405.0
Amlodac ,2022,10,-0.8660254037844386,0.5000000000000001,365.1,405.0,457.0,432.6666666666667,520.0
Amlodac ,2022,11,-0.5000000000000004,0.8660254037844384,366.5,520.0,346.0,449.3333333333333,427.0
Amlodac ,2022,12,-2.4492935982947064e-16,1.0,368.2,427.0,584.0,450.6666666666667,356.0
Amlodac ,2023,1,0.49999999999999994,0.8660254037844387,365.4,356.0,389.0,434.3333333333333,428.0
Amlodac ,2023,2,0.8660254037844386,0.5000000000000001,362.1,428.0,515.0,403.6666666666667,538.0
Amlodac ,2023,3,1.0,6.123233995736766e-17,340.5,538.0,359.0,440.6666666666667,528.0
Amlodac ,2023,4,0.8660254037844387,-0.4999999999999998,325.2,528.0,397.0,498.0,387.0
Amlodac ,2023,5,0.49999999999999994,-0.8660254037844387,315.8,387.0,556.0,484.3333333333333,427.0
Amlodac ,2023,6,1.2246467991473532e-16,-1.0,310.4,427.0,411.0,447.3333333333333,421.0
Amlodac ,2023,7,-0.4999999999999997,-0.8660254037844388,312.1,421.0,470.0,411.6666666666667,422.0
Amlodac ,2023,8,-0.8660254037844385,-0.5000000000000004,315.6,422.0,423.0,423.3333333333333,357.0
Amlodac ,2023,9,-1.0,-1.8369701987210297e-16,318.9,357.0,405.0,400.0,402.0
Amlodac ,2023,10,-0.8660254037844386,0.5000000000000001,320.5,402.0,520.0,393.6666666666667,408.0
Amlodac ,2023,11,-0.5000000000000004,0.8660254037844384,322.1,408.0,427.0,389.0,534.0
Amlodac ,2023,12,-2.4492935982947064e-16,1.0,324.5,534.0,356.0,448.0,563.0
Amlodac ,2024,1,0.49999999999999994,0.8660254037844387,323.8,563.0,428.0,501.6666666666667,508.0
Amlodac ,2024,2,0.8660254037844386,0.5000000000000001,318.2,508.0,538.0,535.0,501.0
Amlodac ,2024,3,1.0,6.123233995736766e-17,310.5,501.0,528.0,524.0,546.0
Amlodac ,2024,4,0.8660254037844387,-0.4999999999999998,305.1,546.0,387.0,518.3333333333334,466.0
Amlodac ,2024,5,0.49999999999999994,-0.8660254037844387,302.4,466.0,427.0,504.3333333333333,430.0
Amlodac ,2024,6,1.2246467991473532e-16,-1.0,300.8,430.0,421.0,480.6666666666667,429.0
Amlodac ,2024,7,-0.4999999999999997,-0.8660254037844388,304.5,429.0,422.0,441.6666666666667,435.0
Amlodac ,2024,8,-0.8660254037844385,-0.5000000000000004,302.1,435.0,357.0,431.3333333333333,396.0
Amlodac ,2024,9,-1.0,-1.8369701987210297e-16,300.5,396.0,402.0,420.0,487.0
Amlodac ,2024,10,-0.8660254037844386,0.5000000000000001,305.8,487.0,408.0,439.3333333333333,546.0
Amlodac ,2024,11,-0.5000000000000004,0.8660254037844384,310.2,546.0,534.0,476.3333333333333,403.0
Amlodac ,2024,12,-2.4492935982947064e-16,1.0,315.4,403.0,563.0,478.6666666666667,538.0
Amlodac ,2025,1,0.49999999999999994,0.8660254037844387,320.1,538.0,508.0,495.6666666666667,540.0
Amlodac ,2025,2,0.8660254037844386,0.5000000000000001,322.5,540.0,501.0,493.6666666666667,602.0
Amlodac ,2025,3,1.0,6.123233995736766e-17,325.8,602.0,546.0,560.0,573.0
Amlodac ,2025,4,0.8660254037844387,-0.4999999999999998,328.1,573.0,466.0,571.6666666666666,455.0
Amlodac ,2025,5,0.49999999999999994,-0.8660254037844387,330.4,455.0,430.0,543.3333333333334,455.0
Amlodac ,2025,6,1.2246467991473532e-16,-1.0,332.1,455.0,429.0,494.3333333333333,720.0
Amlodac ,2025,7,-0.4999999999999997,-0.8660254037844388,335.2,720.0,435.0,543.3333333333334,49.0
Amlodac ,2025,8,-0.8660254037844385,-0.5000000000000004,338.5,49.0,396.0,408.0,1500.0
Amlodac ,2025,9,-1.0,-1.8369701987210297e-16,340.2,1500.0,487.0,756.3333333333334,991.0
Amlodac ,2025,10,-0.8660254037844386,0.5000000000000001,342.1,991.0,546.0,846.6666666666666,615.0
Amlodac ,2025,11,-0.5000000000000004,0.8660254037844384,345.5,615.0,403.0,1035.3333333333333,45.0
Amlodac ,2025,12,-2.4492935982947064e-16,1.0,348.9,45.0,538.0,550.3333333333334,318.0
Amlodac ,2026,1,0.49999999999999994,0.8660254037844387,310.5,318.0,540.0,326.0,222.0
Amlong ,2020,1,0.49999999999999994,0.8660254037844387,181.3,0.0,0.0,0.0,1409.0
Amlong ,2020,2,0.8660254037844386,0.5000000000000001,181.5,1409.0,0.0,0.0,1446.0
Amlong ,2020,3,1.0,6.123233995736766e-17,185.3,1446.0,0.0,0.0,1480.0
Amlong ,2020,4,0.8660254037844387,-0.4999999999999998,192.5,1480.0,0.0,1445.0,1844.0
Amlong ,2020,5,0.49999999999999994,-0.8660254037844387,188.2,1844.0,0.0,1590.0,1239.0
Amlong ,2020,6,1.2246467991473532e-16,-1.0,186.4,1239.0,0.0,1521.0,1415.0
Amlong ,2020,7,-0.4999999999999997,-0.8660254037844388,185.9,1415.0,0.0,1499.3333333333333,1636.0
Amlong ,2020,8,-0.8660254037844385,-0.5000000000000004,184.2,1636.0,0.0,1430.0,1610.0
Amlong ,2020,9,-1.0,-1.8369701987210297e-16,184.8,1610.0,0.0,1553.6666666666667,1045.0
Amlong ,2020,10,-0.8660254037844386,0.5000000000000001,184.5,1045.0,0.0,1430.3333333333333,1221.0
Amlong ,2020,11,-0.5000000000000004,0.8660254037844384,185.1,1221.0,0.0,1292.0,1588.0
Amlong ,2020,12,-2.4492935982947064e-16,1.0,186.7,1588.0,0.0,1284.6666666666667,1444.0
Amlong ,2021,1,0.49999999999999994,0.8660254037844387,190.2,1444.0,1409.0,1417.6666666666667,1441.0
Amlong ,2021,2,0.8660254037844386,0.5000000000000001,194.5,1441.0,1446.0,1491.0,1417.0
Amlong ,2021,3,1.0,6.123233995736766e-17,198.1,1417.0,1480.0,1434.0,1433.0
Amlong ,2021,4,0.8660254037844387,-0.4999999999999998,201.3,1433.0,1844.0,1430.3333333333333,1615.0
Amlong ,2021,5,0.49999999999999994,-0.8660254037844387,200.5,1615.0,1239.0,1488.3333333333333,1488.0
Amlong ,2021,6,1.2246467991473532e-16,-1.0,201.8,1488.0,1415.0,1512.0,1506.0
Amlong ,2021,7,-0.4999999999999997,-0.8660254037844388,202.4,1506.0,1636.0,1536.3333333333333,1485.0
Amlong ,2021,8,-0.8660254037844385,-0.5000000000000004,203.1,1485.0,1610.0,1493.0,1278.0
Amlong ,2021,9,-1.0,-1.8369701987210297e-16,203.5,1278.0,1045.0,1423.0,1489.0
Amlong ,2021,10,-0.8660254037844386,0.5000000000000001,203.2,1489.0,1221.0,1417.3333333333333,2106.0
Amlong ,2021,11,-0.5000000000000004,0.8660254037844384,203.8,2106.0,1588.0,1624.3333333333333,1054.0
Amlong ,2021,12,-2.4492935982947064e-16,1.0,204.5,1054.0,1444.0,1549.6666666666667,1493.0
Amlong ,2022,1,0.49999999999999994,0.8660254037844387,205.1,1493.0,1441.0,1551.0,1327.0
Amlong ,2022,2,0.8660254037844386,0.5000000000000001,208.4,1327.0,1417.0,1291.3333333333333,1697.0
Amlong ,2022,3,1.0,6.123233995736766e-17,290.5,1697.0,1433.0,1505.6666666666667,1625.0
Amlong ,2022,4,0.8660254037844387,-0.4999999999999998,320.1,1625.0,1615.0,1549.6666666666667,1843.0
Amlong ,2022,5,0.49999999999999994,-0.8660254037844387,355.4,1843.0,1488.0,1721.6666666666667,1960.0
Amlong ,2022,6,1.2246467991473532e-16,-1.0,360.2,1960.0,1506.0,1809.3333333333333,1659.0
Amlong ,2022,7,-0.4999999999999997,-0.8660254037844388,362.5,1659.0,1485.0,1820.6666666666667,1848.0
Amlong ,2022,8,-0.8660254037844385,-0.5000000000000004,361.8,1848.0,1278.0,1822.3333333333333,1058.0
Amlong ,2022,9,-1.0,-1.8369701987210297e-16,363.2,1058.0,1489.0,1521.6666666666667,1855.0
Amlong ,2022,10,-0.8660254037844386,0.5000000000000001,365.1,1855.0,2106.0,1587.0,1529.0
Amlong ,2022,11,-0.5000000000000004,0.8660254037844384,366.5,1529.0,1054.0,1480.6666666666667,1720.0
Amlong ,2022,12,-2.4492935982947064e-16,1.0,368.2,1720.0,1493.0,1701.3333333333333,1259.0
Amlong ,2023,1,0.49999999999999994,0.8660254037844387,365.4,1259.0,1327.0,1502.6666666666667,1396.0
Amlong ,2023,2,0.8660254037844386,0.5000000000000001,362.1,1396.0,1697.0,1458.3333333333333,1691.0
Amlong ,2023,3,1.0,6.123233995736766e-17,340.5,1691.0,1625.0,1448.6666666666667,1710.0
Amlong ,2023,4,0.8660254037844387,-0.4999999999999998,325.2,1710.0,1843.0,1599.0,1824.0
Amlong ,2023,5,0.49999999999999994,-0.8660254037844387,315.8,1824.0,1960.0,1741.6666666666667,2055.0
Amlong ,2023,6,1.2246467991473532e-16,-1.0,310.4,2055.0,1659.0,1863.0,1314.0
Amlong ,2023,7,-0.4999999999999997,-0.8660254037844388,312.1,1314.0,1848.0,1731.0,1919.0
Amlong ,2023,8,-0.8660254037844385,-0.5000000000000004,315.6,1919.0,1058.0,1762.6666666666667,1601.0
Amlong ,2023,9,-1.0,-1.8369701987210297e-16,318.9,1601.0,1855.0,1611.3333333333333,1507.0
Amlong ,2023,10,-0.8660254037844386,0.5000000000000001,320.5,1507.0,1529.0,1675.6666666666667,1232.0
Amlong ,2023,11,-0.5000000000000004,0.8660254037844384,322.1,1232.0,1720.0,1446.6666666666667,1677.0
Amlong ,2023,12,-2.4492935982947064e-16,1.0,324.5,1677.0,1259.0,1472.0,1119.0
Amlong ,2024,1,0.49999999999999994,0.8660254037844387,323.8,1119.0,1396.0,1342.6666666666667,1852.0
Amlong ,2024,2,0.8660254037844386,0.5000000000000001,318.2,1852.0,1691.0,1549.3333333333333,1406.0
Amlong ,2024,3,1.0,6.123233995736766e-17,310.5,1406.0,1710.0,1459.0,1837.0
Amlong ,2024,4,0.8660254037844387,-0.4999999999999998,305.1,1837.0,1824.0,1698.3333333333333,1825.0
Amlong ,2024,5,0.49999999999999994,-0.8660254037844387,302.4,1825.0,2055.0,1689.3333333333333,2212.0
Amlong ,2024,6,1.2246467991473532e-16,-1.0,300.8,2212.0,1314.0,1958.0,1772.0
Amlong ,2024,7,-0.4999999999999997,-0.8660254037844388,304.5,1772.0,1919.0,1936.3333333333333,1588.0
Amlong ,2024,8,-0.8660254037844385,-0.5000000000000004,302.1,1588.0,1601.0,1857.3333333333333,1575.0
Amlong ,2024,9,-1.0,-1.8369701987210297e-16,300.5,1575.0,1507.0,1645.0,1998.0
Amlong ,2024,10,-0.8660254037844386,0.5000000000000001,305.8,1998.0,1232.0,1720.3333333333333,1770.0
Amlong ,2024,11,-0.5000000000000004,0.8660254037844384,310.2,1770.0,1677.0,1781.0,1560.0
Amlong ,2024,12,-2.4492935982947064e-16,1.0,315.4,1560.0,1119.0,1776.0,1648.0
Amlong ,2025,1,0.49999999999999994,0.8660254037844387,320.1,1648.0,1852.0,1659.3333333333333,1412.0
Amlong ,2025,2,0.8660254037844386,0.5000000000000001,322.5,1412.0,1406.0,1540.0,1981.0
Amlong ,2025,3,1.0,6.123233995736766e-17,325.8,1981.0,1837.0,1680.3333333333333,1488.0
Amlong ,2025,4,0.8660254037844387,-0.4999999999999998,328.1,1488.0,1825.0,1627.0,2210.0
Amlong ,2025,5,0.49999999999999994,-0.8660254037844387,330.4,2210.0,2212.0,1893.0,2011.0
Amlong ,2025,6,1.2246467991473532e-16,-1.0,332.1,2011.0,1772.0,1903.0,4732.0
Amlong ,2025,7,-0.4999999999999997,-0.8660254037844388,335.2,4732.0,1588.0,2984.3333333333335,1044.0
Amlong ,2025,8,-0.8660254037844385,-0.5000000000000004,338.5,1044.0,1575.0,2595.6666666666665,2405.0
Amlong ,2025,9,-1.0,-1.8369701987210297e-16,340.2,2405.0,1998.0,2727.0,1226.0
Amlong ,2025,10,-0.8660254037844386,0.5000000000000001,342.1,1226.0,1770.0,1558.3333333333333,1258.0
Amlong ,2025,11,-0.5000000000000004,0.8660254037844384,345.5,1258.0,1560.0,1629.6666666666667,950.0
Amlong ,2025,12,-2.4492935982947064e-16,1.0,348.9,950.0,1648.0,1144.6666666666667,1171.0
Amlong ,2026,1,0.49999999999999994,0.8660254037844387,310.5,1171.0,1412.0,1126.3333333333333,925.0
Amlopress ,2020,1,0.49999999999999994,0.8660254037844387,181.3,0.0,0.0,0.0,2100.0
Amlopress ,2020,2,0.8660254037844386,0.5000000000000001,181.5,2100.0,0.0,0.0,1812.0
Amlopress ,2020,3,1.0,6.123233995736766e-17,185.3,1812.0,0.0,0.0,2038.0
Amlopress ,2020,4,0.8660254037844387,-0.4999999999999998,192.5,2038.0,0.0,1983.3333333333333,2293.0
Amlopress ,2020,5,0.49999999999999994,-0.8660254037844387,188.2,2293.0,0.0,2047.6666666666667,3090.0
Amlopress ,2020,6,1.2246467991473532e-16,-1.0,186.4,3090.0,0.0,2473.6666666666665,2373.0
Amlopress ,2020,7,-0.4999999999999997,-0.8660254037844388,185.9,2373.0,0.0,2585.3333333333335,2864.0
Amlopress ,2020,8,-0.8660254037844385,-0.5000000000000004,184.2,2864.0,0.0,2775.6666666666665,2348.0
Amlopress ,2020,9,-1.0,-1.8369701987210297e-16,184.8,2348.0,0.0,2528.3333333333335,2555.0
Amlopress ,2020,10,-0.8660254037844386,0.5000000000000001,184.5,2555.0,0.0,2589.0,2325.0
Amlopress ,2020,11,-0.5000000000000004,0.8660254037844384,185.1,2325.0,0.0,2409.3333333333335,2636.0
Amlopress ,2020,12,-2.4492935982947064e-16,1.0,186.7,2636.0,0.0,2505.3333333333335,2119.0
Amlopress ,2021,1,0.49999999999999994,0.8660254037844387,190.2,2119.0,2100.0,2360.0,1842.0
Amlopress ,2021,2,0.8660254037844386,0.5000000000000001,194.5,1842.0,1812.0,2199.0,1964.0
Amlopress ,2021,3,1.0,6.123233995736766e-17,198.1,1964.0,2038.0,1975.0,2336.0
Amlopress ,2021,4,0.8660254037844387,-0.4999999999999998,201.3,2336.0,2293.0,2047.3333333333333,2194.0
Amlopress ,2021,5,0.49999999999999994,-0.8660254037844387,200.5,2194.0,3090.0,2164.6666666666665,2910.0
Amlopress ,2021,6,1.2246467991473532e-16,-1.0,201.8,2910.0,2373.0,2480.0,2593.0
Amlopress ,2021,7,-0.4999999999999997,-0.8660254037844388,202.4,2593.0,2864.0,2565.6666666666665,3955.0
Amlopress ,2021,8,-0.8660254037844385,-0.5000000000000004,203.1,3955.0,2348.0,3152.6666666666665,2088.0
Amlopress ,2021,9,-1.0,-1.8369701987210297e-16,203.5,2088.0,2555.0,2878.6666666666665,2702.0
Amlopress ,2021,10,-0.8660254037844386,0.5000000000000001,203.2,2702.0,2325.0,2915.0,2135.0
Amlopress ,2021,11,-0.5000000000000004,0.8660254037844384,203.8,2135.0,2636.0,2308.3333333333335,2287.0
Amlopress ,2021,12,-2.4492935982947064e-16,1.0,204.5,2287.0,2119.0,2374.6666666666665,2497.0
Amlopress ,2022,1,0.49999999999999994,0.8660254037844387,205.1,2497.0,1842.0,2306.3333333333335,1752.0
Amlopress ,2022,2,0.8660254037844386,0.5000000000000001,208.4,1752.0,1964.0,2178.6666666666665,2666.0
Amlopress ,2022,3,1.0,6.123233995736766e-17,290.5,2666.0,2336.0,2305.0,3583.0
Amlopress ,2022,4,0.8660254037844387,-0.4999999999999998,320.1,3583.0,2194.0,2667.0,2632.0
Amlopress ,2022,5,0.49999999999999994,-0.8660254037844387,355.4,2632.0,2910.0,2960.3333333333335,3029.0
Amlopress ,2022,6,1.2246467991473532e-16,-1.0,360.2,3029.0,2593.0,3081.3333333333335,3453.0
Amlopress ,2022,7,-0.4999999999999997,-0.8660254037844388,362.5,3453.0,3955.0,3038.0,2877.0
Amlopress ,2022,8,-0.8660254037844385,-0.5000000000000004,361.8,2877.0,2088.0,3119.6666666666665,2645.0
Amlopress ,2022,9,-1.0,-1.8369701987210297e-16,363.2,2645.0,2702.0,2991.6666666666665,1983.0
Amlopress ,2022,10,-0.8660254037844386,0.5000000000000001,365.1,1983.0,2135.0,2501.6666666666665,2963.0
Amlopress ,2022,11,-0.5000000000000004,0.8660254037844384,366.5,2963.0,2287.0,2530.3333333333335,2577.0
Amlopress ,2022,12,-2.4492935982947064e-16,1.0,368.2,2577.0,2497.0,2507.6666666666665,2236.0
Amlopress ,2023,1,0.49999999999999994,0.8660254037844387,365.4,2236.0,1752.0,2592.0,2694.0
Amlopress ,2023,2,0.8660254037844386,0.5000000000000001,362.1,2694.0,2666.0,2502.3333333333335,2510.0
Amlopress ,2023,3,1.0,6.123233995736766e-17,340.5,2510.0,3583.0,2480.0,2649.0
Amlopress ,2023,4,0.8660254037844387,-0.4999999999999998,325.2,2649.0,2632.0,2617.6666666666665,3285.0
Amlopress ,2023,5,0.49999999999999994,-0.8660254037844387,315.8,3285.0,3029.0,2814.6666666666665,2538.0
Amlopress ,2023,6,1.2246467991473532e-16,-1.0,310.4,2538.0,3453.0,2824.0,3688.0
Amlopress ,2023,7,-0.4999999999999997,-0.8660254037844388,312.1,3688.0,2877.0,3170.3333333333335,2546.0
Amlopress ,2023,8,-0.8660254037844385,-0.5000000000000004,315.6,2546.0,2645.0,2924.0,2781.0
Amlopress ,2023,9,-1.0,-1.8369701987210297e-16,318.9,2781.0,1983.0,3005.0,3963.0
Amlopress ,2023,10,-0.8660254037844386,0.5000000000000001,320.5,3963.0,2963.0,3096.6666666666665,3394.0
Amlopress ,2023,11,-0.5000000000000004,0.8660254037844384,322.1,3394.0,2577.0,3379.3333333333335,2832.0
Amlopress ,2023,12,-2.4492935982947064e-16,1.0,324.5,2832.0,2236.0,3396.3333333333335,2406.0
Amlopress ,2024,1,0.49999999999999994,0.8660254037844387,323.8,2406.0,2694.0,2877.3333333333335,2600.0
Amlopress ,2024,2,0.8660254037844386,0.5000000000000001,318.2,2600.0,2510.0,2612.6666666666665,2949.0
Amlopress ,2024,3,1.0,6.123233995736766e-17,310.5,2949.0,2649.0,2651.6666666666665,3070.0
Amlopress ,2024,4,0.8660254037844387,-0.4999999999999998,305.1,3070.0,3285.0,2873.0,3150.0
Amlopress ,2024,5,0.49999999999999994,-0.8660254037844387,302.4,3150.0,2538.0,3056.3333333333335,3287.0
Amlopress ,2024,6,1.2246467991473532e-16,-1.0,300.8,3287.0,3688.0,3169.0,3250.0
Amlopress ,2024,7,-0.4999999999999997,-0.8660254037844388,304.5,3250.0,2546.0,3229.0,2693.0
Amlopress ,2024,8,-0.8660254037844385,-0.5000000000000004,302.1,2693.0,2781.0,3076.6666666666665,3027.0
Amlopress ,2024,9,-1.0,-1.8369701987210297e-16,300.5,3027.0,3963.0,2990.0,3627.0
Amlopress ,2024,10,-0.8660254037844386,0.5000000000000001,305.8,3627.0,3394.0,3115.6666666666665,2485.0
Amlopress ,2024,11,-0.5000000000000004,0.8660254037844384,310.2,2485.0,2832.0,3046.3333333333335,2888.0
Amlopress ,2024,12,-2.4492935982947064e-16,1.0,315.4,2888.0,2406.0,3000.0,2608.0
Amlopress ,2025,1,0.49999999999999994,0.8660254037844387,320.1,2608.0,2600.0,2660.3333333333335,3047.0
Amlopress ,2025,2,0.8660254037844386,0.5000000000000001,322.5,3047.0,2949.0,2847.6666666666665,2929.0
Amlopress ,2025,3,1.0,6.123233995736766e-17,325.8,2929.0,3070.0,2861.3333333333335,4057.0
Amlopress ,2025,4,0.8660254037844387,-0.4999999999999998,328.1,4057.0,3150.0,3344.3333333333335,3668.0
Amlopress ,2025,5,0.49999999999999994,-0.8660254037844387,330.4,3668.0,3287.0,3551.3333333333335,2888.0
Amlopress ,2025,6,1.2246467991473532e-16,-1.0,332.1,2888.0,3250.0,3537.6666666666665,4583.0
Amlopress ,2025,7,-0.4999999999999997,-0.8660254037844388,335.2,4583.0,2693.0,3713.0,1810.0
Amlopress ,2025,8,-0.8660254037844385,-0.5000000000000004,338.5,1810.0,3027.0,3093.6666666666665,1872.0
Amlopress ,2025,9,-1.0,-1.8369701987210297e-16,340.2,1872.0,3627.0,2755.0,1364.0
Amlopress ,2025,10,-0.8660254037844386,0.5000000000000001,342.1,1364.0,2485.0,1682.0,1430.0
Amlopress ,2025,11,-0.5000000000000004,0.8660254037844384,345.5,1430.0,2888.0,1555.3333333333333,5274.0
Amlopress ,2025,12,-2.4492935982947064e-16,1.0,348.9,5274.0,2608.0,2689.3333333333335,7479.0
Amlopress ,2026,1,0.49999999999999994,0.8660254037844387,310.5,7479.0,3047.0,4727.666666666667,917.0
Atova ,2020,1,0.49999999999999994,0.8660254037844387,181.3,0.0,0.0,0.0,3450.0
Atova ,2020,2,0.8660254037844386,0.5000000000000001,181.5,3450.0,0.0,0.0,4069.0
Atova ,2020,3,1.0,6.123233995736766e-17,185.3,4069.0,0.0,0.0,3918.0
Atova ,2020,4,0.8660254037844387,-0.4999999999999998,192.5,3918.0,0.0,3812.3333333333335,3195.0
Atova ,2020,5,0.49999999999999994,-0.8660254037844387,188.2,3195.0,0.0,3727.3333333333335,5007.0
Atova ,2020,6,1.2246467991473532e-16,-1.0,186.4,5007.0,0.0,4040.0,3917.0
Atova ,2020,7,-0.4999999999999997,-0.8660254037844388,185.9,3917.0,0.0,4039.6666666666665,3410.0
Atova ,2020,8,-0.8660254037844385,-0.5000000000000004,184.2,3410.0,0.0,4111.333333333333,3800.0
Atova ,2020,9,-1.0,-1.8369701987210297e-16,184.8,3800.0,0.0,3709.0,3801.0
Atova ,2020,10,-0.8660254037844386,0.5000000000000001,184.5,3801.0,0.0,3670.3333333333335,4372.0
Atova ,2020,11,-0.5000000000000004,0.8660254037844384,185.1,4372.0,0.0,3991.0,4030.0
Atova ,2020,12,-2.4492935982947064e-16,1.0,186.7,4030.0,0.0,4067.6666666666665,3859.0
Atova ,2021,1,0.49999999999999994,0.8660254037844387,190.2,3859.0,3450.0,4087.0,4349.0
Atova ,2021,2,0.8660254037844386,0.5000000000000001,194.5,4349.0,4069.0,4079.3333333333335,4152.0
Atova ,2021,3,1.0,6.123233995736766e-17,198.1,4152.0,3918.0,4120.0,4215.0
Atova ,2021,4,0.8660254037844387,-0.4999999999999998,201.3,4215.0,3195.0,4238.666666666667,4441.0
Atova ,2021,5,0.49999999999999994,-0.8660254037844387,200.5,4441.0,5007.0,4269.333333333333,4804.0
Atova ,2021,6,1.2246467991473532e-16,-1.0,201.8,4804.0,3917.0,4486.666666666667,3343.0
Atova ,2021,7,-0.4999999999999997,-0.8660254037844388,202.4,3343.0,3410.0,4196.0,4495.0
Atova ,2021,8,-0.8660254037844385,-0.5000000000000004,203.1,4495.0,3800.0,4214.0,3481.0
Atova ,2021,9,-1.0,-1.8369701987210297e-16,203.5,3481.0,3801.0,3773.0,4837.0
Atova ,2021,10,-0.8660254037844386,0.5000000000000001,203.2,4837.0,4372.0,4271.0,4708.0
Atova ,2021,11,-0.5000000000000004,0.8660254037844384,203.8,4708.0,4030.0,4342.0,5335.0
Atova ,2021,12,-2.4492935982947064e-16,1.0,204.5,5335.0,3859.0,4960.0,5269.0
Atova ,2022,1,0.49999999999999994,0.8660254037844387,205.1,5269.0,4349.0,5104.0,4438.0
Atova ,2022,2,0.8660254037844386,0.5000000000000001,208.4,4438.0,4152.0,5014.0,3976.0
Atova ,2022,3,1.0,6.123233995736766e-17,290.5,3976.0,4215.0,4561.0,4696.0
Atova ,2022,4,0.8660254037844387,-0.4999999999999998,320.1,4696.0,4441.0,4370.0,4190.0
Atova ,2022,5,0.49999999999999994,-0.8660254037844387,355.4,4190.0,4804.0,4287.333333333333,4756.0
Atova ,2022,6,1.2246467991473532e-16,-1.0,360.2,4756.0,3343.0,4547.333333333333,5776.0
Atova ,2022,7,-0.4999999999999997,-0.8660254037844388,362.5,5776.0,4495.0,4907.333333333333,4742.0
Atova ,2022,8,-0.8660254037844385,-0.5000000000000004,361.8,4742.0,3481.0,5091.333333333333,5916.0
Atova ,2022,9,-1.0,-1.8369701987210297e-16,363.2,5916.0,4837.0,5478.0,5785.0
Atova ,2022,10,-0.8660254037844386,0.5000000000000001,365.1,5785.0,4708.0,5481.0,4434.0
Atova ,2022,11,-0.5000000000000004,0.8660254037844384,366.5,4434.0,5335.0,5378.333333333333,5733.0
Atova ,2022,12,-2.4492935982947064e-16,1.0,368.2,5733.0,5269.0,5317.333333333333,5318.0
Atova ,2023,1,0.49999999999999994,0.8660254037844387,365.4,5318.0,4438.0,5161.666666666667,4747.0
Atova ,2023,2,0.8660254037844386,0.5000000000000001,362.1,4747.0,3976.0,5266.0,4152.0
Atova ,2023,3,1.0,6.123233995736766e-17,340.5,4152.0,4696.0,4739.0,4169.0
Atova ,2023,4,0.8660254037844387,-0.4999999999999998,325.2,4169.0,4190.0,4356.0,4544.0
Atova ,2023,5,0.49999999999999994,-0.8660254037844387,315.8,4544.0,4756.0,4288.333333333333,5605.0
Atova ,2023,6,1.2246467991473532e-16,-1.0,310.4,5605.0,5776.0,4772.666666666667,4688.0
Atova ,2023,7,-0.4999999999999997,-0.8660254037844388,312.1,4688.0,4742.0,4945.666666666667,5980.0
Atova ,2023,8,-0.8660254037844385,-0.5000000000000004,315.6,5980.0,5916.0,5424.333333333333,4727.0
Atova ,2023,9,-1.0,-1.8369701987210297e-16,318.9,4727.0,5785.0,5131.666666666667,5505.0
Atova ,2023,10,-0.8660254037844386,0.5000000000000001,320.5,5505.0,4434.0,5404.0,5650.0
Atova ,2023,11,-0.5000000000000004,0.8660254037844384,322.1,5650.0,5733.0,5294.0,7764.0
Atova ,2023,12,-2.4492935982947064e-16,1.0,324.5,7764.0,5318.0,6306.333333333333,4230.0
Atova ,2024,1,0.49999999999999994,0.8660254037844387,323.8,4230.0,4747.0,5881.333333333333,6333.0
Atova ,2024,2,0.8660254037844386,0.5000000000000001,318.2,6333.0,4152.0,6109.0,5170.0
Atova ,2024,3,1.0,6.123233995736766e-17,310.5,5170.0,4169.0,5244.333333333333,5478.0
Atova ,2024,4,0.8660254037844387,-0.4999999999999998,305.1,5478.0,4544.0,5660.333333333333,5446.0
Atova ,2024,5,0.49999999999999994,-0.8660254037844387,302.4,5446.0,5605.0,5364.666666666667,5999.0
Atova ,2024,6,1.2246467991473532e-16,-1.0,300.8,5999.0,4688.0,5641.0,5743.0
Atova ,2024,7,-0.4999999999999997,-0.8660254037844388,304.5,5743.0,5980.0,5729.333333333333,7565.0
Atova ,2024,8,-0.8660254037844385,-0.5000000000000004,302.1,7565.0,4727.0,6435.666666666667,5776.0
Atova ,2024,9,-1.0,-1.8369701987210297e-16,300.5,5776.0,5505.0,6361.333333333333,7306.0
Atova ,2024,10,-0.8660254037844386,0.5000000000000001,305.8,7306.0,5650.0,6882.333333333333,5480.0
Atova ,2024,11,-0.5000000000000004,0.8660254037844384,310.2,5480.0,7764.0,6187.333333333333,5791.0
Atova ,2024,12,-2.4492935982947064e-16,1.0,315.4,5791.0,4230.0,6192.333333333333,4810.0
Atova ,2025,1,0.49999999999999994,0.8660254037844387,320.1,4810.0,6333.0,5360.333333333333,5905.0
Atova ,2025,2,0.8660254037844386,0.5000000000000001,322.5,5905.0,5170.0,5502.0,6820.0
Atova ,2025,3,1.0,6.123233995736766e-17,325.8,6820.0,5478.0,5845.0,5530.0
Atova ,2025,4,0.8660254037844387,-0.4999999999999998,328.1,5530.0,5446.0,6085.0,5642.0
Atova ,2025,5,0.49999999999999994,-0.8660254037844387,330.4,5642.0,5999.0,5997.333333333333,5157.0
Atova ,2025,6,1.2246467991473532e-16,-1.0,332.1,5157.0,5743.0,5443.0,5429.0
Atova ,2025,7,-0.4999999999999997,-0.8660254037844388,335.2,5429.0,7565.0,5409.333333333333,3076.0
Atova ,2025,8,-0.8660254037844385,-0.5000000000000004,338.5,3076.0,5776.0,4554.0,16003.0
Atova ,2025,9,-1.0,-1.8369701987210297e-16,340.2,16003.0,7306.0,8169.333333333333,4164.0
Atova ,2025,10,-0.8660254037844386,0.5000000000000001,342.1,4164.0,5480.0,7747.666666666667,7797.0
Atova ,2025,11,-0.5000000000000004,0.8660254037844384,345.5,7797.0,5791.0,9321.333333333334,8560.0
Atova ,2025,12,-2.4492935982947064e-16,1.0,348.9,8560.0,4810.0,6840.333333333333,6445.0
Atova ,2026,1,0.49999999999999994,0.8660254037844387,310.5,6445.0,5905.0,7600.666666666667,1339.0
Atovic ,2020,1,0.49999999999999994,0.8660254037844387,181.3,0.0,0.0,0.0,267.0
Atovic ,2020,2,0.8660254037844386,0.5000000000000001,181.5,267.0,0.0,0.0,309.0
Atovic ,2020,3,1.0,6.123233995736766e-17,185.3,309.0,0.0,0.0,368.0
Atovic ,2020,4,0.8660254037844387,-0.4999999999999998,192.5,368.0,0.0,314.6666666666667,399.0
Atovic ,2020,5,0.49999999999999994,-0.8660254037844387,188.2,399.0,0.0,358.6666666666667,421.0
Atovic ,2020,6,1.2246467991473532e-16,-1.0,186.4,421.0,0.0,396.0,336.0
Atovic ,2020,7,-0.4999999999999997,-0.8660254037844388,185.9,336.0,0.0,385.3333333333333,472.0
Atovic ,2020,8,-0.8660254037844385,-0.5000000000000004,184.2,472.0,0.0,409.6666666666667,367.0
Atovic ,2020,9,-1.0,-1.8369701987210297e-16,184.8,367.0,0.0,391.6666666666667,445.0
Atovic ,2020,10,-0.8660254037844386,0.5000000000000001,184.5,445.0,0.0,428.0,391.0
Atovic ,2020,11,-0.5000000000000004,0.8660254037844384,185.1,391.0,0.0,401.0,308.0
Atovic ,2020,12,-2.4492935982947064e-16,1.0,186.7,308.0,0.0,381.3333333333333,353.0
Atovic ,2021,1,0.49999999999999994,0.8660254037844387,190.2,353.0,267.0,350.6666666666667,390.0
Atovic ,2021,2,0.8660254037844386,0.5000000000000001,194.5,390.0,309.0,350.3333333333333,413.0
Atovic ,2021,3,1.0,6.123233995736766e-17,198.1,413.0,368.0,385.3333333333333,384.0
Atovic ,2021,4,0.8660254037844387,-0.4999999999999998,201.3,384.0,399.0,395.6666666666667,518.0
Atovic ,2021,5,0.49999999999999994,-0.8660254037844387,200.5,518.0,421.0,438.3333333333333,501.0
Atovic ,2021,6,1.2246467991473532e-16,-1.0,201.8,501.0,336.0,467.6666666666667,428.0
Atovic ,2021,7,-0.4999999999999997,-0.8660254037844388,202.4,428.0,472.0,482.3333333333333,506.0
Atovic ,2021,8,-0.8660254037844385,-0.5000000000000004,203.1,506.0,367.0,478.3333333333333,601.0
Atovic ,2021,9,-1.0,-1.8369701987210297e-16,203.5,601.0,445.0,511.6666666666667,590.0
Atovic ,2021,10,-0.8660254037844386,0.5000000000000001,203.2,590.0,391.0,565.6666666666666,354.0
Atovic ,2021,11,-0.5000000000000004,0.8660254037844384,203.8,354.0,308.0,515.0,358.0
Atovic ,2021,12,-2.4492935982947064e-16,1.0,204.5,358.0,353.0,434.0,503.0
Atovic ,2022,1,0.49999999999999994,0.8660254037844387,205.1,503.0,390.0,405.0,343.0
Atovic ,2022,2,0.8660254037844386,0.5000000000000001,208.4,343.0,413.0,401.3333333333333,336.0
Atovic ,2022,3,1.0,6.123233995736766e-17,290.5,336.0,384.0,394.0,396.0
Atovic ,2022,4,0.8660254037844387,-0.4999999999999998,320.1,396.0,518.0,358.3333333333333,477.0
Atovic ,2022,5,0.49999999999999994,-0.8660254037844387,355.4,477.0,501.0,403.0,461.0
Atovic ,2022,6,1.2246467991473532e-16,-1.0,360.2,461.0,428.0,444.6666666666667,439.0
Atovic ,2022,7,-0.4999999999999997,-0.8660254037844388,362.5,439.0,506.0,459.0,444.0
Atovic ,2022,8,-0.8660254037844385,-0.5000000000000004,361.8,444.0,601.0,448.0,440.0
Atovic ,2022,9,-1.0,-1.8369701987210297e-16,363.2,440.0,590.0,441.0,419.0
Atovic ,2022,10,-0.8660254037844386,0.5000000000000001,365.1,419.0,354.0,434.3333333333333,652.0
Atovic ,2022,11,-0.5000000000000004,0.8660254037844384,366.5,652.0,358.0,503.6666666666667,468.0
Atovic ,2022,12,-2.4492935982947064e-16,1.0,368.2,468.0,503.0,513.0,500.0
Atovic ,2023,1,0.49999999999999994,0.8660254037844387,365.4,500.0,343.0,540.0,406.0
Atovic ,2023,2,0.8660254037844386,0.5000000000000001,362.1,406.0,336.0,458.0,434.0
Atovic ,2023,3,1.0,6.123233995736766e-17,340.5,434.0,396.0,446.6666666666667,417.0
Atovic ,2023,4,0.8660254037844387,-0.4999999999999998,325.2,417.0,477.0,419.0,327.0
Atovic ,2023,5,0.49999999999999994,-0.8660254037844387,315.8,327.0,461.0,392.6666666666667,414.0
Atovic ,2023,6,1.2246467991473532e-16,-1.0,310.4,414.0,439.0,386.0,401.0
Atovic ,2023,7,-0.4999999999999997,-0.8660254037844388,312.1,401.0,444.0,380.6666666666667,382.0
Atovic ,2023,8,-0.8660254037844385,-0.5000000000000004,315.6,382.0,440.0,399.0,445.0
Atovic ,2023,9,-1.0,-1.8369701987210297e-16,318.9,445.0,419.0,409.3333333333333,635.0
Atovic ,2023,10,-0.8660254037844386,0.5000000000000001,320.5,635.0,652.0,487.3333333333333,500.0
Atovic ,2023,11,-0.5000000000000004,0.8660254037844384,322.1,500.0,468.0,526.6666666666666,591.0
Atovic ,2023,12,-2.4492935982947064e-16,1.0,324.5,591.0,500.0,575.3333333333334,507.0
Atovic ,2024,1,0.49999999999999994,0.8660254037844387,323.8,507.0,406.0,532.6666666666666,534.0
Atovic ,2024,2,0.8660254037844386,0.5000000000000001,318.2,534.0,434.0,544.0,424.0
Atovic ,2024,3,1.0,6.123233995736766e-17,310.5,424.0,417.0,488.3333333333333,546.0
Atovic ,2024,4,0.8660254037844387,-0.4999999999999998,305.1,546.0,327.0,501.3333333333333,591.0
Atovic ,2024,5,0.49999999999999994,-0.8660254037844387,302.4,591.0,414.0,520.3333333333334,508.0
Atovic ,2024,6,1.2246467991473532e-16,-1.0,300.8,508.0,401.0,548.3333333333334,623.0
Atovic ,2024,7,-0.4999999999999997,-0.8660254037844388,304.5,623.0,382.0,574.0,633.0
Atovic ,2024,8,-0.8660254037844385,-0.5000000000000004,302.1,633.0,445.0,588.0,533.0
Atovic ,2024,9,-1.0,-1.8369701987210297e-16,300.5,533.0,635.0,596.3333333333334,479.0
Atovic ,2024,10,-0.8660254037844386,0.5000000000000001,305.8,479.0,500.0,548.3333333333334,459.0
Atovic ,2024,11,-0.5000000000000004,0.8660254037844384,310.2,459.0,591.0,490.3333333333333,537.0
Atovic ,2024,12,-2.4492935982947064e-16,1.0,315.4,537.0,507.0,491.6666666666667,544.0
Atovic ,2025,1,0.49999999999999994,0.8660254037844387,320.1,544.0,534.0,513.3333333333334,459.0
Atovic ,2025,2,0.8660254037844386,0.5000000000000001,322.5,459.0,424.0,513.3333333333334,530.0
Atovic ,2025,3,1.0,6.123233995736766e-17,325.8,530.0,546.0,511.0,598.0
Atovic ,2025,4,0.8660254037844387,-0.4999999999999998,328.1,598.0,591.0,529.0,632.0
Atovic ,2025,5,0.49999999999999994,-0.8660254037844387,330.4,632.0,508.0,586.6666666666666,761.0
Atovic ,2025,6,1.2246467991473532e-16,-1.0,332.1,761.0,623.0,663.6666666666666,940.0
Atovic ,2025,7,-0.4999999999999997,-0.8660254037844388,335.2,940.0,633.0,777.6666666666666,1179.0
Atovic ,2025,8,-0.8660254037844385,-0.5000000000000004,338.5,1179.0,533.0,960.0,818.0
Atovic ,2025,9,-1.0,-1.8369701987210297e-16,340.2,818.0,479.0,979.0,283.0
Atovic ,2025,10,-0.8660254037844386,0.5000000000000001,342.1,283.0,459.0,760.0,328.0
Atovic ,2025,11,-0.5000000000000004,0.8660254037844384,345.5,328.0,537.0,476.3333333333333,712.0
Atovic ,2025,12,-2.4492935982947064e-16,1.0,348.9,712.0,544.0,441.0,166.0
Atovic ,2026,1,0.49999999999999994,0.8660254037844387,310.5,166.0,459.0,402.0,176.0
Bisovic ,2020,1,0.49999999999999994,0.8660254037844387,181.3,0.0,0.0,0.0,238.0
Bisovic ,2020,2,0.8660254037844386,0.5000000000000001,181.5,238.0,0.0,0.0,238.0
Bisovic ,2020,3,1.0,6.123233995736766e-17,185.3,238.0,0.0,0.0,278.0
Bisovic ,2020,4,0.8660254037844387,-0.4999999999999998,192.5,278.0,0.0,251.33333333333334,246.0
Bisovic ,2020,5,0.49999999999999994,-0.8660254037844387,188.2,246.0,0.0,254.0,351.0
Bisovic ,2020,6,1.2246467991473532e-16,-1.0,186.4,351.0,0.0,291.6666666666667,281.0
Bisovic ,2020,7,-0.4999999999999997,-0.8660254037844388,185.9,281.0,0.0,292.6666666666667,506.0
Bisovic ,2020,8,-0.8660254037844385,-0.5000000000000004,184.2,506.0,0.0,379.3333333333333,314.0
Bisovic ,2020,9,-1.0,-1.8369701987210297e-16,184.8,314.0,0.0,367.0,336.0
Bisovic ,2020,10,-0.8660254037844386,0.5000000000000001,184.5,336.0,0.0,385.3333333333333,267.0
Bisovic ,2020,11,-0.5000000000000004,0.8660254037844384,185.1,267.0,0.0,305.6666666666667,404.0
Bisovic ,2020,12,-2.4492935982947064e-16,1.0,186.7,404.0,0.0,335.6666666666667,357.0
Bisovic ,2021,1,0.49999999999999994,0.8660254037844387,190.2,357.0,238.0,342.6666666666667,309.0
Bisovic ,2021,2,0.8660254037844386,0.5000000000000001,194.5,309.0,238.0,356.6666666666667,241.0
Bisovic ,2021,3,1.0,6.123233995736766e-17,198.1,241.0,278.0,302.3333333333333,310.0
Bisovic ,2021,4,0.8660254037844387,-0.4999999999999998,201.3,310.0,246.0,286.6666666666667,264.0
Bisovic ,2021,5,0.49999999999999994,-0.8660254037844387,200.5,264.0,351.0,271.6666666666667,407.0
Bisovic ,2021,6,1.2246467991473532e-16,-1.0,201.8,407.0,281.0,327.0,385.0
Bisovic ,2021,7,-0.4999999999999997,-0.8660254037844388,202.4,385.0,506.0,352.0,356.0
Bisovic ,2021,8,-0.8660254037844385,-0.5000000000000004,203.1,356.0,314.0,382.6666666666667,246.0
Bisovic ,2021,9,-1.0,-1.8369701987210297e-16,203.5,246.0,336.0,329.0,304.0
Bisovic ,2021,10,-0.8660254037844386,0.5000000000000001,203.2,304.0,267.0,302.0,380.0
Bisovic ,2021,11,-0.5000000000000004,0.8660254037844384,203.8,380.0,404.0,310.0,397.0
Bisovic ,2021,12,-2.4492935982947064e-16,1.0,204.5,397.0,357.0,360.3333333333333,377.0
Bisovic ,2022,1,0.49999999999999994,0.8660254037844387,205.1,377.0,309.0,384.6666666666667,246.0
Bisovic ,2022,2,0.8660254037844386,0.5000000000000001,208.4,246.0,241.0,340.0,326.0
Bisovic ,2022,3,1.0,6.123233995736766e-17,290.5,326.0,310.0,316.3333333333333,370.0
Bisovic ,2022,4,0.8660254037844387,-0.4999999999999998,320.1,370.0,264.0,314.0,258.0
Bisovic ,2022,5,0.49999999999999994,-0.8660254037844387,355.4,258.0,407.0,318.0,345.0
Bisovic ,2022,6,1.2246467991473532e-16,-1.0,360.2,345.0,385.0,324.3333333333333,376.0
Bisovic ,2022,7,-0.4999999999999997,-0.8660254037844388,362.5,376.0,356.0,326.3333333333333,355.0
Bisovic ,2022,8,-0.8660254037844385,-0.5000000000000004,361.8,355.0,246.0,358.6666666666667,284.0
Bisovic ,2022,9,-1.0,-1.8369701987210297e-16,363.2,284.0,304.0,338.3333333333333,354.0
Bisovic ,2022,10,-0.8660254037844386,0.5000000000000001,365.1,354.0,380.0,331.0,345.0
Bisovic ,2022,11,-0.5000000000000004,0.8660254037844384,366.5,345.0,397.0,327.6666666666667,342.0
Bisovic ,2022,12,-2.4492935982947064e-16,1.0,368.2,342.0,377.0,347.0,311.0
Bisovic ,2023,1,0.49999999999999994,0.8660254037844387,365.4,311.0,246.0,332.6666666666667,309.0
Bisovic ,2023,2,0.8660254037844386,0.5000000000000001,362.1,309.0,326.0,320.6666666666667,327.0
Bisovic ,2023,3,1.0,6.123233995736766e-17,340.5,327.0,370.0,315.6666666666667,359.0
Bisovic ,2023,4,0.8660254037844387,-0.4999999999999998,325.2,359.0,258.0,331.6666666666667,334.0
Bisovic ,2023,5,0.49999999999999994,-0.8660254037844387,315.8,334.0,345.0,340.0,344.0
Bisovic ,2023,6,1.2246467991473532e-16,-1.0,310.4,344.0,376.0,345.6666666666667,387.0
Bisovic ,2023,7,-0.4999999999999997,-0.8660254037844388,312.1,387.0,355.0,355.0,295.0
Bisovic ,2023,8,-0.8660254037844385,-0.5000000000000004,315.6,295.0,284.0,342.0,427.0
Bisovic ,2023,9,-1.0,-1.8369701987210297e-16,318.9,427.0,354.0,369.6666666666667,394.0
Bisovic ,2023,10,-0.8660254037844386,0.5000000000000001,320.5,394.0,345.0,372.0,386.0
Bisovic ,2023,11,-0.5000000000000004,0.8660254037844384,322.1,386.0,342.0,402.3333333333333,428.0
Bisovic ,2023,12,-2.4492935982947064e-16,1.0,324.5,428.0,311.0,402.6666666666667,267.0
Bisovic ,2024,1,0.49999999999999994,0.8660254037844387,323.8,267.0,309.0,360.3333333333333,260.0
Bisovic ,2024,2,0.8660254037844386,0.5000000000000001,318.2,260.0,327.0,318.3333333333333,363.0
Bisovic ,2024,3,1.0,6.123233995736766e-17,310.5,363.0,359.0,296.6666666666667,355.0
Bisovic ,2024,4,0.8660254037844387,-0.4999999999999998,305.1,355.0,334.0,326.0,379.0
Bisovic ,2024,5,0.49999999999999994,-0.8660254037844387,302.4,379.0,344.0,365.6666666666667,361.0
Bisovic ,2024,6,1.2246467991473532e-16,-1.0,300.8,361.0,387.0,365.0,446.0
Bisovic ,2024,7,-0.4999999999999997,-0.8660254037844388,304.5,446.0,295.0,395.3333333333333,478.0
Bisovic ,2024,8,-0.8660254037844385,-0.5000000000000004,302.1,478.0,427.0,428.3333333333333,452.0
Bisovic ,2024,9,-1.0,-1.8369701987210297e-16,300.5,452.0,394.0,458.6666666666667,400.0
Bisovic ,2024,10,-0.8660254037844386,0.5000000000000001,305.8,400.0,386.0,443.3333333333333,296.0
Bisovic ,2024,11,-0.5000000000000004,0.8660254037844384,310.2,296.0,428.0,382.6666666666667,439.0
Bisovic ,2024,12,-2.4492935982947064e-16,1.0,315.4,439.0,267.0,378.3333333333333,454.0
Bisovic ,2025,1,0.49999999999999994,0.8660254037844387,320.1,454.0,260.0,396.3333333333333,407.0
Bisovic ,2025,2,0.8660254037844386,0.5000000000000001,322.5,407.0,363.0,433.3333333333333,323.0
Bisovic ,2025,3,1.0,6.123233995736766e-17,325.8,323.0,355.0,394.6666666666667,416.0
Bisovic ,2025,4,0.8660254037844387,-0.4999999999999998,328.1,416.0,379.0,382.0,444.0
Bisovic ,2025,5,0.49999999999999994,-0.8660254037844387,330.4,444.0,361.0,394.3333333333333,517.0
Bisovic ,2025,6,1.2246467991473532e-16,-1.0,332.1,517.0,446.0,459.0,143.0
Bisovic ,2025,7,-0.4999999999999997,-0.8660254037844388,335.2,143.0,478.0,368.0,525.0
Bisovic ,2025,8,-0.8660254037844385,-0.5000000000000004,338.5,525.0,452.0,395.0,118.0
Bisovic ,2025,9,-1.0,-1.8369701987210297e-16,340.2,118.0,400.0,262.0,468.0
Bisovic ,2025,10,-0.8660254037844386,0.5000000000000001,342.1,468.0,296.0,370.3333333333333,354.0
Bisovic ,2025,11,-0.5000000000000004,0.8660254037844384,345.5,354.0,439.0,313.3333333333333,765.0
Bisovic ,2025,12,-2.4492935982947064e-16,1.0,348.9,765.0,454.0,529.0,162.0
Bisovic ,2026,1,0.49999999999999994,0.8660254037844387,310.5,162.0,407.0,427.0,503.0
Concor  ,2020,1,0.49999999999999994,0.8660254037844387,181.3,0.0,0.0,0.0,474.0
Concor  ,2020,2,0.8660254037844386,0.5000000000000001,181.5,474.0,0.0,0.0,539.0
Concor  ,2020,3,1.0,6.123233995736766e-17,185.3,539.0,0.0,0.0,655.0
Concor  ,2020,4,0.8660254037844387,-0.4999999999999998,192.5,655.0,0.0,556.0,564.0
Concor  ,2020,5,0.49999999999999994,-0.8660254037844387,188.2,564.0,0.0,586.0,671.0
Concor  ,2020,6,1.2246467991473532e-16,-1.0,186.4,671.0,0.0,630.0,639.0
Concor  ,2020,7,-0.4999999999999997,-0.8660254037844388,185.9,639.0,0.0,624.6666666666666,749.0
Concor  ,2020,8,-0.8660254037844385,-0.5000000000000004,184.2,749.0,0.0,686.3333333333334,722.0
Concor  ,2020,9,-1.0,-1.8369701987210297e-16,184.8,722.0,0.0,703.3333333333334,591.0
Concor  ,2020,10,-0.8660254037844386,0.5000000000000001,184.5,591.0,0.0,687.3333333333334,617.0
Concor  ,2020,11,-0.5000000000000004,0.8660254037844384,185.1,617.0,0.0,643.3333333333334,714.0
Concor  ,2020,12,-2.4492935982947064e-16,1.0,186.7,714.0,0.0,640.6666666666666,632.0
Concor  ,2021,1,0.49999999999999994,0.8660254037844387,190.2,632.0,474.0,654.3333333333334,481.0
Concor  ,2021,2,0.8660254037844386,0.5000000000000001,194.5,481.0,539.0,609.0,667.0
Concor  ,2021,3,1.0,6.123233995736766e-17,198.1,667.0,655.0,593.3333333333334,534.0
Concor  ,2021,4,0.8660254037844387,-0.4999999999999998,201.3,534.0,564.0,560.6666666666666,813.0
Concor  ,2021,5,0.49999999999999994,-0.8660254037844387,200.5,813.0,671.0,671.3333333333334,800.0
Concor  ,2021,6,1.2246467991473532e-16,-1.0,201.8,800.0,639.0,715.6666666666666,739.0
Concor  ,2021,7,-0.4999999999999997,-0.8660254037844388,202.4,739.0,749.0,784.0,734.0
Concor  ,2021,8,-0.8660254037844385,-0.5000000000000004,203.1,734.0,722.0,757.6666666666666,689.0
Concor  ,2021,9,-1.0,-1.8369701987210297e-16,203.5,689.0,591.0,720.6666666666666,768.0
Concor  ,2021,10,-0.8660254037844386,0.5000000000000001,203.2,768.0,617.0,730.3333333333334,634.0
Concor  ,2021,11,-0.5000000000000004,0.8660254037844384,203.8,634.0,714.0,697.0,670.0
Concor  ,2021,12,-2.4492935982947064e-16,1.0,204.5,670.0,632.0,690.6666666666666,719.0
Concor  ,2022,1,0.49999999999999994,0.8660254037844387,205.1,719.0,481.0,674.3333333333334,578.0
Concor  ,2022,2,0.8660254037844386,0.5000000000000001,208.4,578.0,667.0,655.6666666666666,584.0
Concor  ,2022,3,1.0,6.123233995736766e-17,290.5,584.0,534.0,627.0,556.0
Concor  ,2022,4,0.8660254037844387,-0.4999999999999998,320.1,556.0,813.0,572.6666666666666,593.0
Concor  ,2022,5,0.49999999999999994,-0.8660254037844387,355.4,593.0,800.0,577.6666666666666,552.0
Concor  ,2022,6,1.2246467991473532e-16,-1.0,360.2,552.0,739.0,567.0,836.0
Concor  ,2022,7,-0.4999999999999997,-0.8660254037844388,362.5,836.0,734.0,660.3333333333334,995.0
Concor  ,2022,8,-0.8660254037844385,-0.5000000000000004,361.8,995.0,689.0,794.3333333333334,933.0
Concor  ,2022,9,-1.0,-1.8369701987210297e-16,363.2,933.0,768.0,921.3333333333334,576.0
Concor  ,2022,10,-0.8660254037844386,0.5000000000000001,365.1,576.0,634.0,834.6666666666666,791.0
Concor  ,2022,11,-0.5000000000000004,0.8660254037844384,366.5,791.0,670.0,766.6666666666666,847.0
Concor  ,2022,12,-2.4492935982947064e-16,1.0,368.2,847.0,719.0,738.0,624.0
Concor  ,2023,1,0.49999999999999994,0.8660254037844387,365.4,624.0,578.0,754.0,675.0
Concor  ,2023,2,0.8660254037844386,0.5000000000000001,362.1,675.0,584.0,715.3333333333334,502.0
Concor  ,2023,3,1.0,6.123233995736766e-17,340.5,502.0,556.0,600.3333333333334,732.0
Concor  ,2023,4,0.8660254037844387,-0.4999999999999998,325.2,732.0,593.0,636.3333333333334,628.0
Concor  ,2023,5,0.49999999999999994,-0.8660254037844387,315.8,628.0,552.0,620.6666666666666,793.0
Concor  ,2023,6,1.2246467991473532e-16,-1.0,310.4,793.0,836.0,717.6666666666666,628.0
Concor  ,2023,7,-0.4999999999999997,-0.8660254037844388,312.1,628.0,995.0,683.0,871.0
Concor  ,2023,8,-0.8660254037844385,-0.5000000000000004,315.6,871.0,933.0,764.0,930.0
Concor  ,2023,9,-1.0,-1.8369701987210297e-16,318.9,930.0,576.0,809.6666666666666,692.0
Concor  ,2023,10,-0.8660254037844386,0.5000000000000001,320.5,692.0,791.0,831.0,633.0
Concor  ,2023,11,-0.5000000000000004,0.8660254037844384,322.1,633.0,847.0,751.6666666666666,524.0
Concor  ,2023,12,-2.4492935982947064e-16,1.0,324.5,524.0,624.0,616.3333333333334,680.0
Concor  ,2024,1,0.49999999999999994,0.8660254037844387,323.8,680.0,675.0,612.3333333333334,645.0
Concor  ,2024,2,0.8660254037844386,0.5000000000000001,318.2,645.0,502.0,616.3333333333334,569.0
Concor  ,2024,3,1.0,6.123233995736766e-17,310.5,569.0,732.0,631.3333333333334,797.0
Concor  ,2024,4,0.8660254037844387,-0.4999999999999998,305.1,797.0,628.0,670.3333333333334,729.0
Concor  ,2024,5,0.49999999999999994,-0.8660254037844387,302.4,729.0,793.0,698.3333333333334,693.0
Concor  ,2024,6,1.2246467991473532e-16,-1.0,300.8,693.0,628.0,739.6666666666666,773.0
Concor  ,2024,7,-0.4999999999999997,-0.8660254037844388,304.5,773.0,871.0,731.6666666666666,999.0
Concor  ,2024,8,-0.8660254037844385,-0.5000000000000004,302.1,999.0,930.0,821.6666666666666,924.0
Concor  ,2024,9,-1.0,-1.8369701987210297e-16,300.5,924.0,692.0,898.6666666666666,808.0
Concor  ,2024,10,-0.8660254037844386,0.5000000000000001,305.8,808.0,633.0,910.3333333333334,872.0
Concor  ,2024,11,-0.5000000000000004,0.8660254037844384,310.2,872.0,524.0,868.0,645.0
Concor  ,2024,12,-2.4492935982947064e-16,1.0,315.4,645.0,680.0,775.0,752.0
Concor  ,2025,1,0.49999999999999994,0.8660254037844387,320.1,752.0,645.0,756.3333333333334,762.0
Concor  ,2025,2,0.8660254037844386,0.5000000000000001,322.5,762.0,569.0,719.6666666666666,708.0
Concor  ,2025,3,1.0,6.123233995736766e-17,325.8,708.0,797.0,740.6666666666666,842.0
Concor  ,2025,4,0.8660254037844387,-0.4999999999999998,328.1,842.0,729.0,770.6666666666666,734.0
Concor  ,2025,5,0.49999999999999994,-0.8660254037844387,330.4,734.0,693.0,761.3333333333334,931.0
Concor  ,2025,6,1.2246467991473532e-16,-1.0,332.1,931.0,773.0,835.6666666666666,1504.0
Concor  ,2025,7,-0.4999999999999997,-0.8660254037844388,335.2,1504.0,999.0,1056.3333333333333,2241.0
Concor  ,2025,8,-0.8660254037844385,-0.5000000000000004,338.5,2241.0,924.0,1558.6666666666667,617.0
Concor  ,2025,9,-1.0,-1.8369701987210297e-16,340.2,617.0,808.0,1454.0,764.0
Concor  ,2025,10,-0.8660254037844386,0.5000000000000001,342.1,764.0,872.0,1207.3333333333333,343.0
Concor  ,2025,11,-0.5000000000000004,0.8660254037844384,345.5,343.0,645.0,574.6666666666666,104.0
Concor  ,2025,12,-2.4492935982947064e-16,1.0,348.9,104.0,752.0,403.6666666666667,823.0
Concor  ,2026,1,0.49999999999999994,0.8660254037844387,310.5,823.0,762.0,423.3333333333333,507.0
Diamicron-MR,2020,1,0.49999999999999994,0.8660254037844387,181.3,0.0,0.0,0.0,3974.0
Diamicron-MR,2020,2,0.8660254037844386,0.5000000000000001,181.5,3974.0,0.0,0.0,4589.0
Diamicron-MR,2020,3,1.0,6.123233995736766e-17,185.3,4589.0,0.0,0.0,5589.0
Diamicron-MR,2020,4,0.8660254037844387,-0.4999999999999998,192.5,5589.0,0.0,4717.333333333333,5543.0
Diamicron-MR,2020,5,0.49999999999999994,-0.8660254037844387,188.2,5543.0,0.0,5240.333333333333,5071.0
Diamicron-MR,2020,6,1.2246467991473532e-16,-1.0,186.4,5071.0,0.0,5401.0,5340.0
Diamicron-MR,2020,7,-0.4999999999999997,-0.8660254037844388,185.9,5340.0,0.0,5318.0,4413.0
Diamicron-MR,2020,8,-0.8660254037844385,-0.5000000000000004,184.2,4413.0,0.0,4941.333333333333,5115.0
Diamicron-MR,2020,9,-1.0,-1.8369701987210297e-16,184.8,5115.0,0.0,4956.0,4917.0
Diamicron-MR,2020,10,-0.8660254037844386,0.5000000000000001,184.5,4917.0,0.0,4815.0,5102.0
Diamicron-MR,2020,11,-0.5000000000000004,0.8660254037844384,185.1,5102.0,0.0,5044.666666666667,4403.0
Diamicron-MR,2020,12,-2.4492935982947064e-16,1.0,186.7,4403.0,0.0,4807.333333333333,5082.0
Diamicron-MR,2021,1,0.49999999999999994,0.8660254037844387,190.2,5082.0,3974.0,4862.333333333333,5581.0
Diamicron-MR,2021,2,0.8660254037844386,0.5000000000000001,194.5,5581.0,4589.0,5022.0,5071.0
Diamicron-MR,2021,3,1.0,6.123233995736766e-17,198.1,5071.0,5589.0,5244.666666666667,5455.0
Diamicron-MR,2021,4,0.8660254037844387,-0.4999999999999998,201.3,5455.0,5543.0,5369.0,5447.0
Diamicron-MR,2021,5,0.49999999999999994,-0.8660254037844387,200.5,5447.0,5071.0,5324.333333333333,5583.0
Diamicron-MR,2021,6,1.2246467991473532e-16,-1.0,201.8,5583.0,5340.0,5495.0,5087.0
Diamicron-MR,2021,7,-0.4999999999999997,-0.8660254037844388,202.4,5087.0,4413.0,5372.333333333333,5917.0
Diamicron-MR,2021,8,-0.8660254037844385,-0.5000000000000004,203.1,5917.0,5115.0,5529.0,5435.0
Diamicron-MR,2021,9,-1.0,-1.8369701987210297e-16,203.5,5435.0,4917.0,5479.666666666667,7289.0
Diamicron-MR,2021,10,-0.8660254037844386,0.5000000000000001,203.2,7289.0,5102.0,6213.666666666667,6491.0
Diamicron-MR,2021,11,-0.5000000000000004,0.8660254037844384,203.8,6491.0,4403.0,6405.0,5276.0
Diamicron-MR,2021,12,-2.4492935982947064e-16,1.0,204.5,5276.0,5082.0,6352.0,4394.0
Diamicron-MR,2022,1,0.49999999999999994,0.8660254037844387,205.1,4394.0,5581.0,5387.0,4222.0
Diamicron-MR,2022,2,0.8660254037844386,0.5000000000000001,208.4,4222.0,5071.0,4630.666666666667,6163.0
Diamicron-MR,2022,3,1.0,6.123233995736766e-17,290.5,6163.0,5455.0,4926.333333333333,5601.0
Diamicron-MR,2022,4,0.8660254037844387,-0.4999999999999998,320.1,5601.0,5447.0,5328.666666666667,6042.0
Diamicron-MR,2022,5,0.49999999999999994,-0.8660254037844387,355.4,6042.0,5583.0,5935.333333333333,4471.0
Diamicron-MR,2022,6,1.2246467991473532e-16,-1.0,360.2,4471.0,5087.0,5371.333333333333,6778.0
Diamicron-MR,2022,7,-0.4999999999999997,-0.8660254037844388,362.5,6778.0,5917.0,5763.666666666667,6285.0
Diamicron-MR,2022,8,-0.8660254037844385,-0.5000000000000004,361.8,6285.0,5435.0,5844.666666666667,4858.0
Diamicron-MR,2022,9,-1.0,-1.8369701987210297e-16,363.2,4858.0,7289.0,5973.666666666667,5162.0
Diamicron-MR,2022,10,-0.8660254037844386,0.5000000000000001,365.1,5162.0,6491.0,5435.0,5549.0
Diamicron-MR,2022,11,-0.5000000000000004,0.8660254037844384,366.5,5549.0,5276.0,5189.666666666667,5221.0
Diamicron-MR,2022,12,-2.4492935982947064e-16,1.0,368.2,5221.0,4394.0,5310.666666666667,4906.0
Diamicron-MR,2023,1,0.49999999999999994,0.8660254037844387,365.4,4906.0,4222.0,5225.333333333333,5111.0
Diamicron-MR,2023,2,0.8660254037844386,0.5000000000000001,362.1,5111.0,6163.0,5079.333333333333,5164.0
Diamicron-MR,2023,3,1.0,6.123233995736766e-17,340.5,5164.0,5601.0,5060.333333333333,5732.0
Diamicron-MR,2023,4,0.8660254037844387,-0.4999999999999998,325.2,5732.0,6042.0,5335.666666666667,7294.0
Diamicron-MR,2023,5,0.49999999999999994,-0.8660254037844387,315.8,7294.0,4471.0,6063.333333333333,4112.0
Diamicron-MR,2023,6,1.2246467991473532e-16,-1.0,310.4,4112.0,6778.0,5712.666666666667,5922.0
Diamicron-MR,2023,7,-0.4999999999999997,-0.8660254037844388,312.1,5922.0,6285.0,5776.0,6272.0
Diamicron-MR,2023,8,-0.8660254037844385,-0.5000000000000004,315.6,6272.0,4858.0,5435.333333333333,6241.0
Diamicron-MR,2023,9,-1.0,-1.8369701987210297e-16,318.9,6241.0,5162.0,6145.0,5451.0
Diamicron-MR,2023,10,-0.8660254037844386,0.5000000000000001,320.5,5451.0,5549.0,5988.0,4264.0
Diamicron-MR,2023,11,-0.5000000000000004,0.8660254037844384,322.1,4264.0,5221.0,5318.666666666667,5662.0
Diamicron-MR,2023,12,-2.4492935982947064e-16,1.0,324.5,5662.0,4906.0,5125.666666666667,6911.0
Diamicron-MR,2024,1,0.49999999999999994,0.8660254037844387,323.8,6911.0,5111.0,5612.333333333333,4290.0
Diamicron-MR,2024,2,0.8660254037844386,0.5000000000000001,318.2,4290.0,5164.0,5621.0,6352.0
Diamicron-MR,2024,3,1.0,6.123233995736766e-17,310.5,6352.0,5732.0,5851.0,5548.0
Diamicron-MR,2024,4,0.8660254037844387,-0.4999999999999998,305.1,5548.0,7294.0,5396.666666666667,6030.0
Diamicron-MR,2024,5,0.49999999999999994,-0.8660254037844387,302.4,6030.0,4112.0,5976.666666666667,5369.0
Diamicron-MR,2024,6,1.2246467991473532e-16,-1.0,300.8,5369.0,5922.0,5649.0,6072.0
Diamicron-MR,2024,7,-0.4999999999999997,-0.8660254037844388,304.5,6072.0,6272.0,5823.666666666667,7723.0
Diamicron-MR,2024,8,-0.8660254037844385,-0.5000000000000004,302.1,7723.0,6241.0,6388.0,6779.0
Diamicron-MR,2024,9,-1.0,-1.8369701987210297e-16,300.5,6779.0,5451.0,6858.0,7777.0
Diamicron-MR,2024,10,-0.8660254037844386,0.5000000000000001,305.8,7777.0,4264.0,7426.333333333333,6890.0
Diamicron-MR,2024,11,-0.5000000000000004,0.8660254037844384,310.2,6890.0,5662.0,7148.666666666667,5990.0
Diamicron-MR,2024,12,-2.4492935982947064e-16,1.0,315.4,5990.0,6911.0,6885.666666666667,7208.0
Diamicron-MR,2025,1,0.49999999999999994,0.8660254037844387,320.1,7208.0,4290.0,6696.0,6001.0
Diamicron-MR,2025,2,0.8660254037844386,0.5000000000000001,322.5,6001.0,6352.0,6399.666666666667,6573.0
Diamicron-MR,2025,3,1.0,6.123233995736766e-17,325.8,6573.0,5548.0,6594.0,5800.0
Diamicron-MR,2025,4,0.8660254037844387,-0.4999999999999998,328.1,5800.0,6030.0,6124.666666666667,6395.0
Diamicron-MR,2025,5,0.49999999999999994,-0.8660254037844387,330.4,6395.0,5369.0,6256.0,5892.0
Diamicron-MR,2025,6,1.2246467991473532e-16,-1.0,332.1,5892.0,6072.0,6029.0,9755.0
Diamicron-MR,2025,7,-0.4999999999999997,-0.8660254037844388,335.2,9755.0,7723.0,7347.333333333333,8545.0
Diamicron-MR,2025,8,-0.8660254037844385,-0.5000000000000004,338.5,8545.0,6779.0,8064.0,5141.0
Diamicron-MR,2025,9,-1.0,-1.8369701987210297e-16,340.2,5141.0,7777.0,7813.666666666667,7903.0
Diamicron-MR,2025,10,-0.8660254037844386,0.5000000000000001,342.1,7903.0,6890.0,7196.333333333333,7512.0
Diamicron-MR,2025,11,-0.5000000000000004,0.8660254037844384,345.5,7512.0,5990.0,6852.0,4037.0
Diamicron-MR,2025,12,-2.4492935982947064e-16,1.0,348.9,4037.0,7208.0,6484.0,2665.0
Diamicron-MR,2026,1,0.49999999999999994,0.8660254037844387,310.5,2665.0,6001.0,4738.0,6814.0
Diatica,2020,1,0.49999999999999994,0.8660254037844387,181.3,0.0,0.0,0.0,2386.0
Diatica,2020,2,0.8660254037844386,0.5000000000000001,181.5,2386.0,0.0,0.0,2688.0
Diatica,2020,3,1.0,6.123233995736766e-17,185.3,2688.0,0.0,0.0,3025.0
Diatica,2020,4,0.8660254037844387,-0.4999999999999998,192.5,3025.0,0.0,2699.6666666666665,2829.0
Diatica,2020,5,0.49999999999999994,-0.8660254037844387,188.2,2829.0,0.0,2847.3333333333335,1893.0
Diatica,2020,6,1.2246467991473532e-16,-1.0,186.4,1893.0,0.0,2582.3333333333335,2916.0
Diatica,2020,7,-0.4999999999999997,-0.8660254037844388,185.9,2916.0,0.0,2546.0,2931.0
Diatica,2020,8,-0.8660254037844385,-0.5000000000000004,184.2,2931.0,0.0,2580.0,3173.0
Diatica,2020,9,-1.0,-1.8369701987210297e-16,184.8,3173.0,0.0,3006.6666666666665,3837.0
Diatica,2020,10,-0.8660254037844386,0.5000000000000001,184.5,3837.0,0.0,3313.6666666666665,2187.0
Diatica,2020,11,-0.5000000000000004,0.8660254037844384,185.1,2187.0,0.0,3065.6666666666665,2654.0
Diatica,2020,12,-2.4492935982947064e-16,1.0,186.7,2654.0,0.0,2892.6666666666665,3049.0
Diatica,2021,1,0.49999999999999994,0.8660254037844387,190.2,3049.0,2386.0,2630.0,2117.0
Diatica,2021,2,0.8660254037844386,0.5000000000000001,194.5,2117.0,2688.0,2606.6666666666665,3255.0
Diatica,2021,3,1.0,6.123233995736766e-17,198.1,3255.0,3025.0,2807.0,2734.0
Diatica,2021,4,0.8660254037844387,-0.4999999999999998,201.3,2734.0,2829.0,2702.0,2981.0
Diatica,2021,5,0.49999999999999994,-0.8660254037844387,200.5,2981.0,1893.0,2990.0,2492.0
Diatica,2021,6,1.2246467991473532e-16,-1.0,201.8,2492.0,2916.0,2735.6666666666665,3201.0
Diatica,2021,7,-0.4999999999999997,-0.8660254037844388,202.4,3201.0,2931.0,2891.3333333333335,3461.0
Diatica,2021,8,-0.8660254037844385,-0.5000000000000004,203.1,3461.0,3173.0,3051.3333333333335,3140.0
Diatica,2021,9,-1.0,-1.8369701987210297e-16,203.5,3140.0,3837.0,3267.3333333333335,3171.0
Diatica,2021,10,-0.8660254037844386,0.5000000000000001,203.2,3171.0,2187.0,3257.3333333333335,3156.0
Diatica,2021,11,-0.5000000000000004,0.8660254037844384,203.8,3156.0,2654.0,3155.6666666666665,2590.0
Diatica,2021,12,-2.4492935982947064e-16,1.0,204.5,2590.0,3049.0,2972.3333333333335,2775.0
Diatica,2022,1,0.49999999999999994,0.8660254037844387,205.1,2775.0,2117.0,2840.3333333333335,2667.0
Diatica,2022,2,0.8660254037844386,0.5000000000000001,208.4,2667.0,3255.0,2677.3333333333335,2810.0
Diatica,2022,3,1.0,6.123233995736766e-17,290.5,2810.0,2734.0,2750.6666666666665,3056.0
Diatica,2022,4,0.8660254037844387,-0.4999999999999998,320.1,3056.0,2981.0,2844.3333333333335,2278.0
Diatica,2022,5,0.49999999999999994,-0.8660254037844387,355.4,2278.0,2492.0,2714.6666666666665,2710.0
Diatica,2022,6,1.2246467991473532e-16,-1.0,360.2,2710.0,3201.0,2681.3333333333335,3598.0
Diatica,2022,7,-0.4999999999999997,-0.8660254037844388,362.5,3598.0,3461.0,2862.0,2682.0
Diatica,2022,8,-0.8660254037844385,-0.5000000000000004,361.8,2682.0,3140.0,2996.6666666666665,2726.0
Diatica,2022,9,-1.0,-1.8369701987210297e-16,363.2,2726.0,3171.0,3002.0,3210.0
Diatica,2022,10,-0.8660254037844386,0.5000000000000001,365.1,3210.0,3156.0,2872.6666666666665,3498.0
Diatica,2022,11,-0.5000000000000004,0.8660254037844384,366.5,3498.0,2590.0,3144.6666666666665,3003.0
Diatica,2022,12,-2.4492935982947064e-16,1.0,368.2,3003.0,2775.0,3237.0,3522.0
Diatica,2023,1,0.49999999999999994,0.8660254037844387,365.4,3522.0,2667.0,3341.0,3155.0
Diatica,2023,2,0.8660254037844386,0.5000000000000001,362.1,3155.0,2810.0,3226.6666666666665,3060.0
Diatica,2023,3,1.0,6.123233995736766e-17,340.5,3060.0,3056.0,3245.6666666666665,2907.0
Diatica,2023,4,0.8660254037844387,-0.4999999999999998,325.2,2907.0,2278.0,3040.6666666666665,3849.0
Diatica,2023,5,0.49999999999999994,-0.8660254037844387,315.8,3849.0,2710.0,3272.0,2722.0
Diatica,2023,6,1.2246467991473532e-16,-1.0,310.4,2722.0,3598.0,3159.3333333333335,2169.0
Diatica,2023,7,-0.4999999999999997,-0.8660254037844388,312.1,2169.0,2682.0,2913.3333333333335,3879.0
Diatica,2023,8,-0.8660254037844385,-0.5000000000000004,315.6,3879.0,2726.0,2923.3333333333335,2927.0
Diatica,2023,9,-1.0,-1.8369701987210297e-16,318.9,2927.0,3210.0,2991.6666666666665,3218.0
Diatica,2023,10,-0.8660254037844386,0.5000000000000001,320.5,3218.0,3498.0,3341.3333333333335,3814.0
Diatica,2023,11,-0.5000000000000004,0.8660254037844384,322.1,3814.0,3003.0,3319.6666666666665,2397.0
Diatica,2023,12,-2.4492935982947064e-16,1.0,324.5,2397.0,3522.0,3143.0,2432.0
Diatica,2024,1,0.49999999999999994,0.8660254037844387,323.8,2432.0,3155.0,2881.0,2219.0
Diatica,2024,2,0.8660254037844386,0.5000000000000001,318.2,2219.0,3060.0,2349.3333333333335,2435.0
Diatica,2024,3,1.0,6.123233995736766e-17,310.5,2435.0,2907.0,2362.0,2906.0
Diatica,2024,4,0.8660254037844387,-0.4999999999999998,305.1,2906.0,3849.0,2520.0,2986.0
Diatica,2024,5,0.49999999999999994,-0.8660254037844387,302.4,2986.0,2722.0,2775.6666666666665,2976.0
Diatica,2024,6,1.2246467991473532e-16,-1.0,300.8,2976.0,2169.0,2956.0,2410.0
Diatica,2024,7,-0.4999999999999997,-0.8660254037844388,304.5,2410.0,3879.0,2790.6666666666665,2192.0
Diatica,2024,8,-0.8660254037844385,-0.5000000000000004,302.1,2192.0,2927.0,2526.0,3214.0
Diatica,2024,9,-1.0,-1.8369701987210297e-16,300.5,3214.0,3218.0,2605.3333333333335,3000.0
Diatica,2024,10,-0.8660254037844386,0.5000000000000001,305.8,3000.0,3814.0,2802.0,3414.0
Diatica,2024,11,-0.5000000000000004,0.8660254037844384,310.2,3414.0,2397.0,3209.3333333333335,3445.0
Diatica,2024,12,-2.4492935982947064e-16,1.0,315.4,3445.0,2432.0,3286.3333333333335,3046.0
Diatica,2025,1,0.49999999999999994,0.8660254037844387,320.1,3046.0,2219.0,3301.6666666666665,3216.0
Diatica,2025,2,0.8660254037844386,0.5000000000000001,322.5,3216.0,2435.0,3235.6666666666665,2887.0
Diatica,2025,3,1.0,6.123233995736766e-17,325.8,2887.0,2906.0,3049.6666666666665,2995.0
Diatica,2025,4,0.8660254037844387,-0.4999999999999998,328.1,2995.0,2986.0,3032.6666666666665,2526.0
Diatica,2025,5,0.49999999999999994,-0.8660254037844387,330.4,2526.0,2976.0,2802.6666666666665,2826.0
Diatica,2025,6,1.2246467991473532e-16,-1.0,332.1,2826.0,2410.0,2782.3333333333335,3672.0
Diatica,2025,7,-0.4999999999999997,-0.8660254037844388,335.2,3672.0,2192.0,3008.0,2403.0
Diatica,2025,8,-0.8660254037844385,-0.5000000000000004,338.5,2403.0,3214.0,2967.0,2771.0
Diatica,2025,9,-1.0,-1.8369701987210297e-16,340.2,2771.0,3000.0,2948.6666666666665,6084.0
Diatica,2025,10,-0.8660254037844386,0.5000000000000001,342.1,6084.0,3414.0,3752.6666666666665,1032.0
Diatica,2025,11,-0.5000000000000004,0.8660254037844384,345.5,1032.0,3445.0,3295.6666666666665,1209.0
Diatica,2025,12,-2.4492935982947064e-16,1.0,348.9,1209.0,3046.0,2775.0,5379.0
Diatica,2026,1,0.49999999999999994,0.8660254037844387,310.5,5379.0,3216.0,2540.0,3485.0
Enam ,2020,1,0.49999999999999994,0.8660254037844387,181.3,0.0,0.0,0.0,194.0
Enam ,2020,2,0.8660254037844386,0.5000000000000001,181.5,194.0,0.0,0.0,150.0
Enam ,2020,3,1.0,6.123233995736766e-17,185.3,150.0,0.0,0.0,180.0
Enam ,2020,4,0.8660254037844387,-0.4999999999999998,192.5,180.0,0.0,174.66666666666666,228.0
Enam ,2020,5,0.49999999999999994,-0.8660254037844387,188.2,228.0,0.0,186.0,193.0
Enam ,2020,6,1.2246467991473532e-16,-1.0,186.4,193.0,0.0,200.33333333333334,181.0
Enam ,2020,7,-0.4999999999999997,-0.8660254037844388,185.9,181.0,0.0,200.66666666666666,233.0
Enam ,2020,8,-0.8660254037844385,-0.5000000000000004,184.2,233.0,0.0,202.33333333333334,155.0
Enam ,2020,9,-1.0,-1.8369701987210297e-16,184.8,155.0,0.0,189.66666666666666,156.0
Enam ,2020,10,-0.8660254037844386,0.5000000000000001,184.5,156.0,0.0,181.33333333333334,179.0
Enam ,2020,11,-0.5000000000000004,0.8660254037844384,185.1,179.0,0.0,163.33333333333334,186.0
Enam ,2020,12,-2.4492935982947064e-16,1.0,186.7,186.0,0.0,173.66666666666666,195.0
Enam ,2021,1,0.49999999999999994,0.8660254037844387,190.2,195.0,194.0,186.66666666666666,216.0
Enam ,2021,2,0.8660254037844386,0.5000000000000001,194.5,216.0,150.0,199.0,202.0
Enam ,2021,3,1.0,6.123233995736766e-17,198.1,202.0,180.0,204.33333333333334,218.0
Enam ,2021,4,0.8660254037844387,-0.4999999999999998,201.3,218.0,228.0,212.0,197.0
Enam ,2021,5,0.49999999999999994,-0.8660254037844387,200.5,197.0,193.0,205.66666666666666,205.0
Enam ,2021,6,1.2246467991473532e-16,-1.0,201.8,205.0,181.0,206.66666666666666,201.0
Enam ,2021,7,-0.4999999999999997,-0.8660254037844388,202.4,201.0,233.0,201.0,197.0
Enam ,2021,8,-0.8660254037844385,-0.5000000000000004,203.1,197.0,155.0,201.0,206.0
Enam ,2021,9,-1.0,-1.8369701987210297e-16,203.5,206.0,156.0,201.33333333333334,193.0
Enam ,2021,10,-0.8660254037844386,0.5000000000000001,203.2,193.0,179.0,198.66666666666666,176.0
Enam ,2021,11,-0.5000000000000004,0.8660254037844384,203.8,176.0,186.0,191.66666666666666,157.0
Enam ,2021,12,-2.4492935982947064e-16,1.0,204.5,157.0,195.0,175.33333333333334,185.0
Enam ,2022,1,0.49999999999999994,0.8660254037844387,205.1,185.0,216.0,172.66666666666666,190.0
Enam ,2022,2,0.8660254037844386,0.5000000000000001,208.4,190.0,202.0,177.33333333333334,204.0
Enam ,2022,3,1.0,6.123233995736766e-17,290.5,204.0,218.0,193.0,284.0
Enam ,2022,4,0.8660254037844387,-0.4999999999999998,320.1,284.0,197.0,226.0,191.0
Enam ,2022,5,0.49999999999999994,-0.8660254037844387,355.4,191.0,205.0,226.33333333333334,219.0
Enam ,2022,6,1.2246467991473532e-16,-1.0,360.2,219.0,201.0,231.33333333333334,235.0
Enam ,2022,7,-0.4999999999999997,-0.8660254037844388,362.5,235.0,197.0,215.0,195.0
Enam ,2022,8,-0.8660254037844385,-0.5000000000000004,361.8,195.0,206.0,216.33333333333334,263.0
Enam ,2022,9,-1.0,-1.8369701987210297e-16,363.2,263.0,193.0,231.0,169.0
Enam ,2022,10,-0.8660254037844386,0.5000000000000001,365.1,169.0,176.0,209.0,186.0
Enam ,2022,11,-0.5000000000000004,0.8660254037844384,366.5,186.0,157.0,206.0,159.0
Enam ,2022,12,-2.4492935982947064e-16,1.0,368.2,159.0,185.0,171.33333333333334,175.0
Enam ,2023,1,0.49999999999999994,0.8660254037844387,365.4,175.0,190.0,173.33333333333334,200.0
Enam ,2023,2,0.8660254037844386,0.5000000000000001,362.1,200.0,204.0,178.0,227.0
Enam ,2023,3,1.0,6.123233995736766e-17,340.5,227.0,284.0,200.66666666666666,216.0
Enam ,2023,4,0.8660254037844387,-0.4999999999999998,325.2,216.0,191.0,214.33333333333334,252.0
Enam ,2023,5,0.49999999999999994,-0.8660254037844387,315.8,252.0,219.0,231.66666666666666,204.0
Enam ,2023,6,1.2246467991473532e-16,-1.0,310.4,204.0,235.0,224.0,192.0
Enam ,2023,7,-0.4999999999999997,-0.8660254037844388,312.1,192.0,195.0,216.0,292.0
Enam ,2023,8,-0.8660254037844385,-0.5000000000000004,315.6,292.0,263.0,229.33333333333334,198.0
Enam ,2023,9,-1.0,-1.8369701987210297e-16,318.9,198.0,169.0,227.33333333333334,163.0
Enam ,2023,10,-0.8660254037844386,0.5000000000000001,320.5,163.0,186.0,217.66666666666666,161.0
Enam ,2023,11,-0.5000000000000004,0.8660254037844384,322.1,161.0,159.0,174.0,157.0
Enam ,2023,12,-2.4492935982947064e-16,1.0,324.5,157.0,175.0,160.33333333333334,215.0
Enam ,2024,1,0.49999999999999994,0.8660254037844387,323.8,215.0,200.0,177.66666666666666,184.0
Enam ,2024,2,0.8660254037844386,0.5000000000000001,318.2,184.0,227.0,185.33333333333334,206.0
Enam ,2024,3,1.0,6.123233995736766e-17,310.5,206.0,216.0,201.66666666666666,206.0
Enam ,2024,4,0.8660254037844387,-0.4999999999999998,305.1,206.0,252.0,198.66666666666666,235.0
Enam ,2024,5,0.49999999999999994,-0.8660254037844387,302.4,235.0,204.0,215.66666666666666,184.0
Enam ,2024,6,1.2246467991473532e-16,-1.0,300.8,184.0,192.0,208.33333333333334,174.0
Enam ,2024,7,-0.4999999999999997,-0.8660254037844388,304.5,174.0,292.0,197.66666666666666,203.0
Enam ,2024,8,-0.8660254037844385,-0.5000000000000004,302.1,203.0,198.0,187.0,206.0
Enam ,2024,9,-1.0,-1.8369701987210297e-16,300.5,206.0,163.0,194.33333333333334,192.0
Enam ,2024,10,-0.8660254037844386,0.5000000000000001,305.8,192.0,161.0,200.33333333333334,160.0
Enam ,2024,11,-0.5000000000000004,0.8660254037844384,310.2,160.0,157.0,186.0,202.0
Enam ,2024,12,-2.4492935982947064e-16,1.0,315.4,202.0,215.0,184.66666666666666,168.0
Enam ,2025,1,0.49999999999999994,0.8660254037844387,320.1,168.0,184.0,176.66666666666666,182.0
Enam ,2025,2,0.8660254037844386,0.5000000000000001,322.5,182.0,206.0,184.0,177.0
Enam ,2025,3,1.0,6.123233995736766e-17,325.8,177.0,206.0,175.66666666666666,256.0
Enam ,2025,4,0.8660254037844387,-0.4999999999999998,328.1,256.0,235.0,205.0,234.0
Enam ,2025,5,0.49999999999999994,-0.8660254037844387,330.4,234.0,184.0,222.33333333333334,232.0
Enam ,2025,6,1.2246467991473532e-16,-1.0,332.1,232.0,174.0,240.66666666666666,518.0
Enam ,2025,7,-0.4999999999999997,-0.8660254037844388,335.2,518.0,203.0,328.0,133.0
Enam ,2025,8,-0.8660254037844385,-0.5000000000000004,338.5,133.0,206.0,294.3333333333333,79.0
Enam ,2025,9,-1.0,-1.8369701987210297e-16,340.2,79.0,192.0,243.33333333333334,63.0
Enam ,2025,10,-0.8660254037844386,0.5000000000000001,342.1,63.0,160.0,91.66666666666667,208.0
Enam ,2025,11,-0.5000000000000004,0.8660254037844384,345.5,208.0,202.0,116.66666666666667,295.0
Enam ,2025,12,-2.4492935982947064e-16,1.0,348.9,295.0,168.0,188.66666666666666,154.0
Enam ,2026,1,0.49999999999999994,0.8660254037844387,310.5,154.0,182.0,219.0,261.0
Envas ,2020,1,0.49999999999999994,0.8660254037844387,181.3,0.0,0.0,0.0,546.0
Envas ,2020,2,0.8660254037844386,0.5000000000000001,181.5,546.0,0.0,0.0,495.0
Envas ,2020,3,1.0,6.123233995736766e-17,185.3,495.0,0.0,0.0,585.0
Envas ,2020,4,0.8660254037844387,-0.4999999999999998,192.5,585.0,0.0,542.0,559.0
Envas ,2020,5,0.49999999999999994,-0.8660254037844387,188.2,559.0,0.0,546.3333333333334,506.0
Envas ,2020,6,1.2246467991473532e-16,-1.0,186.4,506.0,0.0,550.0,441.0
Envas ,2020,7,-0.4999999999999997,-0.8660254037844388,185.9,441.0,0.0,502.0,508.0
Envas ,2020,8,-0.8660254037844385,-0.5000000000000004,184.2,508.0,0.0,485.0,507.0
Envas ,2020,9,-1.0,-1.8369701987210297e-16,184.8,507.0,0.0,485.3333333333333,438.0
Envas ,2020,10,-0.8660254037844386,0.5000000000000001,184.5,438.0,0.0,484.3333333333333,452.0
Envas ,2020,11,-0.5000000000000004,0.8660254037844384,185.1,452.0,0.0,465.6666666666667,644.0
Envas ,2020,12,-2.4492935982947064e-16,1.0,186.7,644.0,0.0,511.3333333333333,415.0
Envas ,2021,1,0.49999999999999994,0.8660254037844387,190.2,415.0,546.0,503.6666666666667,644.0
Envas ,2021,2,0.8660254037844386,0.5000000000000001,194.5,644.0,495.0,567.6666666666666,579.0
Envas ,2021,3,1.0,6.123233995736766e-17,198.1,579.0,585.0,546.0,742.0
Envas ,2021,4,0.8660254037844387,-0.4999999999999998,201.3,742.0,559.0,655.0,550.0
Envas ,2021,5,0.49999999999999994,-0.8660254037844387,200.5,550.0,506.0,623.6666666666666,635.0
Envas ,2021,6,1.2246467991473532e-16,-1.0,201.8,635.0,441.0,642.3333333333334,533.0
Envas ,2021,7,-0.4999999999999997,-0.8660254037844388,202.4,533.0,508.0,572.6666666666666,577.0
Envas ,2021,8,-0.8660254037844385,-0.5000000000000004,203.1,577.0,507.0,581.6666666666666,651.0
Envas ,2021,9,-1.0,-1.8369701987210297e-16,203.5,651.0,438.0,587.0,569.0
Envas ,2021,10,-0.8660254037844386,0.5000000000000001,203.2,569.0,452.0,599.0,746.0
Envas ,2021,11,-0.5000000000000004,0.8660254037844384,203.8,746.0,644.0,655.3333333333334,581.0
Envas ,2021,12,-2.4492935982947064e-16,1.0,204.5,581.0,415.0,632.0,730.0
Envas ,2022,1,0.49999999999999994,0.8660254037844387,205.1,730.0,644.0,685.6666666666666,816.0
Envas ,2022,2,0.8660254037844386,0.5000000000000001,208.4,816.0,579.0,709.0,782.0
Envas ,2022,3,1.0,6.123233995736766e-17,290.5,782.0,742.0,776.0,926.0
Envas ,2022,4,0.8660254037844387,-0.4999999999999998,320.1,926.0,550.0,841.3333333333334,602.0
Envas ,2022,5,0.49999999999999994,-0.8660254037844387,355.4,602.0,635.0,770.0,533.0
Envas ,2022,6,1.2246467991473532e-16,-1.0,360.2,533.0,533.0,687.0,555.0
Envas ,2022,7,-0.4999999999999997,-0.8660254037844388,362.5,555.0,577.0,563.3333333333334,714.0
Envas ,2022,8,-0.8660254037844385,-0.5000000000000004,361.8,714.0,651.0,600.6666666666666,715.0
Envas ,2022,9,-1.0,-1.8369701987210297e-16,363.2,715.0,569.0,661.3333333333334,705.0
Envas ,2022,10,-0.8660254037844386,0.5000000000000001,365.1,705.0,746.0,711.3333333333334,618.0
Envas ,2022,11,-0.5000000000000004,0.8660254037844384,366.5,618.0,581.0,679.3333333333334,861.0
Envas ,2022,12,-2.4492935982947064e-16,1.0,368.2,861.0,730.0,728.0,662.0
Envas ,2023,1,0.49999999999999994,0.8660254037844387,365.4,662.0,816.0,713.6666666666666,963.0
Envas ,2023,2,0.8660254037844386,0.5000000000000001,362.1,963.0,782.0,828.6666666666666,1239.0
Envas ,2023,3,1.0,6.123233995736766e-17,340.5,1239.0,926.0,954.6666666666666,836.0
Envas ,2023,4,0.8660254037844387,-0.4999999999999998,325.2,836.0,602.0,1012.6666666666666,838.0
Envas ,2023,5,0.49999999999999994,-0.8660254037844387,315.8,838.0,533.0,971.0,693.0
Envas ,2023,6,1.2246467991473532e-16,-1.0,310.4,693.0,555.0,789.0,559.0
Envas ,2023,7,-0.4999999999999997,-0.8660254037844388,312.1,559.0,714.0,696.6666666666666,673.0
Envas ,2023,8,-0.8660254037844385,-0.5000000000000004,315.6,673.0,715.0,641.6666666666666,642.0
Envas ,2023,9,-1.0,-1.8369701987210297e-16,318.9,642.0,705.0,624.6666666666666,636.0
Envas ,2023,10,-0.8660254037844386,0.5000000000000001,320.5,636.0,618.0,650.3333333333334,1078.0
Envas ,2023,11,-0.5000000000000004,0.8660254037844384,322.1,1078.0,861.0,785.3333333333334,911.0
Envas ,2023,12,-2.4492935982947064e-16,1.0,324.5,911.0,662.0,875.0,959.0
Envas ,2024,1,0.49999999999999994,0.8660254037844387,323.8,959.0,963.0,982.6666666666666,880.0
Envas ,2024,2,0.8660254037844386,0.5000000000000001,318.2,880.0,1239.0,916.6666666666666,895.0
Envas ,2024,3,1.0,6.123233995736766e-17,310.5,895.0,836.0,911.3333333333334,1041.0
Envas ,2024,4,0.8660254037844387,-0.4999999999999998,305.1,1041.0,838.0,938.6666666666666,871.0
Envas ,2024,5,0.49999999999999994,-0.8660254037844387,302.4,871.0,693.0,935.6666666666666,920.0
Envas ,2024,6,1.2246467991473532e-16,-1.0,300.8,920.0,559.0,944.0,811.0
Envas ,2024,7,-0.4999999999999997,-0.8660254037844388,304.5,811.0,673.0,867.3333333333334,797.0
Envas ,2024,8,-0.8660254037844385,-0.5000000000000004,302.1,797.0,642.0,842.6666666666666,697.0
Envas ,2024,9,-1.0,-1.8369701987210297e-16,300.5,697.0,636.0,768.3333333333334,669.0
Envas ,2024,10,-0.8660254037844386,0.5000000000000001,305.8,669.0,1078.0,721.0,912.0
Envas ,2024,11,-0.5000000000000004,0.8660254037844384,310.2,912.0,911.0,759.3333333333334,1004.0
Envas ,2024,12,-2.4492935982947064e-16,1.0,315.4,1004.0,959.0,861.6666666666666,851.0
Envas ,2025,1,0.49999999999999994,0.8660254037844387,320.1,851.0,880.0,922.3333333333334,1044.0
Envas ,2025,2,0.8660254037844386,0.5000000000000001,322.5,1044.0,895.0,966.3333333333334,1055.0
Envas ,2025,3,1.0,6.123233995736766e-17,325.8,1055.0,1041.0,983.3333333333334,743.0
Envas ,2025,4,0.8660254037844387,-0.4999999999999998,328.1,743.0,871.0,947.3333333333334,868.0
Envas ,2025,5,0.49999999999999994,-0.8660254037844387,330.4,868.0,920.0,888.6666666666666,1029.0
Envas ,2025,6,1.2246467991473532e-16,-1.0,332.1,1029.0,811.0,880.0,774.0
Envas ,2025,7,-0.4999999999999997,-0.8660254037844388,335.2,774.0,797.0,890.3333333333334,647.0
Envas ,2025,8,-0.8660254037844385,-0.5000000000000004,338.5,647.0,697.0,816.6666666666666,1026.0
Envas ,2025,9,-1.0,-1.8369701987210297e-16,340.2,1026.0,669.0,815.6666666666666,409.0
Envas ,2025,10,-0.8660254037844386,0.5000000000000001,342.1,409.0,912.0,694.0,894.0
Envas ,2025,11,-0.5000000000000004,0.8660254037844384,345.5,894.0,1004.0,776.3333333333334,1033.0
Envas ,2025,12,-2.4492935982947064e-16,1.0,348.9,1033.0,851.0,778.6666666666666,1191.0
Envas ,2026,1,0.49999999999999994,0.8660254037844387,310.5,1191.0,1044.0,1039.3333333333333,1173.0
Euthyrox ,2020,1,0.49999999999999994,0.8660254037844387,181.3,0.0,0.0,0.0,513.0
Euthyrox ,2020,2,0.8660254037844386,0.5000000000000001,181.5,513.0,0.0,0.0,461.0
Euthyrox ,2020,3,1.0,6.123233995736766e-17,185.3,461.0,0.0,0.0,685.0
Euthyrox ,2020,4,0.8660254037844387,-0.4999999999999998,192.5,685.0,0.0,553.0,729.0
Euthyrox ,2020,5,0.49999999999999994,-0.8660254037844387,188.2,729.0,0.0,625.0,849.0
Euthyrox ,2020,6,1.2246467991473532e-16,-1.0,186.4,849.0,0.0,754.3333333333334,897.0
Euthyrox ,2020,7,-0.4999999999999997,-0.8660254037844388,185.9,897.0,0.0,825.0,880.0
Euthyrox ,2020,8,-0.8660254037844385,-0.5000000000000004,184.2,880.0,0.0,875.3333333333334,579.0
Euthyrox ,2020,9,-1.0,-1.8369701987210297e-16,184.8,579.0,0.0,785.3333333333334,615.0
Euthyrox ,2020,10,-0.8660254037844386,0.5000000000000001,184.5,615.0,0.0,691.3333333333334,676.0
Euthyrox ,2020,11,-0.5000000000000004,0.8660254037844384,185.1,676.0,0.0,623.3333333333334,907.0
Euthyrox ,2020,12,-2.4492935982947064e-16,1.0,186.7,907.0,0.0,732.6666666666666,782.0
Euthyrox ,2021,1,0.49999999999999994,0.8660254037844387,190.2,782.0,513.0,788.3333333333334,763.0
Euthyrox ,2021,2,0.8660254037844386,0.5000000000000001,194.5,763.0,461.0,817.3333333333334,636.0
Euthyrox ,2021,3,1.0,6.123233995736766e-17,198.1,636.0,685.0,727.0,618.0
Euthyrox ,2021,4,0.8660254037844387,-0.4999999999999998,201.3,618.0,729.0,672.3333333333334,823.0
Euthyrox ,2021,5,0.49999999999999994,-0.8660254037844387,200.5,823.0,849.0,692.3333333333334,632.0
Euthyrox ,2021,6,1.2246467991473532e-16,-1.0,201.8,632.0,897.0,691.0,720.0
Euthyrox ,2021,7,-0.4999999999999997,-0.8660254037844388,202.4,720.0,880.0,725.0,719.0
Euthyrox ,2021,8,-0.8660254037844385,-0.5000000000000004,203.1,719.0,579.0,690.3333333333334,900.0
Euthyrox ,2021,9,-1.0,-1.8369701987210297e-16,203.5,900.0,615.0,779.6666666666666,647.0
Euthyrox ,2021,10,-0.8660254037844386,0.5000000000000001,203.2,647.0,676.0,755.3333333333334,459.0
Euthyrox ,2021,11,-0.5000000000000004,0.8660254037844384,203.8,459.0,907.0,668.6666666666666,704.0
Euthyrox ,2021,12,-2.4492935982947064e-16,1.0,204.5,704.0,782.0,603.3333333333334,594.0
Euthyrox ,2022,1,0.49999999999999994,0.8660254037844387,205.1,594.0,763.0,585.6666666666666,684.0
Euthyrox ,2022,2,0.8660254037844386,0.5000000000000001,208.4,684.0,636.0,660.6666666666666,701.0
Euthyrox ,2022,3,1.0,6.123233995736766e-17,290.5,701.0,618.0,659.6666666666666,713.0
Euthyrox ,2022,4,0.8660254037844387,-0.4999999999999998,320.1,713.0,823.0,699.3333333333334,867.0
Euthyrox ,2022,5,0.49999999999999994,-0.8660254037844387,355.4,867.0,632.0,760.3333333333334,624.0
Euthyrox ,2022,6,1.2246467991473532e-16,-1.0,360.2,624.0,720.0,734.6666666666666,727.0
Euthyrox ,2022,7,-0.4999999999999997,-0.8660254037844388,362.5,727.0,719.0,739.3333333333334,854.0
Euthyrox ,2022,8,-0.8660254037844385,-0.5000000000000004,361.8,854.0,900.0,735.0,680.0
Euthyrox ,2022,9,-1.0,-1.8369701987210297e-16,363.2,680.0,647.0,753.6666666666666,565.0
Euthyrox ,2022,10,-0.8660254037844386,0.5000000000000001,365.1,565.0,459.0,699.6666666666666,770.0
Euthyrox ,2022,11,-0.5000000000000004,0.8660254037844384,366.5,770.0,704.0,671.6666666666666,814.0
Euthyrox ,2022,12,-2.4492935982947064e-16,1.0,368.2,814.0,594.0,716.3333333333334,689.0
Euthyrox ,2023,1,0.49999999999999994,0.8660254037844387,365.4,689.0,684.0,757.6666666666666,533.0
Euthyrox ,2023,2,0.8660254037844386,0.5000000000000001,362.1,533.0,701.0,678.6666666666666,831.0
Euthyrox ,2023,3,1.0,6.123233995736766e-17,340.5,831.0,713.0,684.3333333333334,609.0
Euthyrox ,2023,4,0.8660254037844387,-0.4999999999999998,325.2,609.0,867.0,657.6666666666666,849.0
Euthyrox ,2023,5,0.49999999999999994,-0.8660254037844387,315.8,849.0,624.0,763.0,724.0
Euthyrox ,2023,6,1.2246467991473532e-16,-1.0,310.4,724.0,727.0,727.3333333333334,695.0
Euthyrox ,2023,7,-0.4999999999999997,-0.8660254037844388,312.1,695.0,854.0,756.0,759.0
Euthyrox ,2023,8,-0.8660254037844385,-0.5000000000000004,315.6,759.0,680.0,726.0,764.0
Euthyrox ,2023,9,-1.0,-1.8369701987210297e-16,318.9,764.0,565.0,739.3333333333334,687.0
Euthyrox ,2023,10,-0.8660254037844386,0.5000000000000001,320.5,687.0,770.0,736.6666666666666,801.0
Euthyrox ,2023,11,-0.5000000000000004,0.8660254037844384,322.1,801.0,814.0,750.6666666666666,677.0
Euthyrox ,2023,12,-2.4492935982947064e-16,1.0,324.5,677.0,689.0,721.6666666666666,846.0
Euthyrox ,2024,1,0.49999999999999994,0.8660254037844387,323.8,846.0,533.0,774.6666666666666,786.0
Euthyrox ,2024,2,0.8660254037844386,0.5000000000000001,318.2,786.0,831.0,769.6666666666666,708.0
Euthyrox ,2024,3,1.0,6.123233995736766e-17,310.5,708.0,609.0,780.0,723.0
Euthyrox ,2024,4,0.8660254037844387,-0.4999999999999998,305.1,723.0,849.0,739.0,666.0
Euthyrox ,2024,5,0.49999999999999994,-0.8660254037844387,302.4,666.0,724.0,699.0,909.0
Euthyrox ,2024,6,1.2246467991473532e-16,-1.0,300.8,909.0,695.0,766.0,825.0
Euthyrox ,2024,7,-0.4999999999999997,-0.8660254037844388,304.5,825.0,759.0,800.0,598.0
Euthyrox ,2024,8,-0.8660254037844385,-0.5000000000000004,302.1,598.0,764.0,777.3333333333334,763.0
Euthyrox ,2024,9,-1.0,-1.8369701987210297e-16,300.5,763.0,687.0,728.6666666666666,696.0
Euthyrox ,2024,10,-0.8660254037844386,0.5000000000000001,305.8,696.0,801.0,685.6666666666666,978.0
Euthyrox ,2024,11,-0.5000000000000004,0.8660254037844384,310.2,978.0,677.0,812.3333333333334,590.0
Euthyrox ,2024,12,-2.4492935982947064e-16,1.0,315.4,590.0,846.0,754.6666666666666,620.0
Euthyrox ,2025,1,0.49999999999999994,0.8660254037844387,320.1,620.0,786.0,729.3333333333334,936.0
Euthyrox ,2025,2,0.8660254037844386,0.5000000000000001,322.5,936.0,708.0,715.3333333333334,1015.0
Euthyrox ,2025,3,1.0,6.123233995736766e-17,325.8,1015.0,723.0,857.0,775.0
Euthyrox ,2025,4,0.8660254037844387,-0.4999999999999998,328.1,775.0,666.0,908.6666666666666,817.0
Euthyrox ,2025,5,0.49999999999999994,-0.8660254037844387,330.4,817.0,909.0,869.0,1005.0
Euthyrox ,2025,6,1.2246467991473532e-16,-1.0,332.1,1005.0,825.0,865.6666666666666,53.0
Euthyrox ,2025,7,-0.4999999999999997,-0.8660254037844388,335.2,53.0,598.0,625.0,522.0
Euthyrox ,2025,8,-0.8660254037844385,-0.5000000000000004,338.5,522.0,763.0,526.6666666666666,437.0
Euthyrox ,2025,9,-1.0,-1.8369701987210297e-16,340.2,437.0,696.0,337.3333333333333,1281.0
Euthyrox ,2025,10,-0.8660254037844386,0.5000000000000001,342.1,1281.0,978.0,746.6666666666666,344.0
Euthyrox ,2025,11,-0.5000000000000004,0.8660254037844384,345.5,344.0,590.0,687.3333333333334,1827.0
Euthyrox ,2025,12,-2.4492935982947064e-16,1.0,348.9,1827.0,620.0,1150.6666666666667,1154.0
Euthyrox ,2026,1,0.49999999999999994,0.8660254037844387,310.5,1154.0,936.0,1108.3333333333333,623.0
Glilcomet,2020,1,0.49999999999999994,0.8660254037844387,181.3,0.0,0.0,0.0,4084.0
Glilcomet,2020,2,0.8660254037844386,0.5000000000000001,181.5,4084.0,0.0,0.0,2750.0
Glilcomet,2020,3,1.0,6.123233995736766e-17,185.3,2750.0,0.0,0.0,3170.0
Glilcomet,2020,4,0.8660254037844387,-0.4999999999999998,192.5,3170.0,0.0,3334.6666666666665,4089.0
Glilcomet,2020,5,0.49999999999999994,-0.8660254037844387,188.2,4089.0,0.0,3336.3333333333335,3926.0
Glilcomet,2020,6,1.2246467991473532e-16,-1.0,186.4,3926.0,0.0,3728.3333333333335,4136.0
Glilcomet,2020,7,-0.4999999999999997,-0.8660254037844388,185.9,4136.0,0.0,4050.3333333333335,3603.0
Glilcomet,2020,8,-0.8660254037844385,-0.5000000000000004,184.2,3603.0,0.0,3888.3333333333335,4540.0
Glilcomet,2020,9,-1.0,-1.8369701987210297e-16,184.8,4540.0,0.0,4093.0,4306.0
Glilcomet,2020,10,-0.8660254037844386,0.5000000000000001,184.5,4306.0,0.0,4149.666666666667,3734.0
Glilcomet,2020,11,-0.5000000000000004,0.8660254037844384,185.1,3734.0,0.0,4193.333333333333,4280.0
Glilcomet,2020,12,-2.4492935982947064e-16,1.0,186.7,4280.0,0.0,4106.666666666667,3871.0
Glilcomet,2021,1,0.49999999999999994,0.8660254037844387,190.2,3871.0,4084.0,3961.6666666666665,3241.0
Glilcomet,2021,2,0.8660254037844386,0.5000000000000001,194.5,3241.0,2750.0,3797.3333333333335,4049.0
Glilcomet,2021,3,1.0,6.123233995736766e-17,198.1,4049.0,3170.0,3720.3333333333335,3470.0
Glilcomet,2021,4,0.8660254037844387,-0.4999999999999998,201.3,3470.0,4089.0,3586.6666666666665,4757.0
Glilcomet,2021,5,0.49999999999999994,-0.8660254037844387,200.5,4757.0,3926.0,4092.0,4248.0
Glilcomet,2021,6,1.2246467991473532e-16,-1.0,201.8,4248.0,4136.0,4158.333333333333,4193.0
Glilcomet,2021,7,-0.4999999999999997,-0.8660254037844388,202.4,4193.0,3603.0,4399.333333333333,3844.0
Glilcomet,2021,8,-0.8660254037844385,-0.5000000000000004,203.1,3844.0,4540.0,4095.0,4969.0
Glilcomet,2021,9,-1.0,-1.8369701987210297e-16,203.5,4969.0,4306.0,4335.333333333333,3892.0
Glilcomet,2021,10,-0.8660254037844386,0.5000000000000001,203.2,3892.0,3734.0,4235.0,3604.0
Glilcomet,2021,11,-0.5000000000000004,0.8660254037844384,203.8,3604.0,4280.0,4155.0,3564.0
Glilcomet,2021,12,-2.4492935982947064e-16,1.0,204.5,3564.0,3871.0,3686.6666666666665,4064.0
Glilcomet,2022,1,0.49999999999999994,0.8660254037844387,205.1,4064.0,3241.0,3744.0,4049.0
Glilcomet,2022,2,0.8660254037844386,0.5000000000000001,208.4,4049.0,4049.0,3892.3333333333335,4238.0
Glilcomet,2022,3,1.0,6.123233995736766e-17,290.5,4238.0,3470.0,4117.0,4444.0
Glilcomet,2022,4,0.8660254037844387,-0.4999999999999998,320.1,4444.0,4757.0,4243.666666666667,5977.0
Glilcomet,2022,5,0.49999999999999994,-0.8660254037844387,355.4,5977.0,4248.0,4886.333333333333,4186.0
Glilcomet,2022,6,1.2246467991473532e-16,-1.0,360.2,4186.0,4193.0,4869.0,4150.0
Glilcomet,2022,7,-0.4999999999999997,-0.8660254037844388,362.5,4150.0,3844.0,4771.0,3917.0
Glilcomet,2022,8,-0.8660254037844385,-0.5000000000000004,361.8,3917.0,4969.0,4084.3333333333335,4716.0
Glilcomet,2022,9,-1.0,-1.8369701987210297e-16,363.2,4716.0,3892.0,4261.0,4905.0
Glilcomet,2022,10,-0.8660254037844386,0.5000000000000001,365.1,4905.0,3604.0,4512.666666666667,3928.0
Glilcomet,2022,11,-0.5000000000000004,0.8660254037844384,366.5,3928.0,3564.0,4516.333333333333,3443.0
Glilcomet,2022,12,-2.4492935982947064e-16,1.0,368.2,3443.0,4064.0,4092.0,3447.0
Glilcomet,2023,1,0.49999999999999994,0.8660254037844387,365.4,3447.0,4049.0,3606.0,4393.0
Glilcomet,2023,2,0.8660254037844386,0.5000000000000001,362.1,4393.0,4238.0,3761.0,4629.0
Glilcomet,2023,3,1.0,6.123233995736766e-17,340.5,4629.0,4444.0,4156.333333333333,4698.0
Glilcomet,2023,4,0.8660254037844387,-0.4999999999999998,325.2,4698.0,5977.0,4573.333333333333,4078.0
Glilcomet,2023,5,0.49999999999999994,-0.8660254037844387,315.8,4078.0,4186.0,4468.333333333333,4790.0
Glilcomet,2023,6,1.2246467991473532e-16,-1.0,310.4,4790.0,4150.0,4522.0,4741.0
Glilcomet,2023,7,-0.4999999999999997,-0.8660254037844388,312.1,4741.0,3917.0,4536.333333333333,4754.0
Glilcomet,2023,8,-0.8660254037844385,-0.5000000000000004,315.6,4754.0,4716.0,4761.666666666667,5094.0
Glilcomet,2023,9,-1.0,-1.8369701987210297e-16,318.9,5094.0,4905.0,4863.0,4452.0
Glilcomet,2023,10,-0.8660254037844386,0.5000000000000001,320.5,4452.0,3928.0,4766.666666666667,4599.0
Glilcomet,2023,11,-0.5000000000000004,0.8660254037844384,322.1,4599.0,3443.0,4715.0,4102.0
Glilcomet,2023,12,-2.4492935982947064e-16,1.0,324.5,4102.0,3447.0,4384.333333333333,4235.0
Glilcomet,2024,1,0.49999999999999994,0.8660254037844387,323.8,4235.0,4393.0,4312.0,4554.0
Glilcomet,2024,2,0.8660254037844386,0.5000000000000001,318.2,4554.0,4629.0,4297.0,3460.0
Glilcomet,2024,3,1.0,6.123233995736766e-17,310.5,3460.0,4698.0,4083.0,4291.0
Glilcomet,2024,4,0.8660254037844387,-0.4999999999999998,305.1,4291.0,4078.0,4101.666666666667,4366.0
Glilcomet,2024,5,0.49999999999999994,-0.8660254037844387,302.4,4366.0,4790.0,4039.0,4369.0
Glilcomet,2024,6,1.2246467991473532e-16,-1.0,300.8,4369.0,4741.0,4342.0,4648.0
Glilcomet,2024,7,-0.4999999999999997,-0.8660254037844388,304.5,4648.0,4754.0,4461.0,5985.0
Glilcomet,2024,8,-0.8660254037844385,-0.5000000000000004,302.1,5985.0,5094.0,5000.666666666667,4081.0
Glilcomet,2024,9,-1.0,-1.8369701987210297e-16,300.5,4081.0,4452.0,4904.666666666667,5175.0
Glilcomet,2024,10,-0.8660254037844386,0.5000000000000001,305.8,5175.0,4599.0,5080.333333333333,3355.0
Glilcomet,2024,11,-0.5000000000000004,0.8660254037844384,310.2,3355.0,4102.0,4203.666666666667,4014.0
Glilcomet,2024,12,-2.4492935982947064e-16,1.0,315.4,4014.0,4235.0,4181.333333333333,4320.0
Glilcomet,2025,1,0.49999999999999994,0.8660254037844387,320.1,4320.0,4554.0,3896.3333333333335,4702.0
Glilcomet,2025,2,0.8660254037844386,0.5000000000000001,322.5,4702.0,3460.0,4345.333333333333,4979.0
Glilcomet,2025,3,1.0,6.123233995736766e-17,325.8,4979.0,4291.0,4667.0,5271.0
Glilcomet,2025,4,0.8660254037844387,-0.4999999999999998,328.1,5271.0,4366.0,4984.0,4622.0
Glilcomet,2025,5,0.49999999999999994,-0.8660254037844387,330.4,4622.0,4369.0,4957.333333333333,4664.0
Glilcomet,2025,6,1.2246467991473532e-16,-1.0,332.1,4664.0,4648.0,4852.333333333333,9020.0
Glilcomet,2025,7,-0.4999999999999997,-0.8660254037844388,335.2,9020.0,5985.0,6102.0,1605.0
Glilcomet,2025,8,-0.8660254037844385,-0.5000000000000004,338.5,1605.0,4081.0,5096.333333333333,2183.0
Glilcomet,2025,9,-1.0,-1.8369701987210297e-16,340.2,2183.0,5175.0,4269.333333333333,5106.0
Glilcomet,2025,10,-0.8660254037844386,0.5000000000000001,342.1,5106.0,3355.0,2964.6666666666665,3052.0
Glilcomet,2025,11,-0.5000000000000004,0.8660254037844384,345.5,3052.0,4014.0,3447.0,6748.0
Glilcomet,2025,12,-2.4492935982947064e-16,1.0,348.9,6748.0,4320.0,4968.666666666667,5965.0
Glilcomet,2026,1,0.49999999999999994,0.8660254037844387,310.5,5965.0,4702.0,5255.0,5175.0
Glucopet-XR,2020,1,0.49999999999999994,0.8660254037844387,181.3,0.0,0.0,0.0,8186.0
Glucopet-XR,2020,2,0.8660254037844386,0.5000000000000001,181.5,8186.0,0.0,0.0,7486.0
Glucopet-XR,2020,3,1.0,6.123233995736766e-17,185.3,7486.0,0.0,0.0,6953.0
Glucopet-XR,2020,4,0.8660254037844387,-0.4999999999999998,192.5,6953.0,0.0,7541.666666666667,7097.0
Glucopet-XR,2020,5,0.49999999999999994,-0.8660254037844387,188.2,7097.0,0.0,7178.666666666667,8908.0
Glucopet-XR,2020,6,1.2246467991473532e-16,-1.0,186.4,8908.0,0.0,7652.666666666667,10890.0
Glucopet-XR,2020,7,-0.4999999999999997,-0.8660254037844388,185.9,10890.0,0.0,8965.0,8569.0
Glucopet-XR,2020,8,-0.8660254037844385,-0.5000000000000004,184.2,8569.0,0.0,9455.666666666666,7926.0
Glucopet-XR,2020,9,-1.0,-1.8369701987210297e-16,184.8,7926.0,0.0,9128.333333333334,8130.0
Glucopet-XR,2020,10,-0.8660254037844386,0.5000000000000001,184.5,8130.0,0.0,8208.333333333334,9261.0
Glucopet-XR,2020,11,-0.5000000000000004,0.8660254037844384,185.1,9261.0,0.0,8439.0,7853.0
Glucopet-XR,2020,12,-2.4492935982947064e-16,1.0,186.7,7853.0,0.0,8414.666666666666,7296.0
Glucopet-XR,2021,1,0.49999999999999994,0.8660254037844387,190.2,7296.0,8186.0,8136.666666666667,9521.0
Glucopet-XR,2021,2,0.8660254037844386,0.5000000000000001,194.5,9521.0,7486.0,8223.333333333334,9004.0
Glucopet-XR,2021,3,1.0,6.123233995736766e-17,198.1,9004.0,6953.0,8607.0,11083.0
Glucopet-XR,2021,4,0.8660254037844387,-0.4999999999999998,201.3,11083.0,7097.0,9869.333333333334,9309.0
Glucopet-XR,2021,5,0.49999999999999994,-0.8660254037844387,200.5,9309.0,8908.0,9798.666666666666,7610.0
Glucopet-XR,2021,6,1.2246467991473532e-16,-1.0,201.8,7610.0,10890.0,9334.0,7373.0
Glucopet-XR,2021,7,-0.4999999999999997,-0.8660254037844388,202.4,7373.0,8569.0,8097.333333333333,11290.0
Glucopet-XR,2021,8,-0.8660254037844385,-0.5000000000000004,203.1,11290.0,7926.0,8757.666666666666,11007.0
Glucopet-XR,2021,9,-1.0,-1.8369701987210297e-16,203.5,11007.0,8130.0,9890.0,7987.0
Glucopet-XR,2021,10,-0.8660254037844386,0.5000000000000001,203.2,7987.0,9261.0,10094.666666666666,7572.0
Glucopet-XR,2021,11,-0.5000000000000004,0.8660254037844384,203.8,7572.0,7853.0,8855.333333333334,9967.0
Glucopet-XR,2021,12,-2.4492935982947064e-16,1.0,204.5,9967.0,7296.0,8508.666666666666,6924.0
Glucopet-XR,2022,1,0.49999999999999994,0.8660254037844387,205.1,6924.0,9521.0,8154.333333333333,7430.0
Glucopet-XR,2022,2,0.8660254037844386,0.5000000000000001,208.4,7430.0,9004.0,8107.0,9796.0
Glucopet-XR,2022,3,1.0,6.123233995736766e-17,290.5,9796.0,11083.0,8050.0,8740.0
Glucopet-XR,2022,4,0.8660254037844387,-0.4999999999999998,320.1,8740.0,9309.0,8655.333333333334,9533.0
Glucopet-XR,2022,5,0.49999999999999994,-0.8660254037844387,355.4,9533.0,7610.0,9356.333333333334,9400.0
Glucopet-XR,2022,6,1.2246467991473532e-16,-1.0,360.2,9400.0,7373.0,9224.333333333334,10032.0
Glucopet-XR,2022,7,-0.4999999999999997,-0.8660254037844388,362.5,10032.0,11290.0,9655.0,11466.0
Glucopet-XR,2022,8,-0.8660254037844385,-0.5000000000000004,361.8,11466.0,11007.0,10299.333333333334,9076.0
Glucopet-XR,2022,9,-1.0,-1.8369701987210297e-16,363.2,9076.0,7987.0,10191.333333333334,9520.0
Glucopet-XR,2022,10,-0.8660254037844386,0.5000000000000001,365.1,9520.0,7572.0,10020.666666666666,6212.0
Glucopet-XR,2022,11,-0.5000000000000004,0.8660254037844384,366.5,6212.0,9967.0,8269.333333333334,8371.0
Glucopet-XR,2022,12,-2.4492935982947064e-16,1.0,368.2,8371.0,6924.0,8034.333333333333,7589.0
Glucopet-XR,2023,1,0.49999999999999994,0.8660254037844387,365.4,7589.0,7430.0,7390.666666666667,7455.0
Glucopet-XR,2023,2,0.8660254037844386,0.5000000000000001,362.1,7455.0,9796.0,7805.0,8214.0
Glucopet-XR,2023,3,1.0,6.123233995736766e-17,340.5,8214.0,8740.0,7752.666666666667,9291.0
Glucopet-XR,2023,4,0.8660254037844387,-0.4999999999999998,325.2,9291.0,9533.0,8320.0,11530.0
Glucopet-XR,2023,5,0.49999999999999994,-0.8660254037844387,315.8,11530.0,9400.0,9678.333333333334,8317.0
Glucopet-XR,2023,6,1.2246467991473532e-16,-1.0,310.4,8317.0,10032.0,9712.666666666666,10092.0
Glucopet-XR,2023,7,-0.4999999999999997,-0.8660254037844388,312.1,10092.0,11466.0,9979.666666666666,9095.0
Glucopet-XR,2023,8,-0.8660254037844385,-0.5000000000000004,315.6,9095.0,9076.0,9168.0,8980.0
Glucopet-XR,2023,9,-1.0,-1.8369701987210297e-16,318.9,8980.0,9520.0,9389.0,10584.0
Glucopet-XR,2023,10,-0.8660254037844386,0.5000000000000001,320.5,10584.0,6212.0,9553.0,9649.0
Glucopet-XR,2023,11,-0.5000000000000004,0.8660254037844384,322.1,9649.0,8371.0,9737.666666666666,10857.0
Glucopet-XR,2023,12,-2.4492935982947064e-16,1.0,324.5,10857.0,7589.0,10363.333333333334,8864.0
Glucopet-XR,2024,1,0.49999999999999994,0.8660254037844387,323.8,8864.0,7455.0,9790.0,8494.0
Glucopet-XR,2024,2,0.8660254037844386,0.5000000000000001,318.2,8494.0,8214.0,9405.0,9545.0
Glucopet-XR,2024,3,1.0,6.123233995736766e-17,310.5,9545.0,9291.0,8967.666666666666,10672.0
Glucopet-XR,2024,4,0.8660254037844387,-0.4999999999999998,305.1,10672.0,11530.0,9570.333333333334,10871.0
Glucopet-XR,2024,5,0.49999999999999994,-0.8660254037844387,302.4,10871.0,8317.0,10362.666666666666,9086.0
Glucopet-XR,2024,6,1.2246467991473532e-16,-1.0,300.8,9086.0,10092.0,10209.666666666666,10727.0
Glucopet-XR,2024,7,-0.4999999999999997,-0.8660254037844388,304.5,10727.0,9095.0,10228.0,10662.0
Glucopet-XR,2024,8,-0.8660254037844385,-0.5000000000000004,302.1,10662.0,8980.0,10158.333333333334,14495.0
Glucopet-XR,2024,9,-1.0,-1.8369701987210297e-16,300.5,14495.0,10584.0,11961.333333333334,12711.0
Glucopet-XR,2024,10,-0.8660254037844386,0.5000000000000001,305.8,12711.0,9649.0,12622.666666666666,8250.0
Glucopet-XR,2024,11,-0.5000000000000004,0.8660254037844384,310.2,8250.0,10857.0,11818.666666666666,8963.0
Glucopet-XR,2024,12,-2.4492935982947064e-16,1.0,315.4,8963.0,8864.0,9974.666666666666,7673.0
Glucopet-XR,2025,1,0.49999999999999994,0.8660254037844387,320.1,7673.0,8494.0,8295.333333333334,9091.0
Glucopet-XR,2025,2,0.8660254037844386,0.5000000000000001,322.5,9091.0,9545.0,8575.666666666666,10903.0
Glucopet-XR,2025,3,1.0,6.123233995736766e-17,325.8,10903.0,10672.0,9222.333333333334,12990.0
Glucopet-XR,2025,4,0.8660254037844387,-0.4999999999999998,328.1,12990.0,10871.0,10994.666666666666,9998.0
Glucopet-XR,2025,5,0.49999999999999994,-0.8660254037844387,330.4,9998.0,9086.0,11297.0,10209.0
Glucopet-XR,2025,6,1.2246467991473532e-16,-1.0,332.1,10209.0,10727.0,11065.666666666666,714.0
Glucopet-XR,2025,7,-0.4999999999999997,-0.8660254037844388,335.2,714.0,10662.0,6973.666666666667,2567.0
Glucopet-XR,2025,8,-0.8660254037844385,-0.5000000000000004,338.5,2567.0,14495.0,4496.666666666667,23622.0
Glucopet-XR,2025,9,-1.0,-1.8369701987210297e-16,340.2,23622.0,12711.0,8967.666666666666,2688.0
Glucopet-XR,2025,10,-0.8660254037844386,0.5000000000000001,342.1,2688.0,8250.0,9625.666666666666,858.0
Glucopet-XR,2025,11,-0.5000000000000004,0.8660254037844384,345.5,858.0,8963.0,9056.0,21782.0
Glucopet-XR,2025,12,-2.4492935982947064e-16,1.0,348.9,21782.0,7673.0,8442.666666666666,2061.0
Glucopet-XR,2026,1,0.49999999999999994,0.8660254037844387,310.5,2061.0,9091.0,8233.666666666666,32292.0
Glustin ,2020,1,0.49999999999999994,0.8660254037844387,181.3,0.0,0.0,0.0,213.0
Glustin ,2020,2,0.8660254037844386,0.5000000000000001,181.5,213.0,0.0,0.0,237.0
Glustin ,2020,3,1.0,6.123233995736766e-17,185.3,237.0,0.0,0.0,340.0
Glustin ,2020,4,0.8660254037844387,-0.4999999999999998,192.5,340.0,0.0,263.3333333333333,260.0
Glustin ,2020,5,0.49999999999999994,-0.8660254037844387,188.2,260.0,0.0,279.0,292.0
Glustin ,2020,6,1.2246467991473532e-16,-1.0,186.4,292.0,0.0,297.3333333333333,267.0
Glustin ,2020,7,-0.4999999999999997,-0.8660254037844388,185.9,267.0,0.0,273.0,276.0
Glustin ,2020,8,-0.8660254037844385,-0.5000000000000004,184.2,276.0,0.0,278.3333333333333,266.0
Glustin ,2020,9,-1.0,-1.8369701987210297e-16,184.8,266.0,0.0,269.6666666666667,275.0
Glustin ,2020,10,-0.8660254037844386,0.5000000000000001,184.5,275.0,0.0,272.3333333333333,299.0
Glustin ,2020,11,-0.5000000000000004,0.8660254037844384,185.1,299.0,0.0,280.0,318.0
Glustin ,2020,12,-2.4492935982947064e-16,1.0,186.7,318.0,0.0,297.3333333333333,264.0
Glustin ,2021,1,0.49999999999999994,0.8660254037844387,190.2,264.0,213.0,293.6666666666667,285.0
Glustin ,2021,2,0.8660254037844386,0.5000000000000001,194.5,285.0,237.0,289.0,230.0
Glustin ,2021,3,1.0,6.123233995736766e-17,198.1,230.0,340.0,259.6666666666667,284.0
Glustin ,2021,4,0.8660254037844387,-0.4999999999999998,201.3,284.0,260.0,266.3333333333333,346.0
Glustin ,2021,5,0.49999999999999994,-0.8660254037844387,200.5,346.0,292.0,286.6666666666667,351.0
Glustin ,2021,6,1.2246467991473532e-16,-1.0,201.8,351.0,267.0,327.0,321.0
Glustin ,2021,7,-0.4999999999999997,-0.8660254037844388,202.4,321.0,276.0,339.3333333333333,350.0
Glustin ,2021,8,-0.8660254037844385,-0.5000000000000004,203.1,350.0,266.0,340.6666666666667,322.0
Glustin ,2021,9,-1.0,-1.8369701987210297e-16,203.5,322.0,275.0,331.0,347.0
Glustin ,2021,10,-0.8660254037844386,0.5000000000000001,203.2,347.0,299.0,339.6666666666667,295.0
Glustin ,2021,11,-0.5000000000000004,0.8660254037844384,203.8,295.0,318.0,321.3333333333333,265.0
Glustin ,2021,12,-2.4492935982947064e-16,1.0,204.5,265.0,264.0,302.3333333333333,298.0
Glustin ,2022,1,0.49999999999999994,0.8660254037844387,205.1,298.0,285.0,286.0,189.0
Glustin ,2022,2,0.8660254037844386,0.5000000000000001,208.4,189.0,230.0,250.66666666666666,326.0
Glustin ,2022,3,1.0,6.123233995736766e-17,290.5,326.0,284.0,271.0,187.0
Glustin ,2022,4,0.8660254037844387,-0.4999999999999998,320.1,187.0,346.0,234.0,261.0
Glustin ,2022,5,0.49999999999999994,-0.8660254037844387,355.4,261.0,351.0,258.0,371.0
Glustin ,2022,6,1.2246467991473532e-16,-1.0,360.2,371.0,321.0,273.0,375.0
Glustin ,2022,7,-0.4999999999999997,-0.8660254037844388,362.5,375.0,350.0,335.6666666666667,290.0
Glustin ,2022,8,-0.8660254037844385,-0.5000000000000004,361.8,290.0,322.0,345.3333333333333,302.0
Glustin ,2022,9,-1.0,-1.8369701987210297e-16,363.2,302.0,347.0,322.3333333333333,400.0
Glustin ,2022,10,-0.8660254037844386,0.5000000000000001,365.1,400.0,295.0,330.6666666666667,295.0
Glustin ,2022,11,-0.5000000000000004,0.8660254037844384,366.5,295.0,265.0,332.3333333333333,440.0
Glustin ,2022,12,-2.4492935982947064e-16,1.0,368.2,440.0,298.0,378.3333333333333,318.0
Glustin ,2023,1,0.49999999999999994,0.8660254037844387,365.4,318.0,189.0,351.0,351.0
Glustin ,2023,2,0.8660254037844386,0.5000000000000001,362.1,351.0,326.0,369.6666666666667,441.0
Glustin ,2023,3,1.0,6.123233995736766e-17,340.5,441.0,187.0,370.0,372.0
Glustin ,2023,4,0.8660254037844387,-0.4999999999999998,325.2,372.0,261.0,388.0,327.0
Glustin ,2023,5,0.49999999999999994,-0.8660254037844387,315.8,327.0,371.0,380.0,384.0
Glustin ,2023,6,1.2246467991473532e-16,-1.0,310.4,384.0,375.0,361.0,391.0
Glustin ,2023,7,-0.4999999999999997,-0.8660254037844388,312.1,391.0,290.0,367.3333333333333,316.0
Glustin ,2023,8,-0.8660254037844385,-0.5000000000000004,315.6,316.0,302.0,363.6666666666667,364.0
Glustin ,2023,9,-1.0,-1.8369701987210297e-16,318.9,364.0,400.0,357.0,328.0
Glustin ,2023,10,-0.8660254037844386,0.5000000000000001,320.5,328.0,295.0,336.0,410.0
Glustin ,2023,11,-0.5000000000000004,0.8660254037844384,322.1,410.0,440.0,367.3333333333333,355.0
Glustin ,2023,12,-2.4492935982947064e-16,1.0,324.5,355.0,318.0,364.3333333333333,343.0
Glustin ,2024,1,0.49999999999999994,0.8660254037844387,323.8,343.0,351.0,369.3333333333333,365.0
Glustin ,2024,2,0.8660254037844386,0.5000000000000001,318.2,365.0,441.0,354.3333333333333,403.0
Glustin ,2024,3,1.0,6.123233995736766e-17,310.5,403.0,372.0,370.3333333333333,450.0
Glustin ,2024,4,0.8660254037844387,-0.4999999999999998,305.1,450.0,327.0,406.0,368.0
Glustin ,2024,5,0.49999999999999994,-0.8660254037844387,302.4,368.0,384.0,407.0,375.0
Glustin ,2024,6,1.2246467991473532e-16,-1.0,300.8,375.0,391.0,397.6666666666667,522.0
Glustin ,2024,7,-0.4999999999999997,-0.8660254037844388,304.5,522.0,316.0,421.6666666666667,410.0
Glustin ,2024,8,-0.8660254037844385,-0.5000000000000004,302.1,410.0,364.0,435.6666666666667,344.0
Glustin ,2024,9,-1.0,-1.8369701987210297e-16,300.5,344.0,328.0,425.3333333333333,440.0
Glustin ,2024,10,-0.8660254037844386,0.5000000000000001,305.8,440.0,410.0,398.0,430.0
Glustin ,2024,11,-0.5000000000000004,0.8660254037844384,310.2,430.0,355.0,404.6666666666667,316.0
Glustin ,2024,12,-2.4492935982947064e-16,1.0,315.4,316.0,343.0,395.3333333333333,417.0
Glustin ,2025,1,0.49999999999999994,0.8660254037844387,320.1,417.0,365.0,387.6666666666667,466.0
Glustin ,2025,2,0.8660254037844386,0.5000000000000001,322.5,466.0,403.0,399.6666666666667,463.0
Glustin ,2025,3,1.0,6.123233995736766e-17,325.8,463.0,450.0,448.6666666666667,507.0
Glustin ,2025,4,0.8660254037844387,-0.4999999999999998,328.1,507.0,368.0,478.6666666666667,390.0
Glustin ,2025,5,0.49999999999999994,-0.8660254037844387,330.4,390.0,375.0,453.3333333333333,519.0
Glustin ,2025,6,1.2246467991473532e-16,-1.0,332.1,519.0,522.0,472.0,255.0
Glustin ,2025,7,-0.4999999999999997,-0.8660254037844388,335.2,255.0,410.0,388.0,563.0
Glustin ,2025,8,-0.8660254037844385,-0.5000000000000004,338.5,563.0,344.0,445.6666666666667,922.0
Glustin ,2025,9,-1.0,-1.8369701987210297e-16,340.2,922.0,440.0,580.0,262.0
Glustin ,2025,10,-0.8660254037844386,0.5000000000000001,342.1,262.0,430.0,582.3333333333334,476.0
Glustin ,2025,11,-0.5000000000000004,0.8660254037844384,345.5,476.0,316.0,553.3333333333334,296.0
Glustin ,2025,12,-2.4492935982947064e-16,1.0,348.9,296.0,417.0,344.6666666666667,256.0
Glustin ,2026,1,0.49999999999999994,0.8660254037844387,350.2,256.0,466.0,342.6666666666667,196.0
Glycinorm,2020,1,0.49999999999999994,0.8660254037844387,181.3,0.0,0.0,0.0,1687.0
Glycinorm,2020,2,0.8660254037844386,0.5000000000000001,181.5,1687.0,0.0,0.0,1400.0
Glycinorm,2020,3,1.0,6.123233995736766e-17,185.3,1400.0,0.0,0.0,1197.0
Glycinorm,2020,4,0.8660254037844387,-0.4999999999999998,192.5,1197.0,0.0,1428.0,1202.0
Glycinorm,2020,5,0.49999999999999994,-0.8660254037844387,188.2,1202.0,0.0,1266.3333333333333,1011.0
Glycinorm,2020,6,1.2246467991473532e-16,-1.0,186.4,1011.0,0.0,1136.6666666666667,1065.0
Glycinorm,2020,7,-0.4999999999999997,-0.8660254037844388,185.9,1065.0,0.0,1092.6666666666667,1128.0
Glycinorm,2020,8,-0.8660254037844385,-0.5000000000000004,184.2,1128.0,0.0,1068.0,1341.0
Glycinorm,2020,9,-1.0,-1.8369701987210297e-16,184.8,1341.0,0.0,1178.0,1573.0
Glycinorm,2020,10,-0.8660254037844386,0.5000000000000001,184.5,1573.0,0.0,1347.3333333333333,1026.0
Glycinorm,2020,11,-0.5000000000000004,0.8660254037844384,185.1,1026.0,0.0,1313.3333333333333,1397.0
Glycinorm,2020,12,-2.4492935982947064e-16,1.0,186.7,1397.0,0.0,1332.0,1169.0
Glycinorm,2021,1,0.49999999999999994,0.8660254037844387,190.2,1169.0,1687.0,1197.3333333333333,1500.0
Glycinorm,2021,2,0.8660254037844386,0.5000000000000001,194.5,1500.0,1400.0,1355.3333333333333,1373.0
Glycinorm,2021,3,1.0,6.123233995736766e-17,198.1,1373.0,1197.0,1347.3333333333333,1046.0
Glycinorm,2021,4,0.8660254037844387,-0.4999999999999998,201.3,1046.0,1202.0,1306.3333333333333,1532.0
Glycinorm,2021,5,0.49999999999999994,-0.8660254037844387,200.5,1532.0,1011.0,1317.0,1170.0
Glycinorm,2021,6,1.2246467991473532e-16,-1.0,201.8,1170.0,1065.0,1249.3333333333333,1139.0
Glycinorm,2021,7,-0.4999999999999997,-0.8660254037844388,202.4,1139.0,1128.0,1280.3333333333333,1028.0
Glycinorm,2021,8,-0.8660254037844385,-0.5000000000000004,203.1,1028.0,1341.0,1112.3333333333333,1093.0
Glycinorm,2021,9,-1.0,-1.8369701987210297e-16,203.5,1093.0,1573.0,1086.6666666666667,1315.0
Glycinorm,2021,10,-0.8660254037844386,0.5000000000000001,203.2,1315.0,1026.0,1145.3333333333333,1244.0
Glycinorm,2021,11,-0.5000000000000004,0.8660254037844384,203.8,1244.0,1397.0,1217.3333333333333,1403.0
Glycinorm,2021,12,-2.4492935982947064e-16,1.0,204.5,1403.0,1169.0,1320.6666666666667,1463.0
Glycinorm,2022,1,0.49999999999999994,0.8660254037844387,205.1,1463.0,1500.0,1370.0,1727.0
Glycinorm,2022,2,0.8660254037844386,0.5000000000000001,208.4,1727.0,1373.0,1531.0,1349.0
Glycinorm,2022,3,1.0,6.123233995736766e-17,290.5,1349.0,1046.0,1513.0,1119.0
Glycinorm,2022,4,0.8660254037844387,-0.4999999999999998,320.1,1119.0,1532.0,1398.3333333333333,1587.0
Glycinorm,2022,5,0.49999999999999994,-0.8660254037844387,355.4,1587.0,1170.0,1351.6666666666667,1236.0
Glycinorm,2022,6,1.2246467991473532e-16,-1.0,360.2,1236.0,1139.0,1314.0,1480.0
Glycinorm,2022,7,-0.4999999999999997,-0.8660254037844388,362.5,1480.0,1028.0,1434.3333333333333,1297.0
Glycinorm,2022,8,-0.8660254037844385,-0.5000000000000004,361.8,1297.0,1093.0,1337.6666666666667,1200.0
Glycinorm,2022,9,-1.0,-1.8369701987210297e-16,363.2,1200.0,1315.0,1325.6666666666667,1318.0
Glycinorm,2022,10,-0.8660254037844386,0.5000000000000001,365.1,1318.0,1244.0,1271.6666666666667,1740.0
Glycinorm,2022,11,-0.5000000000000004,0.8660254037844384,366.5,1740.0,1403.0,1419.3333333333333,1851.0
Glycinorm,2022,12,-2.4492935982947064e-16,1.0,368.2,1851.0,1463.0,1636.3333333333333,1420.0
Glycinorm,2023,1,0.49999999999999994,0.8660254037844387,365.4,1420.0,1727.0,1670.3333333333333,1472.0
Glycinorm,2023,2,0.8660254037844386,0.5000000000000001,362.1,1472.0,1349.0,1581.0,1693.0
Glycinorm,2023,3,1.0,6.123233995736766e-17,340.5,1693.0,1119.0,1528.3333333333333,1248.0
Glycinorm,2023,4,0.8660254037844387,-0.4999999999999998,325.2,1248.0,1587.0,1471.0,1442.0
Glycinorm,2023,5,0.49999999999999994,-0.8660254037844387,315.8,1442.0,1236.0,1461.0,1313.0
Glycinorm,2023,6,1.2246467991473532e-16,-1.0,310.4,1313.0,1480.0,1334.3333333333333,1331.0
Glycinorm,2023,7,-0.4999999999999997,-0.8660254037844388,312.1,1331.0,1297.0,1362.0,1096.0
Glycinorm,2023,8,-0.8660254037844385,-0.5000000000000004,315.6,1096.0,1200.0,1246.6666666666667,978.0
Glycinorm,2023,9,-1.0,-1.8369701987210297e-16,318.9,978.0,1318.0,1135.0,930.0
Glycinorm,2023,10,-0.8660254037844386,0.5000000000000001,320.5,930.0,1740.0,1001.3333333333334,1114.0
Glycinorm,2023,11,-0.5000000000000004,0.8660254037844384,322.1,1114.0,1851.0,1007.3333333333334,1283.0
Glycinorm,2023,12,-2.4492935982947064e-16,1.0,324.5,1283.0,1420.0,1109.0,1365.0
Glycinorm,2024,1,0.49999999999999994,0.8660254037844387,323.8,1365.0,1472.0,1254.0,1949.0
Glycinorm,2024,2,0.8660254037844386,0.5000000000000001,318.2,1949.0,1693.0,1532.3333333333333,1725.0
Glycinorm,2024,3,1.0,6.123233995736766e-17,310.5,1725.0,1248.0,1679.6666666666667,1244.0
Glycinorm,2024,4,0.8660254037844387,-0.4999999999999998,305.1,1244.0,1442.0,1639.3333333333333,1466.0
Glycinorm,2024,5,0.49999999999999994,-0.8660254037844387,302.4,1466.0,1313.0,1478.3333333333333,1258.0
Glycinorm,2024,6,1.2246467991473532e-16,-1.0,300.8,1258.0,1331.0,1322.6666666666667,1235.0
Glycinorm,2024,7,-0.4999999999999997,-0.8660254037844388,304.5,1235.0,1096.0,1319.6666666666667,1295.0
Glycinorm,2024,8,-0.8660254037844385,-0.5000000000000004,302.1,1295.0,978.0,1262.6666666666667,1382.0
Glycinorm,2024,9,-1.0,-1.8369701987210297e-16,300.5,1382.0,930.0,1304.0,1223.0
Glycinorm,2024,10,-0.8660254037844386,0.5000000000000001,305.8,1223.0,1114.0,1300.0,1567.0
Glycinorm,2024,11,-0.5000000000000004,0.8660254037844384,310.2,1567.0,1283.0,1390.6666666666667,1175.0
Glycinorm,2024,12,-2.4492935982947064e-16,1.0,315.4,1175.0,1365.0,1321.6666666666667,1448.0
Glycinorm,2025,1,0.49999999999999994,0.8660254037844387,320.1,1448.0,1949.0,1396.6666666666667,2183.0
Glycinorm,2025,2,0.8660254037844386,0.5000000000000001,322.5,2183.0,1725.0,1602.0,1533.0
Glycinorm,2025,3,1.0,6.123233995736766e-17,325.8,1533.0,1244.0,1721.3333333333333,1808.0
Glycinorm,2025,4,0.8660254037844387,-0.4999999999999998,328.1,1808.0,1466.0,1841.3333333333333,1431.0
Glycinorm,2025,5,0.49999999999999994,-0.8660254037844387,330.4,1431.0,1258.0,1590.6666666666667,1480.0
Glycinorm,2025,6,1.2246467991473532e-16,-1.0,332.1,1480.0,1235.0,1573.0,1526.0
Glycinorm,2025,7,-0.4999999999999997,-0.8660254037844388,335.2,1526.0,1295.0,1479.0,769.0
Glycinorm,2025,8,-0.8660254037844385,-0.5000000000000004,338.5,769.0,1382.0,1258.3333333333333,712.0
Glycinorm,2025,9,-1.0,-1.8369701987210297e-16,340.2,712.0,1223.0,1002.3333333333334,2494.0
Glycinorm,2025,10,-0.8660254037844386,0.5000000000000001,342.1,2494.0,1567.0,1325.0,3492.0
Glycinorm,2025,11,-0.5000000000000004,0.8660254037844384,345.5,3492.0,1175.0,2232.6666666666665,1393.0
Glycinorm,2025,12,-2.4492935982947064e-16,1.0,348.9,1393.0,1448.0,2459.6666666666665,1434.0
Glycinorm,2026,1,0.49999999999999994,0.8660254037844387,310.5,1434.0,2183.0,2106.3333333333335,314.0
Innovace ,2020,1,0.49999999999999994,0.8660254037844387,181.3,0.0,0.0,0.0,81.0
Innovace ,2020,2,0.8660254037844386,0.5000000000000001,181.5,81.0,0.0,0.0,80.0
Innovace ,2020,3,1.0,6.123233995736766e-17,185.3,80.0,0.0,0.0,121.0
Innovace ,2020,4,0.8660254037844387,-0.4999999999999998,192.5,121.0,0.0,94.0,101.0
Innovace ,2020,5,0.49999999999999994,-0.8660254037844387,188.2,101.0,0.0,100.66666666666667,106.0
Innovace ,2020,6,1.2246467991473532e-16,-1.0,186.4,106.0,0.0,109.33333333333333,83.0
Innovace ,2020,7,-0.4999999999999997,-0.8660254037844388,185.9,83.0,0.0,96.66666666666667,81.0
Innovace ,2020,8,-0.8660254037844385,-0.5000000000000004,184.2,81.0,0.0,90.0,91.0
Innovace ,2020,9,-1.0,-1.8369701987210297e-16,184.8,91.0,0.0,85.0,90.0
Innovace ,2020,10,-0.8660254037844386,0.5000000000000001,184.5,90.0,0.0,87.33333333333333,64.0
Innovace ,2020,11,-0.5000000000000004,0.8660254037844384,185.1,64.0,0.0,81.66666666666667,81.0
Innovace ,2020,12,-2.4492935982947064e-16,1.0,186.7,81.0,0.0,78.33333333333333,83.0
Innovace ,2021,1,0.49999999999999994,0.8660254037844387,190.2,83.0,81.0,76.0,83.0
Innovace ,2021,2,0.8660254037844386,0.5000000000000001,194.5,83.0,80.0,82.33333333333333,79.0
Innovace ,2021,3,1.0,6.123233995736766e-17,198.1,79.0,121.0,81.66666666666667,86.0
Innovace ,2021,4,0.8660254037844387,-0.4999999999999998,201.3,86.0,101.0,82.66666666666667,94.0
Innovace ,2021,5,0.49999999999999994,-0.8660254037844387,200.5,94.0,106.0,86.33333333333333,100.0
Innovace ,2021,6,1.2246467991473532e-16,-1.0,201.8,100.0,83.0,93.33333333333333,108.0
Innovace ,2021,7,-0.4999999999999997,-0.8660254037844388,202.4,108.0,81.0,100.66666666666667,115.0
Innovace ,2021,8,-0.8660254037844385,-0.5000000000000004,203.1,115.0,91.0,107.66666666666667,90.0
Innovace ,2021,9,-1.0,-1.8369701987210297e-16,203.5,90.0,90.0,104.33333333333333,85.0
Innovace ,2021,10,-0.8660254037844386,0.5000000000000001,203.2,85.0,64.0,96.66666666666667,94.0
Innovace ,2021,11,-0.5000000000000004,0.8660254037844384,203.8,94.0,81.0,89.66666666666667,95.0
Innovace ,2021,12,-2.4492935982947064e-16,1.0,204.5,95.0,83.0,91.33333333333333,81.0
Innovace ,2022,1,0.49999999999999994,0.8660254037844387,205.1,81.0,83.0,90.0,100.0
Innovace ,2022,2,0.8660254037844386,0.5000000000000001,208.4,100.0,79.0,92.0,107.0
Innovace ,2022,3,1.0,6.123233995736766e-17,290.5,107.0,86.0,96.0,117.0
Innovace ,2022,4,0.8660254037844387,-0.4999999999999998,320.1,117.0,94.0,108.0,131.0
Innovace ,2022,5,0.49999999999999994,-0.8660254037844387,355.4,131.0,100.0,118.33333333333333,90.0
Innovace ,2022,6,1.2246467991473532e-16,-1.0,360.2,90.0,108.0,112.66666666666667,103.0
Innovace ,2022,7,-0.4999999999999997,-0.8660254037844388,362.5,103.0,115.0,108.0,102.0
Innovace ,2022,8,-0.8660254037844385,-0.5000000000000004,361.8,102.0,90.0,98.33333333333333,97.0
Innovace ,2022,9,-1.0,-1.8369701987210297e-16,363.2,97.0,85.0,100.66666666666667,86.0
Innovace ,2022,10,-0.8660254037844386,0.5000000000000001,365.1,86.0,94.0,95.0,73.0
Innovace ,2022,11,-0.5000000000000004,0.8660254037844384,366.5,73.0,95.0,85.33333333333333,91.0
Innovace ,2022,12,-2.4492935982947064e-16,1.0,368.2,91.0,81.0,83.33333333333333,80.0
Innovace ,2023,1,0.49999999999999994,0.8660254037844387,365.4,80.0,100.0,81.33333333333333,94.0
Innovace ,2023,2,0.8660254037844386,0.5000000000000001,362.1,94.0,107.0,88.33333333333333,85.0
Innovace ,2023,3,1.0,6.123233995736766e-17,340.5,85.0,117.0,86.33333333333333,85.0
Innovace ,2023,4,0.8660254037844387,-0.4999999999999998,325.2,85.0,131.0,88.0,108.0
Innovace ,2023,5,0.49999999999999994,-0.8660254037844387,315.8,108.0,90.0,92.66666666666667,109.0
Innovace ,2023,6,1.2246467991473532e-16,-1.0,310.4,109.0,103.0,100.66666666666667,117.0
Innovace ,2023,7,-0.4999999999999997,-0.8660254037844388,312.1,117.0,102.0,111.33333333333333,146.0
Innovace ,2023,8,-0.8660254037844385,-0.5000000000000004,315.6,146.0,97.0,124.0,106.0
Innovace ,2023,9,-1.0,-1.8369701987210297e-16,318.9,106.0,86.0,123.0,106.0
Innovace ,2023,10,-0.8660254037844386,0.5000000000000001,320.5,106.0,73.0,119.33333333333333,81.0
Innovace ,2023,11,-0.5000000000000004,0.8660254037844384,322.1,81.0,91.0,97.66666666666667,77.0
Innovace ,2023,12,-2.4492935982947064e-16,1.0,324.5,77.0,80.0,88.0,119.0
Innovace ,2024,1,0.49999999999999994,0.8660254037844387,323.8,119.0,94.0,92.33333333333333,84.0
Innovace ,2024,2,0.8660254037844386,0.5000000000000001,318.2,84.0,85.0,93.33333333333333,86.0
Innovace ,2024,3,1.0,6.123233995736766e-17,310.5,86.0,85.0,96.33333333333333,104.0
Innovace ,2024,4,0.8660254037844387,-0.4999999999999998,305.1,104.0,108.0,91.33333333333333,107.0
Innovace ,2024,5,0.49999999999999994,-0.8660254037844387,302.4,107.0,109.0,99.0,97.0
Innovace ,2024,6,1.2246467991473532e-16,-1.0,300.8,97.0,117.0,102.66666666666667,106.0
Innovace ,2024,7,-0.4999999999999997,-0.8660254037844388,304.5,106.0,146.0,103.33333333333333,132.0
Innovace ,2024,8,-0.8660254037844385,-0.5000000000000004,302.1,132.0,106.0,111.66666666666667,94.0
Innovace ,2024,9,-1.0,-1.8369701987210297e-16,300.5,94.0,106.0,110.66666666666667,83.0
Innovace ,2024,10,-0.8660254037844386,0.5000000000000001,305.8,83.0,81.0,103.0,114.0
Innovace ,2024,11,-0.5000000000000004,0.8660254037844384,310.2,114.0,77.0,97.0,104.0
Innovace ,2024,12,-2.4492935982947064e-16,1.0,315.4,104.0,119.0,100.33333333333333,89.0
Innovace ,2025,1,0.49999999999999994,0.8660254037844387,320.1,89.0,84.0,102.33333333333333,79.0
Innovace ,2025,2,0.8660254037844386,0.5000000000000001,322.5,79.0,86.0,90.66666666666667,93.0
Innovace ,2025,3,1.0,6.123233995736766e-17,325.8,93.0,104.0,87.0,108.0
Innovace ,2025,4,0.8660254037844387,-0.4999999999999998,328.1,108.0,107.0,93.33333333333333,135.0
Innovace ,2025,5,0.49999999999999994,-0.8660254037844387,330.4,135.0,97.0,112.0,99.0
Innovace ,2025,6,1.2246467991473532e-16,-1.0,332.1,99.0,106.0,114.0,118.0
Innovace ,2025,7,-0.4999999999999997,-0.8660254037844388,335.2,118.0,132.0,117.33333333333333,90.0
Innovace ,2025,8,-0.8660254037844385,-0.5000000000000004,338.5,90.0,94.0,102.33333333333333,40.0
Innovace ,2025,9,-1.0,-1.8369701987210297e-16,340.2,40.0,83.0,82.66666666666667,134.0
Innovace ,2025,10,-0.8660254037844386,0.5000000000000001,342.1,134.0,114.0,88.0,160.0
Innovace ,2025,11,-0.5000000000000004,0.8660254037844384,345.5,160.0,104.0,111.33333333333333,51.0
Innovace ,2025,12,-2.4492935982947064e-16,1.0,348.9,51.0,89.0,115.0,88.0
Innovace ,2026,1,0.49999999999999994,0.8660254037844387,310.5,88.0,79.0,99.66666666666667,189.0
Lipitor ,2020,1,0.49999999999999994,0.8660254037844387,181.3,0.0,0.0,0.0,583.0
Lipitor ,2020,2,0.8660254037844386,0.5000000000000001,181.5,583.0,0.0,0.0,638.0
Lipitor ,2020,3,1.0,6.123233995736766e-17,185.3,638.0,0.0,0.0,575.0
Lipitor ,2020,4,0.8660254037844387,-0.4999999999999998,192.5,575.0,0.0,598.6666666666666,513.0
Lipitor ,2020,5,0.49999999999999994,-0.8660254037844387,188.2,513.0,0.0,575.3333333333334,702.0
Lipitor ,2020,6,1.2246467991473532e-16,-1.0,186.4,702.0,0.0,596.6666666666666,775.0
Lipitor ,2020,7,-0.4999999999999997,-0.8660254037844388,185.9,775.0,0.0,663.3333333333334,692.0
Lipitor ,2020,8,-0.8660254037844385,-0.5000000000000004,184.2,692.0,0.0,723.0,775.0
Lipitor ,2020,9,-1.0,-1.8369701987210297e-16,184.8,775.0,0.0,747.3333333333334,827.0
Lipitor ,2020,10,-0.8660254037844386,0.5000000000000001,184.5,827.0,0.0,764.6666666666666,817.0
Lipitor ,2020,11,-0.5000000000000004,0.8660254037844384,185.1,817.0,0.0,806.3333333333334,746.0
Lipitor ,2020,12,-2.4492935982947064e-16,1.0,186.7,746.0,0.0,796.6666666666666,723.0
Lipitor ,2021,1,0.49999999999999994,0.8660254037844387,190.2,723.0,583.0,762.0,691.0
Lipitor ,2021,2,0.8660254037844386,0.5000000000000001,194.5,691.0,638.0,720.0,527.0
Lipitor ,2021,3,1.0,6.123233995736766e-17,198.1,527.0,575.0,647.0,682.0
Lipitor ,2021,4,0.8660254037844387,-0.4999999999999998,201.3,682.0,513.0,633.3333333333334,507.0
Lipitor ,2021,5,0.49999999999999994,-0.8660254037844387,200.5,507.0,702.0,572.0,569.0
Lipitor ,2021,6,1.2246467991473532e-16,-1.0,201.8,569.0,775.0,586.0,817.0
Lipitor ,2021,7,-0.4999999999999997,-0.8660254037844388,202.4,817.0,692.0,631.0,800.0
Lipitor ,2021,8,-0.8660254037844385,-0.5000000000000004,203.1,800.0,775.0,728.6666666666666,918.0
Lipitor ,2021,9,-1.0,-1.8369701987210297e-16,203.5,918.0,827.0,845.0,723.0
Lipitor ,2021,10,-0.8660254037844386,0.5000000000000001,203.2,723.0,817.0,813.6666666666666,637.0
Lipitor ,2021,11,-0.5000000000000004,0.8660254037844384,203.8,637.0,746.0,759.3333333333334,720.0
Lipitor ,2021,12,-2.4492935982947064e-16,1.0,204.5,720.0,723.0,693.3333333333334,737.0
Lipitor ,2022,1,0.49999999999999994,0.8660254037844387,205.1,737.0,691.0,698.0,710.0
Lipitor ,2022,2,0.8660254037844386,0.5000000000000001,208.4,710.0,527.0,722.3333333333334,809.0
Lipitor ,2022,3,1.0,6.123233995736766e-17,290.5,809.0,682.0,752.0,639.0
Lipitor ,2022,4,0.8660254037844387,-0.4999999999999998,320.1,639.0,507.0,719.3333333333334,719.0
Lipitor ,2022,5,0.49999999999999994,-0.8660254037844387,355.4,719.0,569.0,722.3333333333334,607.0
Lipitor ,2022,6,1.2246467991473532e-16,-1.0,360.2,607.0,817.0,655.0,789.0
Lipitor ,2022,7,-0.4999999999999997,-0.8660254037844388,362.5,789.0,800.0,705.0,775.0
Lipitor ,2022,8,-0.8660254037844385,-0.5000000000000004,361.8,775.0,918.0,723.6666666666666,721.0
Lipitor ,2022,9,-1.0,-1.8369701987210297e-16,363.2,721.0,723.0,761.6666666666666,798.0
Lipitor ,2022,10,-0.8660254037844386,0.5000000000000001,365.1,798.0,637.0,764.6666666666666,809.0
Lipitor ,2022,11,-0.5000000000000004,0.8660254037844384,366.5,809.0,720.0,776.0,787.0
Lipitor ,2022,12,-2.4492935982947064e-16,1.0,368.2,787.0,737.0,798.0,1040.0
Lipitor ,2023,1,0.49999999999999994,0.8660254037844387,365.4,1040.0,710.0,878.6666666666666,759.0
Lipitor ,2023,2,0.8660254037844386,0.5000000000000001,362.1,759.0,809.0,862.0,722.0
Lipitor ,2023,3,1.0,6.123233995736766e-17,340.5,722.0,639.0,840.3333333333334,540.0
Lipitor ,2023,4,0.8660254037844387,-0.4999999999999998,325.2,540.0,719.0,673.6666666666666,654.0
Lipitor ,2023,5,0.49999999999999994,-0.8660254037844387,315.8,654.0,607.0,638.6666666666666,743.0
Lipitor ,2023,6,1.2246467991473532e-16,-1.0,310.4,743.0,789.0,645.6666666666666,730.0
Lipitor ,2023,7,-0.4999999999999997,-0.8660254037844388,312.1,730.0,775.0,709.0,1046.0
Lipitor ,2023,8,-0.8660254037844385,-0.5000000000000004,315.6,1046.0,721.0,839.6666666666666,864.0
Lipitor ,2023,9,-1.0,-1.8369701987210297e-16,318.9,864.0,798.0,880.0,1101.0
Lipitor ,2023,10,-0.8660254037844386,0.5000000000000001,320.5,1101.0,809.0,1003.6666666666666,921.0
Lipitor ,2023,11,-0.5000000000000004,0.8660254037844384,322.1,921.0,787.0,962.0,905.0
Lipitor ,2023,12,-2.4492935982947064e-16,1.0,324.5,905.0,1040.0,975.6666666666666,863.0
Lipitor ,2024,1,0.49999999999999994,0.8660254037844387,323.8,863.0,759.0,896.3333333333334,846.0
Lipitor ,2024,2,0.8660254037844386,0.5000000000000001,318.2,846.0,722.0,871.3333333333334,1064.0
Lipitor ,2024,3,1.0,6.123233995736766e-17,310.5,1064.0,540.0,924.3333333333334,574.0
Lipitor ,2024,4,0.8660254037844387,-0.4999999999999998,305.1,574.0,654.0,828.0,608.0
Lipitor ,2024,5,0.49999999999999994,-0.8660254037844387,302.4,608.0,743.0,748.6666666666666,782.0
Lipitor ,2024,6,1.2246467991473532e-16,-1.0,300.8,782.0,730.0,654.6666666666666,890.0
Lipitor ,2024,7,-0.4999999999999997,-0.8660254037844388,304.5,890.0,1046.0,760.0,1035.0
Lipitor ,2024,8,-0.8660254037844385,-0.5000000000000004,302.1,1035.0,864.0,902.3333333333334,1043.0
Lipitor ,2024,9,-1.0,-1.8369701987210297e-16,300.5,1043.0,1101.0,989.3333333333334,941.0
Lipitor ,2024,10,-0.8660254037844386,0.5000000000000001,305.8,941.0,921.0,1006.3333333333334,1167.0
Lipitor ,2024,11,-0.5000000000000004,0.8660254037844384,310.2,1167.0,905.0,1050.3333333333333,1153.0
Lipitor ,2024,12,-2.4492935982947064e-16,1.0,315.4,1153.0,863.0,1087.0,987.0
Lipitor ,2025,1,0.49999999999999994,0.8660254037844387,320.1,987.0,846.0,1102.3333333333333,1073.0
Lipitor ,2025,2,0.8660254037844386,0.5000000000000001,322.5,1073.0,1064.0,1071.0,940.0
Lipitor ,2025,3,1.0,6.123233995736766e-17,325.8,940.0,574.0,1000.0,820.0
Lipitor ,2025,4,0.8660254037844387,-0.4999999999999998,328.1,820.0,608.0,944.3333333333334,1001.0
Lipitor ,2025,5,0.49999999999999994,-0.8660254037844387,330.4,1001.0,782.0,920.3333333333334,947.0
Lipitor ,2025,6,1.2246467991473532e-16,-1.0,332.1,947.0,890.0,922.6666666666666,916.0
Lipitor ,2025,7,-0.4999999999999997,-0.8660254037844388,335.2,916.0,1035.0,954.6666666666666,47.0
Lipitor ,2025,8,-0.8660254037844385,-0.5000000000000004,338.5,47.0,1043.0,636.6666666666666,340.0
Lipitor ,2025,9,-1.0,-1.8369701987210297e-16,340.2,340.0,941.0,434.3333333333333,836.0
Lipitor ,2025,10,-0.8660254037844386,0.5000000000000001,342.1,836.0,1167.0,407.6666666666667,432.0
Lipitor ,2025,11,-0.5000000000000004,0.8660254037844384,345.5,432.0,1153.0,536.0,4273.0
Lipitor ,2025,12,-2.4492935982947064e-16,1.0,348.9,4273.0,987.0,1847.0,675.0
Lipitor ,2026,1,0.49999999999999994,0.8660254037844387,310.5,675.0,1073.0,1793.3333333333333,300.0
Losacar ,2020,1,0.49999999999999994,0.8660254037844387,181.3,0.0,0.0,0.0,5754.0
Losacar ,2020,2,0.8660254037844386,0.5000000000000001,181.5,5754.0,0.0,0.0,5336.0
Losacar ,2020,3,1.0,6.123233995736766e-17,185.3,5336.0,0.0,0.0,5224.0
Losacar ,2020,4,0.8660254037844387,-0.4999999999999998,192.5,5224.0,0.0,5438.0,4386.0
Losacar ,2020,5,0.49999999999999994,-0.8660254037844387,188.2,4386.0,0.0,4982.0,3967.0
Losacar ,2020,6,1.2246467991473532e-16,-1.0,186.4,3967.0,0.0,4525.666666666667,4089.0
Losacar ,2020,7,-0.4999999999999997,-0.8660254037844388,185.9,4089.0,0.0,4147.333333333333,3790.0
Losacar ,2020,8,-0.8660254037844385,-0.5000000000000004,184.2,3790.0,0.0,3948.6666666666665,5257.0
Losacar ,2020,9,-1.0,-1.8369701987210297e-16,184.8,5257.0,0.0,4378.666666666667,5227.0
Losacar ,2020,10,-0.8660254037844386,0.5000000000000001,184.5,5227.0,0.0,4758.0,5102.0
Losacar ,2020,11,-0.5000000000000004,0.8660254037844384,185.1,5102.0,0.0,5195.333333333333,3536.0
Losacar ,2020,12,-2.4492935982947064e-16,1.0,186.7,3536.0,0.0,4621.666666666667,4527.0
Losacar ,2021,1,0.49999999999999994,0.8660254037844387,190.2,4527.0,5754.0,4388.333333333333,6292.0
Losacar ,2021,2,0.8660254037844386,0.5000000000000001,194.5,6292.0,5336.0,4785.0,4645.0
Losacar ,2021,3,1.0,6.123233995736766e-17,198.1,4645.0,5224.0,5154.666666666667,5233.0
Losacar ,2021,4,0.8660254037844387,-0.4999999999999998,201.3,5233.0,4386.0,5390.0,3934.0
Losacar ,2021,5,0.49999999999999994,-0.8660254037844387,200.5,3934.0,3967.0,4604.0,6004.0
Losacar ,2021,6,1.2246467991473532e-16,-1.0,201.8,6004.0,4089.0,5057.0,4837.0
Losacar ,2021,7,-0.4999999999999997,-0.8660254037844388,202.4,4837.0,3790.0,4925.0,5368.0
Losacar ,2021,8,-0.8660254037844385,-0.5000000000000004,203.1,5368.0,5257.0,5403.0,7631.0
Losacar ,2021,9,-1.0,-1.8369701987210297e-16,203.5,7631.0,5227.0,5945.333333333333,7051.0
Losacar ,2021,10,-0.8660254037844386,0.5000000000000001,203.2,7051.0,5102.0,6683.333333333333,5523.0
Losacar ,2021,11,-0.5000000000000004,0.8660254037844384,203.8,5523.0,3536.0,6735.0,5347.0
Losacar ,2021,12,-2.4492935982947064e-16,1.0,204.5,5347.0,4527.0,5973.666666666667,5515.0
Losacar ,2022,1,0.49999999999999994,0.8660254037844387,205.1,5515.0,6292.0,5461.666666666667,6091.0
Losacar ,2022,2,0.8660254037844386,0.5000000000000001,208.4,6091.0,4645.0,5651.0,5360.0
Losacar ,2022,3,1.0,6.123233995736766e-17,290.5,5360.0,5233.0,5655.333333333333,4957.0
Losacar ,2022,4,0.8660254037844387,-0.4999999999999998,320.1,4957.0,3934.0,5469.333333333333,6409.0
Losacar ,2022,5,0.49999999999999994,-0.8660254037844387,355.4,6409.0,6004.0,5575.333333333333,5047.0
Losacar ,2022,6,1.2246467991473532e-16,-1.0,360.2,5047.0,4837.0,5471.0,7405.0
Losacar ,2022,7,-0.4999999999999997,-0.8660254037844388,362.5,7405.0,5368.0,6287.0,5528.0
Losacar ,2022,8,-0.8660254037844385,-0.5000000000000004,361.8,5528.0,7631.0,5993.333333333333,7466.0
Losacar ,2022,9,-1.0,-1.8369701987210297e-16,363.2,7466.0,7051.0,6799.666666666667,6288.0
Losacar ,2022,10,-0.8660254037844386,0.5000000000000001,365.1,6288.0,5523.0,6427.333333333333,7090.0
Losacar ,2022,11,-0.5000000000000004,0.8660254037844384,366.5,7090.0,5347.0,6948.0,5563.0
Losacar ,2022,12,-2.4492935982947064e-16,1.0,368.2,5563.0,5515.0,6313.666666666667,5406.0
Losacar ,2023,1,0.49999999999999994,0.8660254037844387,365.4,5406.0,6091.0,6019.666666666667,6415.0
Losacar ,2023,2,0.8660254037844386,0.5000000000000001,362.1,6415.0,5360.0,5794.666666666667,6702.0
Losacar ,2023,3,1.0,6.123233995736766e-17,340.5,6702.0,4957.0,6174.333333333333,5615.0
Losacar ,2023,4,0.8660254037844387,-0.4999999999999998,325.2,5615.0,6409.0,6244.0,4499.0
Losacar ,2023,5,0.49999999999999994,-0.8660254037844387,315.8,4499.0,5047.0,5605.333333333333,4442.0
Losacar ,2023,6,1.2246467991473532e-16,-1.0,310.4,4442.0,7405.0,4852.0,4493.0
Losacar ,2023,7,-0.4999999999999997,-0.8660254037844388,312.1,4493.0,5528.0,4478.0,4439.0
Losacar ,2023,8,-0.8660254037844385,-0.5000000000000004,315.6,4439.0,7466.0,4458.0,6162.0
Losacar ,2023,9,-1.0,-1.8369701987210297e-16,318.9,6162.0,6288.0,5031.333333333333,7486.0
Losacar ,2023,10,-0.8660254037844386,0.5000000000000001,320.5,7486.0,7090.0,6029.0,6498.0
Losacar ,2023,11,-0.5000000000000004,0.8660254037844384,322.1,6498.0,5563.0,6715.333333333333,4688.0
Losacar ,2023,12,-2.4492935982947064e-16,1.0,324.5,4688.0,5406.0,6224.0,6337.0
Losacar ,2024,1,0.49999999999999994,0.8660254037844387,323.8,6337.0,6415.0,5841.0,6200.0
Losacar ,2024,2,0.8660254037844386,0.5000000000000001,318.2,6200.0,6702.0,5741.666666666667,8396.0
Losacar ,2024,3,1.0,6.123233995736766e-17,310.5,8396.0,5615.0,6977.666666666667,4759.0
Losacar ,2024,4,0.8660254037844387,-0.4999999999999998,305.1,4759.0,4499.0,6451.666666666667,5461.0
Losacar ,2024,5,0.49999999999999994,-0.8660254037844387,302.4,5461.0,4442.0,6205.333333333333,7466.0
Losacar ,2024,6,1.2246467991473532e-16,-1.0,300.8,7466.0,4493.0,5895.333333333333,6317.0
Losacar ,2024,7,-0.4999999999999997,-0.8660254037844388,304.5,6317.0,4439.0,6414.666666666667,6681.0
Losacar ,2024,8,-0.8660254037844385,-0.5000000000000004,302.1,6681.0,6162.0,6821.333333333333,6543.0
Losacar ,2024,9,-1.0,-1.8369701987210297e-16,300.5,6543.0,7486.0,6513.666666666667,7050.0
Losacar ,2024,10,-0.8660254037844386,0.5000000000000001,305.8,7050.0,6498.0,6758.0,7764.0
Losacar ,2024,11,-0.5000000000000004,0.8660254037844384,310.2,7764.0,4688.0,7119.0,6184.0
Losacar ,2024,12,-2.4492935982947064e-16,1.0,315.4,6184.0,6337.0,6999.333333333333,7893.0
Losacar ,2025,1,0.49999999999999994,0.8660254037844387,320.1,7893.0,6200.0,7280.333333333333,5487.0
Losacar ,2025,2,0.8660254037844386,0.5000000000000001,322.5,5487.0,8396.0,6521.333333333333,6834.0
Losacar ,2025,3,1.0,6.123233995736766e-17,325.8,6834.0,4759.0,6738.0,6455.0
Losacar ,2025,4,0.8660254037844387,-0.4999999999999998,328.1,6455.0,5461.0,6258.666666666667,5602.0
Losacar ,2025,5,0.49999999999999994,-0.8660254037844387,330.4,5602.0,7466.0,6297.0,6113.0
Losacar ,2025,6,1.2246467991473532e-16,-1.0,332.1,6113.0,6317.0,6056.666666666667,3073.0
Losacar ,2025,7,-0.4999999999999997,-0.8660254037844388,335.2,3073.0,6681.0,4929.333333333333,4159.0
Losacar ,2025,8,-0.8660254037844385,-0.5000000000000004,338.5,4159.0,6543.0,4448.333333333333,7508.0
Losacar ,2025,9,-1.0,-1.8369701987210297e-16,340.2,7508.0,7050.0,4913.333333333333,10165.0
Losacar ,2025,10,-0.8660254037844386,0.5000000000000001,342.1,10165.0,7764.0,7277.333333333333,4002.0
Losacar ,2025,11,-0.5000000000000004,0.8660254037844384,345.5,4002.0,6184.0,7225.0,15091.0
Losacar ,2025,12,-2.4492935982947064e-16,1.0,348.9,15091.0,7893.0,9752.666666666666,5325.0
Losacar ,2026,1,0.49999999999999994,0.8660254037844387,310.5,5325.0,5487.0,8139.333333333333,580.0
Metfogen-XR,2020,1,0.49999999999999994,0.8660254037844387,181.3,0.0,0.0,0.0,6299.0
Metfogen-XR,2020,2,0.8660254037844386,0.5000000000000001,181.5,6299.0,0.0,0.0,6859.0
Metfogen-XR,2020,3,1.0,6.123233995736766e-17,185.3,6859.0,0.0,0.0,6790.0
Metfogen-XR,2020,4,0.8660254037844387,-0.4999999999999998,192.5,6790.0,0.0,6649.333333333333,6856.0
Metfogen-XR,2020,5,0.49999999999999994,-0.8660254037844387,188.2,6856.0,0.0,6835.0,5903.0
Metfogen-XR,2020,6,1.2246467991473532e-16,-1.0,186.4,5903.0,0.0,6516.333333333333,5416.0
Metfogen-XR,2020,7,-0.4999999999999997,-0.8660254037844388,185.9,5416.0,0.0,6058.333333333333,5544.0
Metfogen-XR,2020,8,-0.8660254037844385,-0.5000000000000004,184.2,5544.0,0.0,5621.0,4315.0
Metfogen-XR,2020,9,-1.0,-1.8369701987210297e-16,184.8,4315.0,0.0,5091.666666666667,4536.0
Metfogen-XR,2020,10,-0.8660254037844386,0.5000000000000001,184.5,4536.0,0.0,4798.333333333333,4779.0
Metfogen-XR,2020,11,-0.5000000000000004,0.8660254037844384,185.1,4779.0,0.0,4543.333333333333,5245.0
Metfogen-XR,2020,12,-2.4492935982947064e-16,1.0,186.7,5245.0,0.0,4853.333333333333,6754.0
Metfogen-XR,2021,1,0.49999999999999994,0.8660254037844387,190.2,6754.0,6299.0,5592.666666666667,5736.0
Metfogen-XR,2021,2,0.8660254037844386,0.5000000000000001,194.5,5736.0,6859.0,5911.666666666667,6302.0
Metfogen-XR,2021,3,1.0,6.123233995736766e-17,198.1,6302.0,6790.0,6264.0,8064.0
Metfogen-XR,2021,4,0.8660254037844387,-0.4999999999999998,201.3,8064.0,6856.0,6700.666666666667,6147.0
Metfogen-XR,2021,5,0.49999999999999994,-0.8660254037844387,200.5,6147.0,5903.0,6837.666666666667,6993.0
Metfogen-XR,2021,6,1.2246467991473532e-16,-1.0,201.8,6993.0,5416.0,7068.0,5243.0
Metfogen-XR,2021,7,-0.4999999999999997,-0.8660254037844388,202.4,5243.0,5544.0,6127.666666666667,5685.0
Metfogen-XR,2021,8,-0.8660254037844385,-0.5000000000000004,203.1,5685.0,4315.0,5973.666666666667,5037.0
Metfogen-XR,2021,9,-1.0,-1.8369701987210297e-16,203.5,5037.0,4536.0,5321.666666666667,5597.0
Metfogen-XR,2021,10,-0.8660254037844386,0.5000000000000001,203.2,5597.0,4779.0,5439.666666666667,6909.0
Metfogen-XR,2021,11,-0.5000000000000004,0.8660254037844384,203.8,6909.0,5245.0,5847.666666666667,4913.0
Metfogen-XR,2021,12,-2.4492935982947064e-16,1.0,204.5,4913.0,6754.0,5806.333333333333,7095.0
Metfogen-XR,2022,1,0.49999999999999994,0.8660254037844387,205.1,7095.0,5736.0,6305.666666666667,7116.0
Metfogen-XR,2022,2,0.8660254037844386,0.5000000000000001,208.4,7116.0,6302.0,6374.666666666667,6376.0
Metfogen-XR,2022,3,1.0,6.123233995736766e-17,290.5,6376.0,8064.0,6862.333333333333,5583.0
Metfogen-XR,2022,4,0.8660254037844387,-0.4999999999999998,320.1,5583.0,6147.0,6358.333333333333,6850.0
Metfogen-XR,2022,5,0.49999999999999994,-0.8660254037844387,355.4,6850.0,6993.0,6269.666666666667,6044.0
Metfogen-XR,2022,6,1.2246467991473532e-16,-1.0,360.2,6044.0,5243.0,6159.0,6527.0
Metfogen-XR,2022,7,-0.4999999999999997,-0.8660254037844388,362.5,6527.0,5685.0,6473.666666666667,6147.0
Metfogen-XR,2022,8,-0.8660254037844385,-0.5000000000000004,361.8,6147.0,5037.0,6239.333333333333,7719.0
Metfogen-XR,2022,9,-1.0,-1.8369701987210297e-16,363.2,7719.0,5597.0,6797.666666666667,5937.0
Metfogen-XR,2022,10,-0.8660254037844386,0.5000000000000001,365.1,5937.0,6909.0,6601.0,5459.0
Metfogen-XR,2022,11,-0.5000000000000004,0.8660254037844384,366.5,5459.0,4913.0,6371.666666666667,6834.0
Metfogen-XR,2022,12,-2.4492935982947064e-16,1.0,368.2,6834.0,7095.0,6076.666666666667,7180.0
Metfogen-XR,2023,1,0.49999999999999994,0.8660254037844387,365.4,7180.0,7116.0,6491.0,8799.0
Metfogen-XR,2023,2,0.8660254037844386,0.5000000000000001,362.1,8799.0,6376.0,7604.333333333333,8256.0
Metfogen-XR,2023,3,1.0,6.123233995736766e-17,340.5,8256.0,5583.0,8078.333333333333,7646.0
Metfogen-XR,2023,4,0.8660254037844387,-0.4999999999999998,325.2,7646.0,6850.0,8233.666666666666,8820.0
Metfogen-XR,2023,5,0.49999999999999994,-0.8660254037844387,315.8,8820.0,6044.0,8240.666666666666,5721.0
Metfogen-XR,2023,6,1.2246467991473532e-16,-1.0,310.4,5721.0,6527.0,7395.666666666667,5984.0
Metfogen-XR,2023,7,-0.4999999999999997,-0.8660254037844388,312.1,5984.0,6147.0,6841.666666666667,5572.0
Metfogen-XR,2023,8,-0.8660254037844385,-0.5000000000000004,315.6,5572.0,7719.0,5759.0,5983.0
Metfogen-XR,2023,9,-1.0,-1.8369701987210297e-16,318.9,5983.0,5937.0,5846.333333333333,5232.0
Metfogen-XR,2023,10,-0.8660254037844386,0.5000000000000001,320.5,5232.0,5459.0,5595.666666666667,7317.0
Metfogen-XR,2023,11,-0.5000000000000004,0.8660254037844384,322.1,7317.0,6834.0,6177.333333333333,6724.0
Metfogen-XR,2023,12,-2.4492935982947064e-16,1.0,324.5,6724.0,7180.0,6424.333333333333,5823.0
Metfogen-XR,2024,1,0.49999999999999994,0.8660254037844387,323.8,5823.0,8799.0,6621.333333333333,6440.0
Metfogen-XR,2024,2,0.8660254037844386,0.5000000000000001,318.2,6440.0,8256.0,6329.0,7978.0
Metfogen-XR,2024,3,1.0,6.123233995736766e-17,310.5,7978.0,7646.0,6747.0,8588.0
Metfogen-XR,2024,4,0.8660254037844387,-0.4999999999999998,305.1,8588.0,8820.0,7668.666666666667,9985.0
Metfogen-XR,2024,5,0.49999999999999994,-0.8660254037844387,302.4,9985.0,5721.0,8850.333333333334,11063.0
Metfogen-XR,2024,6,1.2246467991473532e-16,-1.0,300.8,11063.0,5984.0,9878.666666666666,7325.0
Metfogen-XR,2024,7,-0.4999999999999997,-0.8660254037844388,304.5,7325.0,5572.0,9457.666666666666,5769.0
Metfogen-XR,2024,8,-0.8660254037844385,-0.5000000000000004,302.1,5769.0,5983.0,8052.333333333333,4815.0
Metfogen-XR,2024,9,-1.0,-1.8369701987210297e-16,300.5,4815.0,5232.0,5969.666666666667,6997.0
Metfogen-XR,2024,10,-0.8660254037844386,0.5000000000000001,305.8,6997.0,7317.0,5860.333333333333,6153.0
Metfogen-XR,2024,11,-0.5000000000000004,0.8660254037844384,310.2,6153.0,6724.0,5988.333333333333,6827.0
Metfogen-XR,2024,12,-2.4492935982947064e-16,1.0,315.4,6827.0,5823.0,6659.0,6922.0
Metfogen-XR,2025,1,0.49999999999999994,0.8660254037844387,320.1,6922.0,6440.0,6634.0,7673.0
Metfogen-XR,2025,2,0.8660254037844386,0.5000000000000001,322.5,7673.0,7978.0,7140.666666666667,9334.0
Metfogen-XR,2025,3,1.0,6.123233995736766e-17,325.8,9334.0,8588.0,7976.333333333333,8104.0
Metfogen-XR,2025,4,0.8660254037844387,-0.4999999999999998,328.1,8104.0,9985.0,8370.333333333334,7552.0
Metfogen-XR,2025,5,0.49999999999999994,-0.8660254037844387,330.4,7552.0,11063.0,8330.0,6393.0
Metfogen-XR,2025,6,1.2246467991473532e-16,-1.0,332.1,6393.0,7325.0,7349.666666666667,953.0
Metfogen-XR,2025,7,-0.4999999999999997,-0.8660254037844388,335.2,953.0,5769.0,4966.0,4894.0
Metfogen-XR,2025,8,-0.8660254037844385,-0.5000000000000004,338.5,4894.0,4815.0,4080.0,5573.0
Metfogen-XR,2025,9,-1.0,-1.8369701987210297e-16,340.2,5573.0,6997.0,3806.6666666666665,3321.0
Metfogen-XR,2025,10,-0.8660254037844386,0.5000000000000001,342.1,3321.0,6153.0,4596.0,2209.0
Metfogen-XR,2025,11,-0.5000000000000004,0.8660254037844384,345.5,2209.0,6827.0,3701.0,20334.0
Metfogen-XR,2025,12,-2.4492935982947064e-16,1.0,348.9,20334.0,6922.0,8621.333333333334,10259.0
Metfogen-XR,2026,1,0.49999999999999994,0.8660254037844387,310.5,10259.0,7673.0,10934.0,11129.0
Monocor,2026,2,0.8660254037844386,0.5000000000000001,310.67,0.0,0.0,0.0,1000.0
Monocor ,2020,1,0.49999999999999994,0.8660254037844387,181.3,0.0,0.0,0.0,145.0
Monocor ,2020,2,0.8660254037844386,0.5000000000000001,181.5,145.0,0.0,0.0,135.0
Monocor ,2020,3,1.0,6.123233995736766e-17,185.3,135.0,0.0,0.0,184.0
Monocor ,2020,4,0.8660254037844387,-0.4999999999999998,192.5,184.0,0.0,154.66666666666666,120.0
Monocor ,2020,5,0.49999999999999994,-0.8660254037844387,188.2,120.0,0.0,146.33333333333334,180.0
Monocor ,2020,6,1.2246467991473532e-16,-1.0,186.4,180.0,0.0,161.33333333333334,137.0
Monocor ,2020,7,-0.4999999999999997,-0.8660254037844388,185.9,137.0,0.0,145.66666666666666,114.0
Monocor ,2020,8,-0.8660254037844385,-0.5000000000000004,184.2,114.0,0.0,143.66666666666666,123.0
Monocor ,2020,9,-1.0,-1.8369701987210297e-16,184.8,123.0,0.0,124.66666666666667,125.0
Monocor ,2020,10,-0.8660254037844386,0.5000000000000001,184.5,125.0,0.0,120.66666666666667,121.0
Monocor ,2020,11,-0.5000000000000004,0.8660254037844384,185.1,121.0,0.0,123.0,156.0
Monocor ,2020,12,-2.4492935982947064e-16,1.0,186.7,156.0,0.0,134.0,133.0
Monocor ,2021,1,0.49999999999999994,0.8660254037844387,190.2,133.0,145.0,136.66666666666666,118.0
Monocor ,2021,2,0.8660254037844386,0.5000000000000001,194.5,118.0,135.0,135.66666666666666,155.0
Monocor ,2021,3,1.0,6.123233995736766e-17,198.1,155.0,184.0,135.33333333333334,123.0
Monocor ,2021,4,0.8660254037844387,-0.4999999999999998,201.3,123.0,120.0,132.0,139.0
Monocor ,2021,5,0.49999999999999994,-0.8660254037844387,200.5,139.0,180.0,139.0,131.0
Monocor ,2021,6,1.2246467991473532e-16,-1.0,201.8,131.0,137.0,131.0,128.0
Monocor ,2021,7,-0.4999999999999997,-0.8660254037844388,202.4,128.0,114.0,132.66666666666666,194.0
Monocor ,2021,8,-0.8660254037844385,-0.5000000000000004,203.1,194.0,123.0,151.0,146.0
Monocor ,2021,9,-1.0,-1.8369701987210297e-16,203.5,146.0,125.0,156.0,155.0
Monocor ,2021,10,-0.8660254037844386,0.5000000000000001,203.2,155.0,121.0,165.0,120.0
Monocor ,2021,11,-0.5000000000000004,0.8660254037844384,203.8,120.0,156.0,140.33333333333334,148.0
Monocor ,2021,12,-2.4492935982947064e-16,1.0,204.5,148.0,133.0,141.0,175.0
Monocor ,2022,1,0.49999999999999994,0.8660254037844387,205.1,175.0,118.0,147.66666666666666,149.0
Monocor ,2022,2,0.8660254037844386,0.5000000000000001,208.4,149.0,155.0,157.33333333333334,200.0
Monocor ,2022,3,1.0,6.123233995736766e-17,290.5,200.0,123.0,174.66666666666666,143.0
Monocor ,2022,4,0.8660254037844387,-0.4999999999999998,320.1,143.0,139.0,164.0,159.0
Monocor ,2022,5,0.49999999999999994,-0.8660254037844387,355.4,159.0,131.0,167.33333333333334,147.0
Monocor ,2022,6,1.2246467991473532e-16,-1.0,360.2,147.0,128.0,149.66666666666666,159.0
Monocor ,2022,7,-0.4999999999999997,-0.8660254037844388,362.5,159.0,194.0,155.0,139.0
Monocor ,2022,8,-0.8660254037844385,-0.5000000000000004,361.8,139.0,146.0,148.33333333333334,148.0
Monocor ,2022,9,-1.0,-1.8369701987210297e-16,363.2,148.0,155.0,148.66666666666666,153.0
Monocor ,2022,10,-0.8660254037844386,0.5000000000000001,365.1,153.0,120.0,146.66666666666666,149.0
Monocor ,2022,11,-0.5000000000000004,0.8660254037844384,366.5,149.0,148.0,150.0,187.0
Monocor ,2022,12,-2.4492935982947064e-16,1.0,368.2,187.0,175.0,163.0,187.0
Monocor ,2023,1,0.49999999999999994,0.8660254037844387,365.4,187.0,149.0,174.33333333333334,182.0
Monocor ,2023,2,0.8660254037844386,0.5000000000000001,362.1,182.0,200.0,185.33333333333334,174.0
Monocor ,2023,3,1.0,6.123233995736766e-17,340.5,174.0,143.0,181.0,205.0
Monocor ,2023,4,0.8660254037844387,-0.4999999999999998,325.2,205.0,159.0,187.0,170.0
Monocor ,2023,5,0.49999999999999994,-0.8660254037844387,315.8,170.0,147.0,183.0,163.0
Monocor ,2023,6,1.2246467991473532e-16,-1.0,310.4,163.0,159.0,179.33333333333334,168.0
Monocor ,2023,7,-0.4999999999999997,-0.8660254037844388,312.1,168.0,139.0,167.0,210.0
Monocor ,2023,8,-0.8660254037844385,-0.5000000000000004,315.6,210.0,148.0,180.33333333333334,134.0
Monocor ,2023,9,-1.0,-1.8369701987210297e-16,318.9,134.0,153.0,170.66666666666666,190.0
Monocor ,2023,10,-0.8660254037844386,0.5000000000000001,320.5,190.0,149.0,178.0,133.0
Monocor ,2023,11,-0.5000000000000004,0.8660254037844384,322.1,133.0,187.0,152.33333333333334,191.0
Monocor ,2023,12,-2.4492935982947064e-16,1.0,324.5,191.0,187.0,171.33333333333334,243.0
Monocor ,2024,1,0.49999999999999994,0.8660254037844387,323.8,243.0,182.0,189.0,211.0
Monocor ,2024,2,0.8660254037844386,0.5000000000000001,318.2,211.0,174.0,215.0,202.0
Monocor ,2024,3,1.0,6.123233995736766e-17,310.5,202.0,205.0,218.66666666666666,178.0
Monocor ,2024,4,0.8660254037844387,-0.4999999999999998,305.1,178.0,170.0,197.0,189.0
Monocor ,2024,5,0.49999999999999994,-0.8660254037844387,302.4,189.0,163.0,189.66666666666666,174.0
Monocor ,2024,6,1.2246467991473532e-16,-1.0,300.8,174.0,168.0,180.33333333333334,156.0
Monocor ,2024,7,-0.4999999999999997,-0.8660254037844388,304.5,156.0,210.0,173.0,166.0
Monocor ,2024,8,-0.8660254037844385,-0.5000000000000004,302.1,166.0,134.0,165.33333333333334,180.0
Monocor ,2024,9,-1.0,-1.8369701987210297e-16,300.5,180.0,190.0,167.33333333333334,160.0
Monocor ,2024,10,-0.8660254037844386,0.5000000000000001,305.8,160.0,133.0,168.66666666666666,167.0
Monocor ,2024,11,-0.5000000000000004,0.8660254037844384,310.2,167.0,191.0,169.0,160.0
Monocor ,2024,12,-2.4492935982947064e-16,1.0,315.4,160.0,243.0,162.33333333333334,217.0
Monocor ,2025,1,0.49999999999999994,0.8660254037844387,320.1,217.0,211.0,181.33333333333334,227.0
Monocor ,2025,2,0.8660254037844386,0.5000000000000001,322.5,227.0,202.0,201.33333333333334,217.0
Monocor ,2025,3,1.0,6.123233995736766e-17,325.8,217.0,178.0,220.33333333333334,238.0
Monocor ,2025,4,0.8660254037844387,-0.4999999999999998,328.1,238.0,189.0,227.33333333333334,202.0
Monocor ,2025,5,0.49999999999999994,-0.8660254037844387,330.4,202.0,174.0,219.0,204.0
Monocor ,2025,6,1.2246467991473532e-16,-1.0,332.1,204.0,156.0,214.66666666666666,220.0
Monocor ,2025,7,-0.4999999999999997,-0.8660254037844388,335.2,220.0,166.0,208.66666666666666,108.0
Monocor ,2025,8,-0.8660254037844385,-0.5000000000000004,338.5,108.0,180.0,177.33333333333334,116.0
Monocor ,2025,9,-1.0,-1.8369701987210297e-16,340.2,116.0,160.0,148.0,245.0
Monocor ,2025,10,-0.8660254037844386,0.5000000000000001,342.1,245.0,167.0,156.33333333333334,172.0
Monocor ,2025,11,-0.5000000000000004,0.8660254037844384,345.5,172.0,160.0,177.66666666666666,427.0
Monocor ,2025,12,-2.4492935982947064e-16,1.0,348.9,427.0,217.0,281.3333333333333,66.0
Monocor ,2026,1,0.49999999999999994,0.8660254037844387,310.5,66.0,227.0,221.66666666666666,323.0
Nsit ,2020,1,0.49999999999999994,0.8660254037844387,181.3,0.0,0.0,0.0,857.0
Nsit ,2020,2,0.8660254037844386,0.5000000000000001,181.5,857.0,0.0,0.0,722.0
Nsit ,2020,3,1.0,6.123233995736766e-17,185.3,722.0,0.0,0.0,657.0
Nsit ,2020,4,0.8660254037844387,-0.4999999999999998,192.5,657.0,0.0,745.3333333333334,925.0
Nsit ,2020,5,0.49999999999999994,-0.8660254037844387,188.2,925.0,0.0,768.0,894.0
Nsit ,2020,6,1.2246467991473532e-16,-1.0,186.4,894.0,0.0,825.3333333333334,1271.0
Nsit ,2020,7,-0.4999999999999997,-0.8660254037844388,185.9,1271.0,0.0,1030.0,990.0
Nsit ,2020,8,-0.8660254037844385,-0.5000000000000004,184.2,990.0,0.0,1051.6666666666667,1018.0
Nsit ,2020,9,-1.0,-1.8369701987210297e-16,184.8,1018.0,0.0,1093.0,950.0
Nsit ,2020,10,-0.8660254037844386,0.5000000000000001,184.5,950.0,0.0,986.0,1095.0
Nsit ,2020,11,-0.5000000000000004,0.8660254037844384,185.1,1095.0,0.0,1021.0,1040.0
Nsit ,2020,12,-2.4492935982947064e-16,1.0,186.7,1040.0,0.0,1028.3333333333333,1105.0
Nsit ,2021,1,0.49999999999999994,0.8660254037844387,190.2,1105.0,857.0,1080.0,818.0
Nsit ,2021,2,0.8660254037844386,0.5000000000000001,194.5,818.0,722.0,987.6666666666666,810.0
Nsit ,2021,3,1.0,6.123233995736766e-17,198.1,810.0,657.0,911.0,801.0
Nsit ,2021,4,0.8660254037844387,-0.4999999999999998,201.3,801.0,925.0,809.6666666666666,989.0
Nsit ,2021,5,0.49999999999999994,-0.8660254037844387,200.5,989.0,894.0,866.6666666666666,1143.0
Nsit ,2021,6,1.2246467991473532e-16,-1.0,201.8,1143.0,1271.0,977.6666666666666,893.0
Nsit ,2021,7,-0.4999999999999997,-0.8660254037844388,202.4,893.0,990.0,1008.3333333333334,939.0
Nsit ,2021,8,-0.8660254037844385,-0.5000000000000004,203.1,939.0,1018.0,991.6666666666666,1083.0
Nsit ,2021,9,-1.0,-1.8369701987210297e-16,203.5,1083.0,950.0,971.6666666666666,1010.0
Nsit ,2021,10,-0.8660254037844386,0.5000000000000001,203.2,1010.0,1095.0,1010.6666666666666,1203.0
Nsit ,2021,11,-0.5000000000000004,0.8660254037844384,203.8,1203.0,1040.0,1098.6666666666667,727.0
Nsit ,2021,12,-2.4492935982947064e-16,1.0,204.5,727.0,1105.0,980.0,870.0
Nsit ,2022,1,0.49999999999999994,0.8660254037844387,205.1,870.0,818.0,933.3333333333334,846.0
Nsit ,2022,2,0.8660254037844386,0.5000000000000001,208.4,846.0,810.0,814.3333333333334,656.0
Nsit ,2022,3,1.0,6.123233995736766e-17,290.5,656.0,801.0,790.6666666666666,802.0
Nsit ,2022,4,0.8660254037844387,-0.4999999999999998,320.1,802.0,989.0,768.0,824.0
Nsit ,2022,5,0.49999999999999994,-0.8660254037844387,355.4,824.0,1143.0,760.6666666666666,953.0
Nsit ,2022,6,1.2246467991473532e-16,-1.0,360.2,953.0,893.0,859.6666666666666,1216.0
Nsit ,2022,7,-0.4999999999999997,-0.8660254037844388,362.5,1216.0,939.0,997.6666666666666,1037.0
Nsit ,2022,8,-0.8660254037844385,-0.5000000000000004,361.8,1037.0,1083.0,1068.6666666666667,953.0
Nsit ,2022,9,-1.0,-1.8369701987210297e-16,363.2,953.0,1010.0,1068.6666666666667,1118.0
Nsit ,2022,10,-0.8660254037844386,0.5000000000000001,365.1,1118.0,1203.0,1036.0,1313.0
Nsit ,2022,11,-0.5000000000000004,0.8660254037844384,366.5,1313.0,727.0,1128.0,947.0
Nsit ,2022,12,-2.4492935982947064e-16,1.0,368.2,947.0,870.0,1126.0,924.0
Nsit ,2023,1,0.49999999999999994,0.8660254037844387,365.4,924.0,846.0,1061.3333333333333,1113.0
Nsit ,2023,2,0.8660254037844386,0.5000000000000001,362.1,1113.0,656.0,994.6666666666666,967.0
Nsit ,2023,3,1.0,6.123233995736766e-17,340.5,967.0,802.0,1001.3333333333334,1098.0
Nsit ,2023,4,0.8660254037844387,-0.4999999999999998,325.2,1098.0,824.0,1059.3333333333333,1014.0
Nsit ,2023,5,0.49999999999999994,-0.8660254037844387,315.8,1014.0,953.0,1026.3333333333333,1173.0
Nsit ,2023,6,1.2246467991473532e-16,-1.0,310.4,1173.0,1216.0,1095.0,948.0
Nsit ,2023,7,-0.4999999999999997,-0.8660254037844388,312.1,948.0,1037.0,1045.0,1156.0
Nsit ,2023,8,-0.8660254037844385,-0.5000000000000004,315.6,1156.0,953.0,1092.3333333333333,1159.0
Nsit ,2023,9,-1.0,-1.8369701987210297e-16,318.9,1159.0,1118.0,1087.6666666666667,1011.0
Nsit ,2023,10,-0.8660254037844386,0.5000000000000001,320.5,1011.0,1313.0,1108.6666666666667,954.0
Nsit ,2023,11,-0.5000000000000004,0.8660254037844384,322.1,954.0,947.0,1041.3333333333333,1307.0
Nsit ,2023,12,-2.4492935982947064e-16,1.0,324.5,1307.0,924.0,1090.6666666666667,1081.0
Nsit ,2024,1,0.49999999999999994,0.8660254037844387,323.8,1081.0,1113.0,1114.0,945.0
Nsit ,2024,2,0.8660254037844386,0.5000000000000001,318.2,945.0,967.0,1111.0,1060.0
Nsit ,2024,3,1.0,6.123233995736766e-17,310.5,1060.0,1098.0,1028.6666666666667,1270.0
Nsit ,2024,4,0.8660254037844387,-0.4999999999999998,305.1,1270.0,1014.0,1091.6666666666667,777.0
Nsit ,2024,5,0.49999999999999994,-0.8660254037844387,302.4,777.0,1173.0,1035.6666666666667,908.0
Nsit ,2024,6,1.2246467991473532e-16,-1.0,300.8,908.0,948.0,985.0,1037.0
Nsit ,2024,7,-0.4999999999999997,-0.8660254037844388,304.5,1037.0,1156.0,907.3333333333334,1551.0
Nsit ,2024,8,-0.8660254037844385,-0.5000000000000004,302.1,1551.0,1159.0,1165.3333333333333,1342.0
Nsit ,2024,9,-1.0,-1.8369701987210297e-16,300.5,1342.0,1011.0,1310.0,1464.0
Nsit ,2024,10,-0.8660254037844386,0.5000000000000001,305.8,1464.0,954.0,1452.3333333333333,1094.0
Nsit ,2024,11,-0.5000000000000004,0.8660254037844384,310.2,1094.0,1307.0,1300.0,1072.0
Nsit ,2024,12,-2.4492935982947064e-16,1.0,315.4,1072.0,1081.0,1210.0,1311.0
Nsit ,2025,1,0.49999999999999994,0.8660254037844387,320.1,1311.0,945.0,1159.0,1195.0
Nsit ,2025,2,0.8660254037844386,0.5000000000000001,322.5,1195.0,1060.0,1192.6666666666667,1257.0
Nsit ,2025,3,1.0,6.123233995736766e-17,325.8,1257.0,1270.0,1254.3333333333333,1121.0
Nsit ,2025,4,0.8660254037844387,-0.4999999999999998,328.1,1121.0,777.0,1191.0,1226.0
Nsit ,2025,5,0.49999999999999994,-0.8660254037844387,330.4,1226.0,908.0,1201.3333333333333,1252.0
Nsit ,2025,6,1.2246467991473532e-16,-1.0,332.1,1252.0,1037.0,1199.6666666666667,1537.0
Nsit ,2025,7,-0.4999999999999997,-0.8660254037844388,335.2,1537.0,1551.0,1338.3333333333333,184.0
Nsit ,2025,8,-0.8660254037844385,-0.5000000000000004,338.5,184.0,1342.0,991.0,1871.0
Nsit ,2025,9,-1.0,-1.8369701987210297e-16,340.2,1871.0,1464.0,1197.3333333333333,395.0
Nsit ,2025,10,-0.8660254037844386,0.5000000000000001,342.1,395.0,1094.0,816.6666666666666,1021.0
Nsit ,2025,11,-0.5000000000000004,0.8660254037844384,345.5,1021.0,1072.0,1095.6666666666667,2865.0
Nsit ,2025,12,-2.4492935982947064e-16,1.0,348.9,2865.0,1311.0,1427.0,640.0
Nsit ,2026,1,0.49999999999999994,0.8660254037844387,310.5,640.0,1195.0,1508.6666666666667,838.0
Pioz ,2020,1,0.49999999999999994,0.8660254037844387,181.3,0.0,0.0,0.0,543.0
Pioz ,2020,2,0.8660254037844386,0.5000000000000001,181.5,543.0,0.0,0.0,418.0
Pioz ,2020,3,1.0,6.123233995736766e-17,185.3,418.0,0.0,0.0,566.0
Pioz ,2020,4,0.8660254037844387,-0.4999999999999998,192.5,566.0,0.0,509.0,559.0
Pioz ,2020,5,0.49999999999999994,-0.8660254037844387,188.2,559.0,0.0,514.3333333333334,542.0
Pioz ,2020,6,1.2246467991473532e-16,-1.0,186.4,542.0,0.0,555.6666666666666,601.0
Pioz ,2020,7,-0.4999999999999997,-0.8660254037844388,185.9,601.0,0.0,567.3333333333334,531.0
Pioz ,2020,8,-0.8660254037844385,-0.5000000000000004,184.2,531.0,0.0,558.0,521.0
Pioz ,2020,9,-1.0,-1.8369701987210297e-16,184.8,521.0,0.0,551.0,499.0
Pioz ,2020,10,-0.8660254037844386,0.5000000000000001,184.5,499.0,0.0,517.0,473.0
Pioz ,2020,11,-0.5000000000000004,0.8660254037844384,185.1,473.0,0.0,497.6666666666667,348.0
Pioz ,2020,12,-2.4492935982947064e-16,1.0,186.7,348.0,0.0,440.0,477.0
Pioz ,2021,1,0.49999999999999994,0.8660254037844387,190.2,477.0,543.0,432.6666666666667,454.0
Pioz ,2021,2,0.8660254037844386,0.5000000000000001,194.5,454.0,418.0,426.3333333333333,426.0
Pioz ,2021,3,1.0,6.123233995736766e-17,198.1,426.0,566.0,452.3333333333333,690.0
Pioz ,2021,4,0.8660254037844387,-0.4999999999999998,201.3,690.0,559.0,523.3333333333334,708.0
Pioz ,2021,5,0.49999999999999994,-0.8660254037844387,200.5,708.0,542.0,608.0,670.0
Pioz ,2021,6,1.2246467991473532e-16,-1.0,201.8,670.0,601.0,689.3333333333334,557.0
Pioz ,2021,7,-0.4999999999999997,-0.8660254037844388,202.4,557.0,531.0,645.0,636.0
Pioz ,2021,8,-0.8660254037844385,-0.5000000000000004,203.1,636.0,521.0,621.0,502.0
Pioz ,2021,9,-1.0,-1.8369701987210297e-16,203.5,502.0,499.0,565.0,503.0
Pioz ,2021,10,-0.8660254037844386,0.5000000000000001,203.2,503.0,473.0,547.0,410.0
Pioz ,2021,11,-0.5000000000000004,0.8660254037844384,203.8,410.0,348.0,471.6666666666667,520.0
Pioz ,2021,12,-2.4492935982947064e-16,1.0,204.5,520.0,477.0,477.6666666666667,512.0
Pioz ,2022,1,0.49999999999999994,0.8660254037844387,205.1,512.0,454.0,480.6666666666667,437.0
Pioz ,2022,2,0.8660254037844386,0.5000000000000001,208.4,437.0,426.0,489.6666666666667,552.0
Pioz ,2022,3,1.0,6.123233995736766e-17,290.5,552.0,690.0,500.3333333333333,570.0
Pioz ,2022,4,0.8660254037844387,-0.4999999999999998,320.1,570.0,708.0,519.6666666666666,770.0
Pioz ,2022,5,0.49999999999999994,-0.8660254037844387,355.4,770.0,670.0,630.6666666666666,673.0
Pioz ,2022,6,1.2246467991473532e-16,-1.0,360.2,673.0,557.0,671.0,578.0
Pioz ,2022,7,-0.4999999999999997,-0.8660254037844388,362.5,578.0,636.0,673.6666666666666,581.0
Pioz ,2022,8,-0.8660254037844385,-0.5000000000000004,361.8,581.0,502.0,610.6666666666666,544.0
Pioz ,2022,9,-1.0,-1.8369701987210297e-16,363.2,544.0,503.0,567.6666666666666,510.0
Pioz ,2022,10,-0.8660254037844386,0.5000000000000001,365.1,510.0,410.0,545.0,442.0
Pioz ,2022,11,-0.5000000000000004,0.8660254037844384,366.5,442.0,520.0,498.6666666666667,516.0
Pioz ,2022,12,-2.4492935982947064e-16,1.0,368.2,516.0,512.0,489.3333333333333,488.0
Pioz ,2023,1,0.49999999999999994,0.8660254037844387,365.4,488.0,437.0,482.0,474.0
Pioz ,2023,2,0.8660254037844386,0.5000000000000001,362.1,474.0,552.0,492.6666666666667,646.0
Pioz ,2023,3,1.0,6.123233995736766e-17,340.5,646.0,570.0,536.0,659.0
Pioz ,2023,4,0.8660254037844387,-0.4999999999999998,325.2,659.0,770.0,593.0,484.0
Pioz ,2023,5,0.49999999999999994,-0.8660254037844387,315.8,484.0,673.0,596.3333333333334,622.0
Pioz ,2023,6,1.2246467991473532e-16,-1.0,310.4,622.0,578.0,588.3333333333334,722.0
Pioz ,2023,7,-0.4999999999999997,-0.8660254037844388,312.1,722.0,581.0,609.3333333333334,706.0
Pioz ,2023,8,-0.8660254037844385,-0.5000000000000004,315.6,706.0,544.0,683.3333333333334,678.0
Pioz ,2023,9,-1.0,-1.8369701987210297e-16,318.9,678.0,510.0,702.0,569.0
Pioz ,2023,10,-0.8660254037844386,0.5000000000000001,320.5,569.0,442.0,651.0,494.0
Pioz ,2023,11,-0.5000000000000004,0.8660254037844384,322.1,494.0,516.0,580.3333333333334,483.0
Pioz ,2023,12,-2.4492935982947064e-16,1.0,324.5,483.0,488.0,515.3333333333334,619.0
Pioz ,2024,1,0.49999999999999994,0.8660254037844387,323.8,619.0,474.0,532.0,651.0
Pioz ,2024,2,0.8660254037844386,0.5000000000000001,318.2,651.0,646.0,584.3333333333334,782.0
Pioz ,2024,3,1.0,6.123233995736766e-17,310.5,782.0,659.0,684.0,788.0
Pioz ,2024,4,0.8660254037844387,-0.4999999999999998,305.1,788.0,484.0,740.3333333333334,668.0
Pioz ,2024,5,0.49999999999999994,-0.8660254037844387,302.4,668.0,622.0,746.0,566.0
Pioz ,2024,6,1.2246467991473532e-16,-1.0,300.8,566.0,722.0,674.0,638.0
Pioz ,2024,7,-0.4999999999999997,-0.8660254037844388,304.5,638.0,706.0,624.0,670.0
Pioz ,2024,8,-0.8660254037844385,-0.5000000000000004,302.1,670.0,678.0,624.6666666666666,607.0
Pioz ,2024,9,-1.0,-1.8369701987210297e-16,300.5,607.0,569.0,638.3333333333334,558.0
Pioz ,2024,10,-0.8660254037844386,0.5000000000000001,305.8,558.0,494.0,611.6666666666666,626.0
Pioz ,2024,11,-0.5000000000000004,0.8660254037844384,310.2,626.0,483.0,597.0,567.0
Pioz ,2024,12,-2.4492935982947064e-16,1.0,315.4,567.0,619.0,583.6666666666666,576.0
Pioz ,2025,1,0.49999999999999994,0.8660254037844387,320.1,576.0,651.0,589.6666666666666,694.0
Pioz ,2025,2,0.8660254037844386,0.5000000000000001,322.5,694.0,782.0,612.3333333333334,653.0
Pioz ,2025,3,1.0,6.123233995736766e-17,325.8,653.0,788.0,641.0,747.0
Pioz ,2025,4,0.8660254037844387,-0.4999999999999998,328.1,747.0,668.0,698.0,765.0
Pioz ,2025,5,0.49999999999999994,-0.8660254037844387,330.4,765.0,566.0,721.6666666666666,619.0
Pioz ,2025,6,1.2246467991473532e-16,-1.0,332.1,619.0,638.0,710.3333333333334,593.0
Pioz ,2025,7,-0.4999999999999997,-0.8660254037844388,335.2,593.0,670.0,659.0,293.0
Pioz ,2025,8,-0.8660254037844385,-0.5000000000000004,338.5,293.0,607.0,501.6666666666667,110.0
Pioz ,2025,9,-1.0,-1.8369701987210297e-16,340.2,110.0,558.0,332.0,776.0
Pioz ,2025,10,-0.8660254037844386,0.5000000000000001,342.1,776.0,626.0,393.0,1722.0
Pioz ,2025,11,-0.5000000000000004,0.8660254037844384,345.5,1722.0,567.0,869.3333333333334,1011.0
Pioz ,2025,12,-2.4492935982947064e-16,1.0,348.9,1011.0,576.0,1169.6666666666667,273.0
Pioz ,2026,1,0.49999999999999994,0.8660254037844387,310.5,273.0,694.0,1002.0,430.0
Repace ,2020,1,0.49999999999999994,0.8660254037844387,181.3,0.0,0.0,0.0,6734.0
Repace ,2020,2,0.8660254037844386,0.5000000000000001,181.5,6734.0,0.0,0.0,6503.0
Repace ,2020,3,1.0,6.123233995736766e-17,185.3,6503.0,0.0,0.0,11023.0
Repace ,2020,4,0.8660254037844387,-0.4999999999999998,192.5,11023.0,0.0,8086.666666666667,8245.0
Repace ,2020,5,0.49999999999999994,-0.8660254037844387,188.2,8245.0,0.0,8590.333333333334,6947.0
Repace ,2020,6,1.2246467991473532e-16,-1.0,186.4,6947.0,0.0,8738.333333333334,8649.0
Repace ,2020,7,-0.4999999999999997,-0.8660254037844388,185.9,8649.0,0.0,7947.0,7157.0
Repace ,2020,8,-0.8660254037844385,-0.5000000000000004,184.2,7157.0,0.0,7584.333333333333,6782.0
Repace ,2020,9,-1.0,-1.8369701987210297e-16,184.8,6782.0,0.0,7529.333333333333,7529.0
Repace ,2020,10,-0.8660254037844386,0.5000000000000001,184.5,7529.0,0.0,7156.0,5724.0
Repace ,2020,11,-0.5000000000000004,0.8660254037844384,185.1,5724.0,0.0,6678.333333333333,7522.0
Repace ,2020,12,-2.4492935982947064e-16,1.0,186.7,7522.0,0.0,6925.0,9916.0
Repace ,2021,1,0.49999999999999994,0.8660254037844387,190.2,9916.0,6734.0,7720.666666666667,8368.0
Repace ,2021,2,0.8660254037844386,0.5000000000000001,194.5,8368.0,6503.0,8602.0,7683.0
Repace ,2021,3,1.0,6.123233995736766e-17,198.1,7683.0,11023.0,8655.666666666666,7735.0
Repace ,2021,4,0.8660254037844387,-0.4999999999999998,201.3,7735.0,8245.0,7928.666666666667,7903.0
Repace ,2021,5,0.49999999999999994,-0.8660254037844387,200.5,7903.0,6947.0,7773.666666666667,7991.0
Repace ,2021,6,1.2246467991473532e-16,-1.0,201.8,7991.0,8649.0,7876.333333333333,7627.0
Repace ,2021,7,-0.4999999999999997,-0.8660254037844388,202.4,7627.0,7157.0,7840.333333333333,8937.0
Repace ,2021,8,-0.8660254037844385,-0.5000000000000004,203.1,8937.0,6782.0,8185.0,5816.0
Repace ,2021,9,-1.0,-1.8369701987210297e-16,203.5,5816.0,7529.0,7460.0,8431.0
Repace ,2021,10,-0.8660254037844386,0.5000000000000001,203.2,8431.0,5724.0,7728.0,7027.0
Repace ,2021,11,-0.5000000000000004,0.8660254037844384,203.8,7027.0,7522.0,7091.333333333333,8083.0
Repace ,2021,12,-2.4492935982947064e-16,1.0,204.5,8083.0,9916.0,7847.0,6729.0
Repace ,2022,1,0.49999999999999994,0.8660254037844387,205.1,6729.0,8368.0,7279.666666666667,10196.0
Repace ,2022,2,0.8660254037844386,0.5000000000000001,208.4,10196.0,7683.0,8336.0,10492.0
Repace ,2022,3,1.0,6.123233995736766e-17,290.5,10492.0,7735.0,9139.0,10319.0
Repace ,2022,4,0.8660254037844387,-0.4999999999999998,320.1,10319.0,7903.0,10335.666666666666,7170.0
Repace ,2022,5,0.49999999999999994,-0.8660254037844387,355.4,7170.0,7991.0,9327.0,10065.0
Repace ,2022,6,1.2246467991473532e-16,-1.0,360.2,10065.0,7627.0,9184.666666666666,9183.0
Repace ,2022,7,-0.4999999999999997,-0.8660254037844388,362.5,9183.0,8937.0,8806.0,6555.0
Repace ,2022,8,-0.8660254037844385,-0.5000000000000004,361.8,6555.0,5816.0,8601.0,8046.0
Repace ,2022,9,-1.0,-1.8369701987210297e-16,363.2,8046.0,8431.0,7928.0,8378.0
Repace ,2022,10,-0.8660254037844386,0.5000000000000001,365.1,8378.0,7027.0,7659.666666666667,8658.0
Repace ,2022,11,-0.5000000000000004,0.8660254037844384,366.5,8658.0,8083.0,8360.666666666666,8399.0
Repace ,2022,12,-2.4492935982947064e-16,1.0,368.2,8399.0,6729.0,8478.333333333334,8913.0
Repace ,2023,1,0.49999999999999994,0.8660254037844387,365.4,8913.0,10196.0,8656.666666666666,11157.0
Repace ,2023,2,0.8660254037844386,0.5000000000000001,362.1,11157.0,10492.0,9489.666666666666,11200.0
Repace ,2023,3,1.0,6.123233995736766e-17,340.5,11200.0,10319.0,10423.333333333334,6223.0
Repace ,2023,4,0.8660254037844387,-0.4999999999999998,325.2,6223.0,7170.0,9526.666666666666,9187.0
Repace ,2023,5,0.49999999999999994,-0.8660254037844387,315.8,9187.0,10065.0,8870.0,9284.0
Repace ,2023,6,1.2246467991473532e-16,-1.0,310.4,9284.0,9183.0,8231.333333333334,7114.0
Repace ,2023,7,-0.4999999999999997,-0.8660254037844388,312.1,7114.0,6555.0,8528.333333333334,9057.0
Repace ,2023,8,-0.8660254037844385,-0.5000000000000004,315.6,9057.0,8046.0,8485.0,10427.0
Repace ,2023,9,-1.0,-1.8369701987210297e-16,318.9,10427.0,8378.0,8866.0,7216.0
Repace ,2023,10,-0.8660254037844386,0.5000000000000001,320.5,7216.0,8658.0,8900.0,8969.0
Repace ,2023,11,-0.5000000000000004,0.8660254037844384,322.1,8969.0,8399.0,8870.666666666666,7633.0
Repace ,2023,12,-2.4492935982947064e-16,1.0,324.5,7633.0,8913.0,7939.333333333333,8259.0
Repace ,2024,1,0.49999999999999994,0.8660254037844387,323.8,8259.0,11157.0,8287.0,11952.0
Repace ,2024,2,0.8660254037844386,0.5000000000000001,318.2,11952.0,11200.0,9281.333333333334,9197.0
Repace ,2024,3,1.0,6.123233995736766e-17,310.5,9197.0,6223.0,9802.666666666666,10979.0
Repace ,2024,4,0.8660254037844387,-0.4999999999999998,305.1,10979.0,9187.0,10709.333333333334,7791.0
Repace ,2024,5,0.49999999999999994,-0.8660254037844387,302.4,7791.0,9284.0,9322.333333333334,13472.0
Repace ,2024,6,1.2246467991473532e-16,-1.0,300.8,13472.0,7114.0,10747.333333333334,10844.0
Repace ,2024,7,-0.4999999999999997,-0.8660254037844388,304.5,10844.0,9057.0,10702.333333333334,9302.0
Repace ,2024,8,-0.8660254037844385,-0.5000000000000004,302.1,9302.0,10427.0,11206.0,10092.0
Repace ,2024,9,-1.0,-1.8369701987210297e-16,300.5,10092.0,7216.0,10079.333333333334,7360.0
Repace ,2024,10,-0.8660254037844386,0.5000000000000001,305.8,7360.0,8969.0,8918.0,10902.0
Repace ,2024,11,-0.5000000000000004,0.8660254037844384,310.2,10902.0,7633.0,9451.333333333334,8931.0
Repace ,2024,12,-2.4492935982947064e-16,1.0,315.4,8931.0,8259.0,9064.333333333334,9486.0
Repace ,2025,1,0.49999999999999994,0.8660254037844387,320.1,9486.0,11952.0,9773.0,9524.0
Repace ,2025,2,0.8660254037844386,0.5000000000000001,322.5,9524.0,9197.0,9313.666666666666,9791.0
Repace ,2025,3,1.0,6.123233995736766e-17,325.8,9791.0,10979.0,9600.333333333334,12172.0
Repace ,2025,4,0.8660254037844387,-0.4999999999999998,328.1,12172.0,7791.0,10495.666666666666,11477.0
Repace ,2025,5,0.49999999999999994,-0.8660254037844387,330.4,11477.0,13472.0,11146.666666666666,12029.0
Repace ,2025,6,1.2246467991473532e-16,-1.0,332.1,12029.0,10844.0,11892.666666666666,7033.0
Repace ,2025,7,-0.4999999999999997,-0.8660254037844388,335.2,7033.0,9302.0,10179.666666666666,4797.0
Repace ,2025,8,-0.8660254037844385,-0.5000000000000004,338.5,4797.0,10092.0,7953.0,1321.0
Repace ,2025,9,-1.0,-1.8369701987210297e-16,340.2,1321.0,7360.0,4383.666666666667,15848.0
Repace ,2025,10,-0.8660254037844386,0.5000000000000001,342.1,15848.0,10902.0,7322.0,25211.0
Repace ,2025,11,-0.5000000000000004,0.8660254037844384,345.5,25211.0,8931.0,14126.666666666666,12653.0
Repace ,2025,12,-2.4492935982947064e-16,1.0,348.9,12653.0,9486.0,17904.0,5635.0
Repace ,2026,1,0.49999999999999994,0.8660254037844387,310.5,5635.0,9524.0,14499.666666666666,9304.0
Sita  ,2020,1,0.49999999999999994,0.8660254037844387,181.3,0.0,0.0,0.0,1097.0
Sita  ,2020,2,0.8660254037844386,0.5000000000000001,181.5,1097.0,0.0,0.0,1249.0
Sita  ,2020,3,1.0,6.123233995736766e-17,185.3,1249.0,0.0,0.0,1490.0
Sita  ,2020,4,0.8660254037844387,-0.4999999999999998,192.5,1490.0,0.0,1278.6666666666667,958.0
Sita  ,2020,5,0.49999999999999994,-0.8660254037844387,188.2,958.0,0.0,1232.3333333333333,1199.0
Sita  ,2020,6,1.2246467991473532e-16,-1.0,186.4,1199.0,0.0,1215.6666666666667,1560.0
Sita  ,2020,7,-0.4999999999999997,-0.8660254037844388,185.9,1560.0,0.0,1239.0,969.0
Sita  ,2020,8,-0.8660254037844385,-0.5000000000000004,184.2,969.0,0.0,1242.6666666666667,1078.0
Sita  ,2020,9,-1.0,-1.8369701987210297e-16,184.8,1078.0,0.0,1202.3333333333333,1284.0
Sita  ,2020,10,-0.8660254037844386,0.5000000000000001,184.5,1284.0,0.0,1110.3333333333333,1307.0
Sita  ,2020,11,-0.5000000000000004,0.8660254037844384,185.1,1307.0,0.0,1223.0,1619.0
Sita  ,2020,12,-2.4492935982947064e-16,1.0,186.7,1619.0,0.0,1403.3333333333333,1478.0
Sita  ,2021,1,0.49999999999999994,0.8660254037844387,190.2,1478.0,1097.0,1468.0,1068.0
Sita  ,2021,2,0.8660254037844386,0.5000000000000001,194.5,1068.0,1249.0,1388.3333333333333,1459.0
Sita  ,2021,3,1.0,6.123233995736766e-17,198.1,1459.0,1490.0,1335.0,1202.0
Sita  ,2021,4,0.8660254037844387,-0.4999999999999998,201.3,1202.0,958.0,1243.0,1561.0
Sita  ,2021,5,0.49999999999999994,-0.8660254037844387,200.5,1561.0,1199.0,1407.3333333333333,1179.0
Sita  ,2021,6,1.2246467991473532e-16,-1.0,201.8,1179.0,1560.0,1314.0,1209.0
Sita  ,2021,7,-0.4999999999999997,-0.8660254037844388,202.4,1209.0,969.0,1316.3333333333333,1509.0
Sita  ,2021,8,-0.8660254037844385,-0.5000000000000004,203.1,1509.0,1078.0,1299.0,1641.0
Sita  ,2021,9,-1.0,-1.8369701987210297e-16,203.5,1641.0,1284.0,1453.0,1640.0
Sita  ,2021,10,-0.8660254037844386,0.5000000000000001,203.2,1640.0,1307.0,1596.6666666666667,1230.0
Sita  ,2021,11,-0.5000000000000004,0.8660254037844384,203.8,1230.0,1619.0,1503.6666666666667,1741.0
Sita  ,2021,12,-2.4492935982947064e-16,1.0,204.5,1741.0,1478.0,1537.0,1367.0
Sita  ,2022,1,0.49999999999999994,0.8660254037844387,205.1,1367.0,1068.0,1446.0,1618.0
Sita  ,2022,2,0.8660254037844386,0.5000000000000001,208.4,1618.0,1459.0,1575.3333333333333,1223.0
Sita  ,2022,3,1.0,6.123233995736766e-17,290.5,1223.0,1202.0,1402.6666666666667,1571.0
Sita  ,2022,4,0.8660254037844387,-0.4999999999999998,320.1,1571.0,1561.0,1470.6666666666667,1280.0
Sita  ,2022,5,0.49999999999999994,-0.8660254037844387,355.4,1280.0,1179.0,1358.0,1197.0
Sita  ,2022,6,1.2246467991473532e-16,-1.0,360.2,1197.0,1209.0,1349.3333333333333,1660.0
Sita  ,2022,7,-0.4999999999999997,-0.8660254037844388,362.5,1660.0,1509.0,1379.0,1616.0
Sita  ,2022,8,-0.8660254037844385,-0.5000000000000004,361.8,1616.0,1641.0,1491.0,1496.0
Sita  ,2022,9,-1.0,-1.8369701987210297e-16,363.2,1496.0,1640.0,1590.6666666666667,2136.0
Sita  ,2022,10,-0.8660254037844386,0.5000000000000001,365.1,2136.0,1230.0,1749.3333333333333,1662.0
Sita  ,2022,11,-0.5000000000000004,0.8660254037844384,366.5,1662.0,1741.0,1764.6666666666667,1809.0
Sita  ,2022,12,-2.4492935982947064e-16,1.0,368.2,1809.0,1367.0,1869.0,1863.0
Sita  ,2023,1,0.49999999999999994,0.8660254037844387,365.4,1863.0,1618.0,1778.0,1595.0
Sita  ,2023,2,0.8660254037844386,0.5000000000000001,362.1,1595.0,1223.0,1755.6666666666667,1821.0
Sita  ,2023,3,1.0,6.123233995736766e-17,340.5,1821.0,1571.0,1759.6666666666667,1520.0
Sita  ,2023,4,0.8660254037844387,-0.4999999999999998,325.2,1520.0,1280.0,1645.3333333333333,1522.0
Sita  ,2023,5,0.49999999999999994,-0.8660254037844387,315.8,1522.0,1197.0,1621.0,1995.0
Sita  ,2023,6,1.2246467991473532e-16,-1.0,310.4,1995.0,1660.0,1679.0,1430.0
Sita  ,2023,7,-0.4999999999999997,-0.8660254037844388,312.1,1430.0,1616.0,1649.0,1216.0
Sita  ,2023,8,-0.8660254037844385,-0.5000000000000004,315.6,1216.0,1496.0,1547.0,2341.0
Sita  ,2023,9,-1.0,-1.8369701987210297e-16,318.9,2341.0,2136.0,1662.3333333333333,2823.0
Sita  ,2023,10,-0.8660254037844386,0.5000000000000001,320.5,2823.0,1662.0,2126.6666666666665,1872.0
Sita  ,2023,11,-0.5000000000000004,0.8660254037844384,322.1,1872.0,1809.0,2345.3333333333335,1509.0
Sita  ,2023,12,-2.4492935982947064e-16,1.0,324.5,1509.0,1863.0,2068.0,1914.0
Sita  ,2024,1,0.49999999999999994,0.8660254037844387,323.8,1914.0,1595.0,1765.0,1879.0
Sita  ,2024,2,0.8660254037844386,0.5000000000000001,318.2,1879.0,1821.0,1767.3333333333333,1848.0
Sita  ,2024,3,1.0,6.123233995736766e-17,310.5,1848.0,1520.0,1880.3333333333333,1562.0
Sita  ,2024,4,0.8660254037844387,-0.4999999999999998,305.1,1562.0,1522.0,1763.0,1979.0
Sita  ,2024,5,0.49999999999999994,-0.8660254037844387,302.4,1979.0,1995.0,1796.3333333333333,1972.0
Sita  ,2024,6,1.2246467991473532e-16,-1.0,300.8,1972.0,1430.0,1837.6666666666667,1497.0
Sita  ,2024,7,-0.4999999999999997,-0.8660254037844388,304.5,1497.0,1216.0,1816.0,2174.0
Sita  ,2024,8,-0.8660254037844385,-0.5000000000000004,302.1,2174.0,2341.0,1881.0,2803.0
Sita  ,2024,9,-1.0,-1.8369701987210297e-16,300.5,2803.0,2823.0,2158.0,2214.0
Sita  ,2024,10,-0.8660254037844386,0.5000000000000001,305.8,2214.0,1872.0,2397.0,2120.0
Sita  ,2024,11,-0.5000000000000004,0.8660254037844384,310.2,2120.0,1509.0,2379.0,2213.0
Sita  ,2024,12,-2.4492935982947064e-16,1.0,315.4,2213.0,1914.0,2182.3333333333335,2465.0
Sita  ,2025,1,0.49999999999999994,0.8660254037844387,320.1,2465.0,1879.0,2266.0,1696.0
Sita  ,2025,2,0.8660254037844386,0.5000000000000001,322.5,1696.0,1848.0,2124.6666666666665,2184.0
Sita  ,2025,3,1.0,6.123233995736766e-17,325.8,2184.0,1562.0,2115.0,1950.0
Sita  ,2025,4,0.8660254037844387,-0.4999999999999998,328.1,1950.0,1979.0,1943.3333333333333,2683.0
Sita  ,2025,5,0.49999999999999994,-0.8660254037844387,330.4,2683.0,1972.0,2272.3333333333335,1990.0
Sita  ,2025,6,1.2246467991473532e-16,-1.0,332.1,1990.0,1497.0,2207.6666666666665,5117.0
Sita  ,2025,7,-0.4999999999999997,-0.8660254037844388,335.2,5117.0,2174.0,3263.3333333333335,2683.0
Sita  ,2025,8,-0.8660254037844385,-0.5000000000000004,338.5,2683.0,2803.0,3263.3333333333335,843.0
Sita  ,2025,9,-1.0,-1.8369701987210297e-16,340.2,843.0,2214.0,2881.0,4271.0
Sita  ,2025,10,-0.8660254037844386,0.5000000000000001,342.1,4271.0,2120.0,2599.0,372.0
Sita  ,2025,11,-0.5000000000000004,0.8660254037844384,345.5,372.0,2213.0,1828.6666666666667,912.0
Sita  ,2025,12,-2.4492935982947064e-16,1.0,348.9,912.0,2465.0,1851.6666666666667,1815.0
Sita  ,2026,1,0.49999999999999994,0.8660254037844387,310.5,1815.0,1696.0,1033.0,369.0
Sitavic ,2020,1,0.49999999999999994,0.8660254037844387,181.3,0.0,0.0,0.0,651.0
Sitavic ,2020,2,0.8660254037844386,0.5000000000000001,181.5,651.0,0.0,0.0,496.0
Sitavic ,2020,3,1.0,6.123233995736766e-17,185.3,496.0,0.0,0.0,425.0
Sitavic ,2020,4,0.8660254037844387,-0.4999999999999998,192.5,425.0,0.0,524.0,330.0
Sitavic ,2020,5,0.49999999999999994,-0.8660254037844387,188.2,330.0,0.0,417.0,466.0
Sitavic ,2020,6,1.2246467991473532e-16,-1.0,186.4,466.0,0.0,407.0,730.0
Sitavic ,2020,7,-0.4999999999999997,-0.8660254037844388,185.9,730.0,0.0,508.6666666666667,556.0
Sitavic ,2020,8,-0.8660254037844385,-0.5000000000000004,184.2,556.0,0.0,584.0,499.0
Sitavic ,2020,9,-1.0,-1.8369701987210297e-16,184.8,499.0,0.0,595.0,610.0
Sitavic ,2020,10,-0.8660254037844386,0.5000000000000001,184.5,610.0,0.0,555.0,468.0
Sitavic ,2020,11,-0.5000000000000004,0.8660254037844384,185.1,468.0,0.0,525.6666666666666,580.0
Sitavic ,2020,12,-2.4492935982947064e-16,1.0,186.7,580.0,0.0,552.6666666666666,618.0
Sitavic ,2021,1,0.49999999999999994,0.8660254037844387,190.2,618.0,651.0,555.3333333333334,593.0
Sitavic ,2021,2,0.8660254037844386,0.5000000000000001,194.5,593.0,496.0,597.0,656.0
Sitavic ,2021,3,1.0,6.123233995736766e-17,198.1,656.0,425.0,622.3333333333334,591.0
Sitavic ,2021,4,0.8660254037844387,-0.4999999999999998,201.3,591.0,330.0,613.3333333333334,601.0
Sitavic ,2021,5,0.49999999999999994,-0.8660254037844387,200.5,601.0,466.0,616.0,481.0
Sitavic ,2021,6,1.2246467991473532e-16,-1.0,201.8,481.0,730.0,557.6666666666666,612.0
Sitavic ,2021,7,-0.4999999999999997,-0.8660254037844388,202.4,612.0,556.0,564.6666666666666,701.0
Sitavic ,2021,8,-0.8660254037844385,-0.5000000000000004,203.1,701.0,499.0,598.0,495.0
Sitavic ,2021,9,-1.0,-1.8369701987210297e-16,203.5,495.0,610.0,602.6666666666666,525.0
Sitavic ,2021,10,-0.8660254037844386,0.5000000000000001,203.2,525.0,468.0,573.6666666666666,762.0
Sitavic ,2021,11,-0.5000000000000004,0.8660254037844384,203.8,762.0,580.0,594.0,621.0
Sitavic ,2021,12,-2.4492935982947064e-16,1.0,204.5,621.0,618.0,636.0,793.0
Sitavic ,2022,1,0.49999999999999994,0.8660254037844387,205.1,793.0,593.0,725.3333333333334,592.0
Sitavic ,2022,2,0.8660254037844386,0.5000000000000001,208.4,592.0,656.0,668.6666666666666,764.0
Sitavic ,2022,3,1.0,6.123233995736766e-17,290.5,764.0,591.0,716.3333333333334,604.0
Sitavic ,2022,4,0.8660254037844387,-0.4999999999999998,320.1,604.0,601.0,653.3333333333334,596.0
Sitavic ,2022,5,0.49999999999999994,-0.8660254037844387,355.4,596.0,481.0,654.6666666666666,711.0
Sitavic ,2022,6,1.2246467991473532e-16,-1.0,360.2,711.0,612.0,637.0,535.0
Sitavic ,2022,7,-0.4999999999999997,-0.8660254037844388,362.5,535.0,701.0,614.0,503.0
Sitavic ,2022,8,-0.8660254037844385,-0.5000000000000004,361.8,503.0,495.0,583.0,565.0
Sitavic ,2022,9,-1.0,-1.8369701987210297e-16,363.2,565.0,525.0,534.3333333333334,677.0
Sitavic ,2022,10,-0.8660254037844386,0.5000000000000001,365.1,677.0,762.0,581.6666666666666,520.0
Sitavic ,2022,11,-0.5000000000000004,0.8660254037844384,366.5,520.0,621.0,587.3333333333334,741.0
Sitavic ,2022,12,-2.4492935982947064e-16,1.0,368.2,741.0,793.0,646.0,625.0
Sitavic ,2023,1,0.49999999999999994,0.8660254037844387,365.4,625.0,592.0,628.6666666666666,793.0
Sitavic ,2023,2,0.8660254037844386,0.5000000000000001,362.1,793.0,764.0,719.6666666666666,452.0
Sitavic ,2023,3,1.0,6.123233995736766e-17,340.5,452.0,604.0,623.3333333333334,555.0
Sitavic ,2023,4,0.8660254037844387,-0.4999999999999998,325.2,555.0,596.0,600.0,469.0
Sitavic ,2023,5,0.49999999999999994,-0.8660254037844387,315.8,469.0,711.0,492.0,524.0
Sitavic ,2023,6,1.2246467991473532e-16,-1.0,310.4,524.0,535.0,516.0,618.0
Sitavic ,2023,7,-0.4999999999999997,-0.8660254037844388,312.1,618.0,503.0,537.0,595.0
Sitavic ,2023,8,-0.8660254037844385,-0.5000000000000004,315.6,595.0,565.0,579.0,613.0
Sitavic ,2023,9,-1.0,-1.8369701987210297e-16,318.9,613.0,677.0,608.6666666666666,651.0
Sitavic ,2023,10,-0.8660254037844386,0.5000000000000001,320.5,651.0,520.0,619.6666666666666,715.0
Sitavic ,2023,11,-0.5000000000000004,0.8660254037844384,322.1,715.0,741.0,659.6666666666666,611.0
Sitavic ,2023,12,-2.4492935982947064e-16,1.0,324.5,611.0,625.0,659.0,794.0
Sitavic ,2024,1,0.49999999999999994,0.8660254037844387,323.8,794.0,793.0,706.6666666666666,778.0
Sitavic ,2024,2,0.8660254037844386,0.5000000000000001,318.2,778.0,452.0,727.6666666666666,724.0
Sitavic ,2024,3,1.0,6.123233995736766e-17,310.5,724.0,555.0,765.3333333333334,716.0
Sitavic ,2024,4,0.8660254037844387,-0.4999999999999998,305.1,716.0,469.0,739.3333333333334,666.0
Sitavic ,2024,5,0.49999999999999994,-0.8660254037844387,302.4,666.0,524.0,702.0,849.0
Sitavic ,2024,6,1.2246467991473532e-16,-1.0,300.8,849.0,618.0,743.6666666666666,620.0
Sitavic ,2024,7,-0.4999999999999997,-0.8660254037844388,304.5,620.0,595.0,711.6666666666666,615.0
Sitavic ,2024,8,-0.8660254037844385,-0.5000000000000004,302.1,615.0,613.0,694.6666666666666,600.0
Sitavic ,2024,9,-1.0,-1.8369701987210297e-16,300.5,600.0,651.0,611.6666666666666,602.0
Sitavic ,2024,10,-0.8660254037844386,0.5000000000000001,305.8,602.0,715.0,605.6666666666666,607.0
Sitavic ,2024,11,-0.5000000000000004,0.8660254037844384,310.2,607.0,611.0,603.0,656.0
Sitavic ,2024,12,-2.4492935982947064e-16,1.0,315.4,656.0,794.0,621.6666666666666,745.0
Sitavic ,2025,1,0.49999999999999994,0.8660254037844387,320.1,745.0,778.0,669.3333333333334,780.0
Sitavic ,2025,2,0.8660254037844386,0.5000000000000001,322.5,780.0,724.0,727.0,726.0
Sitavic ,2025,3,1.0,6.123233995736766e-17,325.8,726.0,716.0,750.3333333333334,619.0
Sitavic ,2025,4,0.8660254037844387,-0.4999999999999998,328.1,619.0,666.0,708.3333333333334,769.0
Sitavic ,2025,5,0.49999999999999994,-0.8660254037844387,330.4,769.0,849.0,704.6666666666666,737.0
Sitavic ,2025,6,1.2246467991473532e-16,-1.0,332.1,737.0,620.0,708.3333333333334,441.0
Sitavic ,2025,7,-0.4999999999999997,-0.8660254037844388,335.2,441.0,615.0,649.0,782.0
Sitavic ,2025,8,-0.8660254037844385,-0.5000000000000004,338.5,782.0,600.0,653.3333333333334,127.0
Sitavic ,2025,9,-1.0,-1.8369701987210297e-16,340.2,127.0,602.0,450.0,691.0
Sitavic ,2025,10,-0.8660254037844386,0.5000000000000001,342.1,691.0,607.0,533.3333333333334,682.0
Sitavic ,2025,11,-0.5000000000000004,0.8660254037844384,345.5,682.0,656.0,500.0,1437.0
Sitavic ,2025,12,-2.4492935982947064e-16,1.0,348.9,1437.0,745.0,936.6666666666666,499.0
Sitavic ,2026,1,0.49999999999999994,0.8660254037844387,310.5,499.0,780.0,872.6666666666666,471.0
TH (Levothyroxime),2020,1,0.49999999999999994,0.8660254037844387,181.3,0.0,0.0,0.0,7153.0
TH (Levothyroxime),2020,2,0.8660254037844386,0.5000000000000001,181.5,7153.0,0.0,0.0,5965.0
TH (Levothyroxime),2020,3,1.0,6.123233995736766e-17,185.3,5965.0,0.0,0.0,8059.0
TH (Levothyroxime),2020,4,0.8660254037844387,-0.4999999999999998,192.5,8059.0,0.0,7059.0,8663.0
TH (Levothyroxime),2020,5,0.49999999999999994,-0.8660254037844387,188.2,8663.0,0.0,7562.333333333333,7805.0
TH (Levothyroxime),2020,6,1.2246467991473532e-16,-1.0,186.4,7805.0,0.0,8175.666666666667,4802.0
TH (Levothyroxime),2020,7,-0.4999999999999997,-0.8660254037844388,185.9,4802.0,0.0,7090.0,6124.0
TH (Levothyroxime),2020,8,-0.8660254037844385,-0.5000000000000004,184.2,6124.0,0.0,6243.666666666667,9497.0
TH (Levothyroxime),2020,9,-1.0,-1.8369701987210297e-16,184.8,9497.0,0.0,6807.666666666667,6353.0
TH (Levothyroxime),2020,10,-0.8660254037844386,0.5000000000000001,184.5,6353.0,0.0,7324.666666666667,4984.0
TH (Levothyroxime),2020,11,-0.5000000000000004,0.8660254037844384,185.1,4984.0,0.0,6944.666666666667,8019.0
TH (Levothyroxime),2020,12,-2.4492935982947064e-16,1.0,186.7,8019.0,0.0,6452.0,6783.0
TH (Levothyroxime),2021,1,0.49999999999999994,0.8660254037844387,190.2,6783.0,7153.0,6595.333333333333,8273.0
TH (Levothyroxime),2021,2,0.8660254037844386,0.5000000000000001,194.5,8273.0,5965.0,7691.666666666667,7639.0
TH (Levothyroxime),2021,3,1.0,6.123233995736766e-17,198.1,7639.0,8059.0,7565.0,8191.0
TH (Levothyroxime),2021,4,0.8660254037844387,-0.4999999999999998,201.3,8191.0,8663.0,8034.333333333333,8327.0
TH (Levothyroxime),2021,5,0.49999999999999994,-0.8660254037844387,200.5,8327.0,7805.0,8052.333333333333,8870.0
TH (Levothyroxime),2021,6,1.2246467991473532e-16,-1.0,201.8,8870.0,4802.0,8462.666666666666,11162.0
TH (Levothyroxime),2021,7,-0.4999999999999997,-0.8660254037844388,202.4,11162.0,6124.0,9453.0,8952.0
TH (Levothyroxime),2021,8,-0.8660254037844385,-0.5000000000000004,203.1,8952.0,9497.0,9661.333333333334,5890.0
TH (Levothyroxime),2021,9,-1.0,-1.8369701987210297e-16,203.5,5890.0,6353.0,8668.0,7692.0
TH (Levothyroxime),2021,10,-0.8660254037844386,0.5000000000000001,203.2,7692.0,4984.0,7511.333333333333,8309.0
TH (Levothyroxime),2021,11,-0.5000000000000004,0.8660254037844384,203.8,8309.0,8019.0,7297.0,8325.0
TH (Levothyroxime),2021,12,-2.4492935982947064e-16,1.0,204.5,8325.0,6783.0,8108.666666666667,6623.0
TH (Levothyroxime),2022,1,0.49999999999999994,0.8660254037844387,205.1,6623.0,8273.0,7752.333333333333,8709.0
TH (Levothyroxime),2022,2,0.8660254037844386,0.5000000000000001,208.4,8709.0,7639.0,7885.666666666667,8786.0
TH (Levothyroxime),2022,3,1.0,6.123233995736766e-17,290.5,8786.0,8191.0,8039.333333333333,11733.0
TH (Levothyroxime),2022,4,0.8660254037844387,-0.4999999999999998,320.1,11733.0,8327.0,9742.666666666666,7351.0
TH (Levothyroxime),2022,5,0.49999999999999994,-0.8660254037844387,355.4,7351.0,8870.0,9290.0,7723.0
TH (Levothyroxime),2022,6,1.2246467991473532e-16,-1.0,360.2,7723.0,11162.0,8935.666666666666,7903.0
TH (Levothyroxime),2022,7,-0.4999999999999997,-0.8660254037844388,362.5,7903.0,8952.0,7659.0,7500.0
TH (Levothyroxime),2022,8,-0.8660254037844385,-0.5000000000000004,361.8,7500.0,5890.0,7708.666666666667,6815.0
TH (Levothyroxime),2022,9,-1.0,-1.8369701987210297e-16,363.2,6815.0,7692.0,7406.0,4958.0
TH (Levothyroxime),2022,10,-0.8660254037844386,0.5000000000000001,365.1,4958.0,8309.0,6424.333333333333,6843.0
TH (Levothyroxime),2022,11,-0.5000000000000004,0.8660254037844384,366.5,6843.0,8325.0,6205.333333333333,7664.0
TH (Levothyroxime),2022,12,-2.4492935982947064e-16,1.0,368.2,7664.0,6623.0,6488.333333333333,6841.0
TH (Levothyroxime),2023,1,0.49999999999999994,0.8660254037844387,365.4,6841.0,8709.0,7116.0,10197.0
TH (Levothyroxime),2023,2,0.8660254037844386,0.5000000000000001,362.1,10197.0,8786.0,8234.0,7991.0
TH (Levothyroxime),2023,3,1.0,6.123233995736766e-17,340.5,7991.0,11733.0,8343.0,10099.0
TH (Levothyroxime),2023,4,0.8660254037844387,-0.4999999999999998,325.2,10099.0,7351.0,9429.0,8925.0
TH (Levothyroxime),2023,5,0.49999999999999994,-0.8660254037844387,315.8,8925.0,7723.0,9005.0,9840.0
TH (Levothyroxime),2023,6,1.2246467991473532e-16,-1.0,310.4,9840.0,7903.0,9621.333333333334,9001.0
TH (Levothyroxime),2023,7,-0.4999999999999997,-0.8660254037844388,312.1,9001.0,7500.0,9255.333333333334,10340.0
TH (Levothyroxime),2023,8,-0.8660254037844385,-0.5000000000000004,315.6,10340.0,6815.0,9727.0,8193.0
TH (Levothyroxime),2023,9,-1.0,-1.8369701987210297e-16,318.9,8193.0,4958.0,9178.0,8432.0
TH (Levothyroxime),2023,10,-0.8660254037844386,0.5000000000000001,320.5,8432.0,6843.0,8988.333333333334,8050.0
TH (Levothyroxime),2023,11,-0.5000000000000004,0.8660254037844384,322.1,8050.0,7664.0,8225.0,7243.0
TH (Levothyroxime),2023,12,-2.4492935982947064e-16,1.0,324.5,7243.0,6841.0,7908.333333333333,8165.0
TH (Levothyroxime),2024,1,0.49999999999999994,0.8660254037844387,323.8,8165.0,10197.0,7819.333333333333,11126.0
TH (Levothyroxime),2024,2,0.8660254037844386,0.5000000000000001,318.2,11126.0,7991.0,8844.666666666666,7988.0
TH (Levothyroxime),2024,3,1.0,6.123233995736766e-17,310.5,7988.0,10099.0,9093.0,9244.0
TH (Levothyroxime),2024,4,0.8660254037844387,-0.4999999999999998,305.1,9244.0,8925.0,9452.666666666666,10811.0
TH (Levothyroxime),2024,5,0.49999999999999994,-0.8660254037844387,302.4,10811.0,9840.0,9347.666666666666,10760.0
TH (Levothyroxime),2024,6,1.2246467991473532e-16,-1.0,300.8,10760.0,9001.0,10271.666666666666,9020.0
TH (Levothyroxime),2024,7,-0.4999999999999997,-0.8660254037844388,304.5,9020.0,10340.0,10197.0,6144.0
TH (Levothyroxime),2024,8,-0.8660254037844385,-0.5000000000000004,302.1,6144.0,8193.0,8641.333333333334,9158.0
TH (Levothyroxime),2024,9,-1.0,-1.8369701987210297e-16,300.5,9158.0,8432.0,8107.333333333333,5853.0
TH (Levothyroxime),2024,10,-0.8660254037844386,0.5000000000000001,305.8,5853.0,8050.0,7051.666666666667,9909.0
TH (Levothyroxime),2024,11,-0.5000000000000004,0.8660254037844384,310.2,9909.0,7243.0,8306.666666666666,8093.0
TH (Levothyroxime),2024,12,-2.4492935982947064e-16,1.0,315.4,8093.0,8165.0,7951.666666666667,9312.0
TH (Levothyroxime),2025,1,0.49999999999999994,0.8660254037844387,320.1,9312.0,11126.0,9104.666666666666,7250.0
TH (Levothyroxime),2025,2,0.8660254037844386,0.5000000000000001,322.5,7250.0,7988.0,8218.333333333334,6875.0
TH (Levothyroxime),2025,3,1.0,6.123233995736766e-17,325.8,6875.0,9244.0,7812.333333333333,9416.0
TH (Levothyroxime),2025,4,0.8660254037844387,-0.4999999999999998,328.1,9416.0,10811.0,7847.0,9292.0
TH (Levothyroxime),2025,5,0.49999999999999994,-0.8660254037844387,330.4,9292.0,10760.0,8527.666666666666,8787.0
TH (Levothyroxime),2025,6,1.2246467991473532e-16,-1.0,332.1,8787.0,9020.0,9165.0,8865.0
TH (Levothyroxime),2025,7,-0.4999999999999997,-0.8660254037844388,335.2,8865.0,6144.0,8981.333333333334,14198.0
TH (Levothyroxime),2025,8,-0.8660254037844385,-0.5000000000000004,338.5,14198.0,9158.0,10616.666666666666,13796.0
TH (Levothyroxime),2025,9,-1.0,-1.8369701987210297e-16,340.2,13796.0,5853.0,12286.333333333334,6290.0
TH (Levothyroxime),2025,10,-0.8660254037844386,0.5000000000000001,342.1,6290.0,9909.0,11428.0,6052.0
TH (Levothyroxime),2025,11,-0.5000000000000004,0.8660254037844384,345.5,6052.0,8093.0,8712.666666666666,2830.0
TH (Levothyroxime),2025,12,-2.4492935982947064e-16,1.0,348.9,2830.0,9312.0,5057.333333333333,3847.0
TH (Levothyroxime),2026,1,0.49999999999999994,0.8660254037844387,310.5,3847.0,7250.0,4243.0,12547.0
Thyronom ,2020,1,0.49999999999999994,0.8660254037844387,181.3,0.0,0.0,0.0,263.0
Thyronom ,2020,2,0.8660254037844386,0.5000000000000001,181.5,263.0,0.0,0.0,310.0
Thyronom ,2020,3,1.0,6.123233995736766e-17,185.3,310.0,0.0,0.0,344.0
Thyronom ,2020,4,0.8660254037844387,-0.4999999999999998,192.5,344.0,0.0,305.6666666666667,297.0
Thyronom ,2020,5,0.49999999999999994,-0.8660254037844387,188.2,297.0,0.0,317.0,317.0
Thyronom ,2020,6,1.2246467991473532e-16,-1.0,186.4,317.0,0.0,319.3333333333333,357.0
Thyronom ,2020,7,-0.4999999999999997,-0.8660254037844388,185.9,357.0,0.0,323.6666666666667,294.0
Thyronom ,2020,8,-0.8660254037844385,-0.5000000000000004,184.2,294.0,0.0,322.6666666666667,390.0
Thyronom ,2020,9,-1.0,-1.8369701987210297e-16,184.8,390.0,0.0,347.0,397.0
Thyronom ,2020,10,-0.8660254037844386,0.5000000000000001,184.5,397.0,0.0,360.3333333333333,512.0
Thyronom ,2020,11,-0.5000000000000004,0.8660254037844384,185.1,512.0,0.0,433.0,317.0
Thyronom ,2020,12,-2.4492935982947064e-16,1.0,186.7,317.0,0.0,408.6666666666667,301.0
Thyronom ,2021,1,0.49999999999999994,0.8660254037844387,190.2,301.0,263.0,376.6666666666667,349.0
Thyronom ,2021,2,0.8660254037844386,0.5000000000000001,194.5,349.0,310.0,322.3333333333333,343.0
Thyronom ,2021,3,1.0,6.123233995736766e-17,198.1,343.0,344.0,331.0,279.0
Thyronom ,2021,4,0.8660254037844387,-0.4999999999999998,201.3,279.0,297.0,323.6666666666667,291.0
Thyronom ,2021,5,0.49999999999999994,-0.8660254037844387,200.5,291.0,317.0,304.3333333333333,348.0
Thyronom ,2021,6,1.2246467991473532e-16,-1.0,201.8,348.0,357.0,306.0,296.0
Thyronom ,2021,7,-0.4999999999999997,-0.8660254037844388,202.4,296.0,294.0,311.6666666666667,327.0
Thyronom ,2021,8,-0.8660254037844385,-0.5000000000000004,203.1,327.0,390.0,323.6666666666667,361.0
Thyronom ,2021,9,-1.0,-1.8369701987210297e-16,203.5,361.0,397.0,328.0,416.0
Thyronom ,2021,10,-0.8660254037844386,0.5000000000000001,203.2,416.0,512.0,368.0,323.0
Thyronom ,2021,11,-0.5000000000000004,0.8660254037844384,203.8,323.0,317.0,366.6666666666667,260.0
Thyronom ,2021,12,-2.4492935982947064e-16,1.0,204.5,260.0,301.0,333.0,247.0
Thyronom ,2022,1,0.49999999999999994,0.8660254037844387,205.1,247.0,349.0,276.6666666666667,263.0
Thyronom ,2022,2,0.8660254037844386,0.5000000000000001,208.4,263.0,343.0,256.6666666666667,255.0
Thyronom ,2022,3,1.0,6.123233995736766e-17,290.5,255.0,279.0,255.0,302.0
Thyronom ,2022,4,0.8660254037844387,-0.4999999999999998,320.1,302.0,291.0,273.3333333333333,264.0
Thyronom ,2022,5,0.49999999999999994,-0.8660254037844387,355.4,264.0,348.0,273.6666666666667,294.0
Thyronom ,2022,6,1.2246467991473532e-16,-1.0,360.2,294.0,296.0,286.6666666666667,304.0
Thyronom ,2022,7,-0.4999999999999997,-0.8660254037844388,362.5,304.0,327.0,287.3333333333333,332.0
Thyronom ,2022,8,-0.8660254037844385,-0.5000000000000004,361.8,332.0,361.0,310.0,444.0
Thyronom ,2022,9,-1.0,-1.8369701987210297e-16,363.2,444.0,416.0,360.0,404.0
Thyronom ,2022,10,-0.8660254037844386,0.5000000000000001,365.1,404.0,323.0,393.3333333333333,362.0
Thyronom ,2022,11,-0.5000000000000004,0.8660254037844384,366.5,362.0,260.0,403.3333333333333,327.0
Thyronom ,2022,12,-2.4492935982947064e-16,1.0,368.2,327.0,247.0,364.3333333333333,315.0
Thyronom ,2023,1,0.49999999999999994,0.8660254037844387,365.4,315.0,263.0,334.6666666666667,341.0
Thyronom ,2023,2,0.8660254037844386,0.5000000000000001,362.1,341.0,255.0,327.6666666666667,345.0
Thyronom ,2023,3,1.0,6.123233995736766e-17,340.5,345.0,302.0,333.6666666666667,275.0
Thyronom ,2023,4,0.8660254037844387,-0.4999999999999998,325.2,275.0,264.0,320.3333333333333,324.0
Thyronom ,2023,5,0.49999999999999994,-0.8660254037844387,315.8,324.0,294.0,314.6666666666667,246.0
Thyronom ,2023,6,1.2246467991473532e-16,-1.0,310.4,246.0,304.0,281.6666666666667,360.0
Thyronom ,2023,7,-0.4999999999999997,-0.8660254037844388,312.1,360.0,332.0,310.0,406.0
Thyronom ,2023,8,-0.8660254037844385,-0.5000000000000004,315.6,406.0,444.0,337.3333333333333,356.0
Thyronom ,2023,9,-1.0,-1.8369701987210297e-16,318.9,356.0,404.0,374.0,491.0
Thyronom ,2023,10,-0.8660254037844386,0.5000000000000001,320.5,491.0,362.0,417.6666666666667,323.0
Thyronom ,2023,11,-0.5000000000000004,0.8660254037844384,322.1,323.0,327.0,390.0,369.0
Thyronom ,2023,12,-2.4492935982947064e-16,1.0,324.5,369.0,315.0,394.3333333333333,342.0
Thyronom ,2024,1,0.49999999999999994,0.8660254037844387,323.8,342.0,341.0,344.6666666666667,326.0
Thyronom ,2024,2,0.8660254037844386,0.5000000000000001,318.2,326.0,345.0,345.6666666666667,318.0
Thyronom ,2024,3,1.0,6.123233995736766e-17,310.5,318.0,275.0,328.6666666666667,327.0
Thyronom ,2024,4,0.8660254037844387,-0.4999999999999998,305.1,327.0,324.0,323.6666666666667,373.0
Thyronom ,2024,5,0.49999999999999994,-0.8660254037844387,302.4,373.0,246.0,339.3333333333333,419.0
Thyronom ,2024,6,1.2246467991473532e-16,-1.0,300.8,419.0,360.0,373.0,356.0
Thyronom ,2024,7,-0.4999999999999997,-0.8660254037844388,304.5,356.0,406.0,382.6666666666667,418.0
Thyronom ,2024,8,-0.8660254037844385,-0.5000000000000004,302.1,418.0,356.0,397.6666666666667,341.0
Thyronom ,2024,9,-1.0,-1.8369701987210297e-16,300.5,341.0,491.0,371.6666666666667,428.0
Thyronom ,2024,10,-0.8660254037844386,0.5000000000000001,305.8,428.0,323.0,395.6666666666667,335.0
Thyronom ,2024,11,-0.5000000000000004,0.8660254037844384,310.2,335.0,369.0,368.0,430.0
Thyronom ,2024,12,-2.4492935982947064e-16,1.0,315.4,430.0,342.0,397.6666666666667,489.0
Thyronom ,2025,1,0.49999999999999994,0.8660254037844387,320.1,489.0,326.0,418.0,332.0
Thyronom ,2025,2,0.8660254037844386,0.5000000000000001,322.5,332.0,318.0,417.0,237.0
Thyronom ,2025,3,1.0,6.123233995736766e-17,325.8,237.0,327.0,352.6666666666667,303.0
Thyronom ,2025,4,0.8660254037844387,-0.4999999999999998,328.1,303.0,373.0,290.6666666666667,404.0
Thyronom ,2025,5,0.49999999999999994,-0.8660254037844387,330.4,404.0,419.0,314.6666666666667,378.0
Thyronom ,2025,6,1.2246467991473532e-16,-1.0,332.1,378.0,356.0,361.6666666666667,304.0
Thyronom ,2025,7,-0.4999999999999997,-0.8660254037844388,335.2,304.0,418.0,362.0,374.0
Thyronom ,2025,8,-0.8660254037844385,-0.5000000000000004,338.5,374.0,341.0,352.0,506.0
Thyronom ,2025,9,-1.0,-1.8369701987210297e-16,340.2,506.0,428.0,394.6666666666667,352.0
Thyronom ,2025,10,-0.8660254037844386,0.5000000000000001,342.1,352.0,335.0,410.6666666666667,209.0
Thyronom ,2025,11,-0.5000000000000004,0.8660254037844384,345.5,209.0,430.0,355.6666666666667,769.0
Thyronom ,2025,12,-2.4492935982947064e-16,1.0,348.9,769.0,489.0,443.3333333333333,437.0
Thyronom ,2026,1,0.49999999999999994,0.8660254037844387,310.5,437.0,332.0,471.6666666666667,139.0
Zaart ,2020,1,0.49999999999999994,0.8660254037844387,181.3,0.0,0.0,0.0,5573.0
Zaart ,2020,2,0.8660254037844386,0.5000000000000001,181.5,5573.0,0.0,0.0,7184.0
Zaart ,2020,3,1.0,6.123233995736766e-17,185.3,7184.0,0.0,0.0,6360.0
Zaart ,2020,4,0.8660254037844387,-0.4999999999999998,192.5,6360.0,0.0,6372.333333333333,7017.0
Zaart ,2020,5,0.49999999999999994,-0.8660254037844387,188.2,7017.0,0.0,6853.666666666667,5687.0
Zaart ,2020,6,1.2246467991473532e-16,-1.0,186.4,5687.0,0.0,6354.666666666667,5836.0
Zaart ,2020,7,-0.4999999999999997,-0.8660254037844388,185.9,5836.0,0.0,6180.0,5585.0
Zaart ,2020,8,-0.8660254037844385,-0.5000000000000004,184.2,5585.0,0.0,5702.666666666667,4900.0
Zaart ,2020,9,-1.0,-1.8369701987210297e-16,184.8,4900.0,0.0,5440.333333333333,6121.0
Zaart ,2020,10,-0.8660254037844386,0.5000000000000001,184.5,6121.0,0.0,5535.333333333333,6238.0
Zaart ,2020,11,-0.5000000000000004,0.8660254037844384,185.1,6238.0,0.0,5753.0,6432.0
Zaart ,2020,12,-2.4492935982947064e-16,1.0,186.7,6432.0,0.0,6263.666666666667,7770.0
Zaart ,2021,1,0.49999999999999994,0.8660254037844387,190.2,7770.0,5573.0,6813.333333333333,8016.0
Zaart ,2021,2,0.8660254037844386,0.5000000000000001,194.5,8016.0,7184.0,7406.0,6294.0
Zaart ,2021,3,1.0,6.123233995736766e-17,198.1,6294.0,6360.0,7360.0,7136.0
Zaart ,2021,4,0.8660254037844387,-0.4999999999999998,201.3,7136.0,7017.0,7148.666666666667,6106.0
Zaart ,2021,5,0.49999999999999994,-0.8660254037844387,200.5,6106.0,5687.0,6512.0,6571.0
Zaart ,2021,6,1.2246467991473532e-16,-1.0,201.8,6571.0,5836.0,6604.333333333333,5785.0
Zaart ,2021,7,-0.4999999999999997,-0.8660254037844388,202.4,5785.0,5585.0,6154.0,7801.0
Zaart ,2021,8,-0.8660254037844385,-0.5000000000000004,203.1,7801.0,4900.0,6719.0,6316.0
Zaart ,2021,9,-1.0,-1.8369701987210297e-16,203.5,6316.0,6121.0,6634.0,5775.0
Zaart ,2021,10,-0.8660254037844386,0.5000000000000001,203.2,5775.0,6238.0,6630.666666666667,7286.0
Zaart ,2021,11,-0.5000000000000004,0.8660254037844384,203.8,7286.0,6432.0,6459.0,4574.0
Zaart ,2021,12,-2.4492935982947064e-16,1.0,204.5,4574.0,7770.0,5878.333333333333,4910.0
Zaart ,2022,1,0.49999999999999994,0.8660254037844387,205.1,4910.0,8016.0,5590.0,7824.0
Zaart ,2022,2,0.8660254037844386,0.5000000000000001,208.4,7824.0,6294.0,5769.333333333333,7233.0
Zaart ,2022,3,1.0,6.123233995736766e-17,290.5,7233.0,7136.0,6655.666666666667,7543.0
Zaart ,2022,4,0.8660254037844387,-0.4999999999999998,320.1,7543.0,6106.0,7533.333333333333,5916.0
Zaart ,2022,5,0.49999999999999994,-0.8660254037844387,355.4,5916.0,6571.0,6897.333333333333,7025.0
Zaart ,2022,6,1.2246467991473532e-16,-1.0,360.2,7025.0,5785.0,6828.0,9203.0
Zaart ,2022,7,-0.4999999999999997,-0.8660254037844388,362.5,9203.0,7801.0,7381.333333333333,7453.0
Zaart ,2022,8,-0.8660254037844385,-0.5000000000000004,361.8,7453.0,6316.0,7893.666666666667,6605.0
Zaart ,2022,9,-1.0,-1.8369701987210297e-16,363.2,6605.0,5775.0,7753.666666666667,6014.0
Zaart ,2022,10,-0.8660254037844386,0.5000000000000001,365.1,6014.0,7286.0,6690.666666666667,6181.0
Zaart ,2022,11,-0.5000000000000004,0.8660254037844384,366.5,6181.0,4574.0,6266.666666666667,4955.0
Zaart ,2022,12,-2.4492935982947064e-16,1.0,368.2,4955.0,4910.0,5716.666666666667,7433.0
Zaart ,2023,1,0.49999999999999994,0.8660254037844387,365.4,7433.0,7824.0,6189.666666666667,8486.0
Zaart ,2023,2,0.8660254037844386,0.5000000000000001,362.1,8486.0,7233.0,6958.0,6092.0
Zaart ,2023,3,1.0,6.123233995736766e-17,340.5,6092.0,7543.0,7337.0,7082.0
Zaart ,2023,4,0.8660254037844387,-0.4999999999999998,325.2,7082.0,5916.0,7220.0,6532.0
Zaart ,2023,5,0.49999999999999994,-0.8660254037844387,315.8,6532.0,7025.0,6568.666666666667,6566.0
Zaart ,2023,6,1.2246467991473532e-16,-1.0,310.4,6566.0,9203.0,6726.666666666667,7395.0
Zaart ,2023,7,-0.4999999999999997,-0.8660254037844388,312.1,7395.0,7453.0,6831.0,5187.0
Zaart ,2023,8,-0.8660254037844385,-0.5000000000000004,315.6,5187.0,6605.0,6382.666666666667,7601.0
Zaart ,2023,9,-1.0,-1.8369701987210297e-16,318.9,7601.0,6014.0,6727.666666666667,7744.0
Zaart ,2023,10,-0.8660254037844386,0.5000000000000001,320.5,7744.0,6181.0,6844.0,6800.0
Zaart ,2023,11,-0.5000000000000004,0.8660254037844384,322.1,6800.0,4955.0,7381.666666666667,5061.0
Zaart ,2023,12,-2.4492935982947064e-16,1.0,324.5,5061.0,7433.0,6535.0,6630.0
Zaart ,2024,1,0.49999999999999994,0.8660254037844387,323.8,6630.0,8486.0,6163.666666666667,9683.0
Zaart ,2024,2,0.8660254037844386,0.5000000000000001,318.2,9683.0,6092.0,7124.666666666667,5477.0
Zaart ,2024,3,1.0,6.123233995736766e-17,310.5,5477.0,7082.0,7263.333333333333,7993.0
Zaart ,2024,4,0.8660254037844387,-0.4999999999999998,305.1,7993.0,6532.0,7717.666666666667,7009.0
Zaart ,2024,5,0.49999999999999994,-0.8660254037844387,302.4,7009.0,6566.0,6826.333333333333,9219.0
Zaart ,2024,6,1.2246467991473532e-16,-1.0,300.8,9219.0,7395.0,8073.666666666667,7137.0
Zaart ,2024,7,-0.4999999999999997,-0.8660254037844388,304.5,7137.0,5187.0,7788.333333333333,8111.0
Zaart ,2024,8,-0.8660254037844385,-0.5000000000000004,302.1,8111.0,7601.0,8155.666666666667,8124.0
Zaart ,2024,9,-1.0,-1.8369701987210297e-16,300.5,8124.0,7744.0,7790.666666666667,9806.0
Zaart ,2024,10,-0.8660254037844386,0.5000000000000001,305.8,9806.0,6800.0,8680.333333333334,7374.0
Zaart ,2024,11,-0.5000000000000004,0.8660254037844384,310.2,7374.0,5061.0,8434.666666666666,8363.0
Zaart ,2024,12,-2.4492935982947064e-16,1.0,315.4,8363.0,6630.0,8514.333333333334,6633.0
Zaart ,2025,1,0.49999999999999994,0.8660254037844387,320.1,6633.0,9683.0,7456.666666666667,10358.0
Zaart ,2025,2,0.8660254037844386,0.5000000000000001,322.5,10358.0,5477.0,8451.333333333334,7980.0
Zaart ,2025,3,1.0,6.123233995736766e-17,325.8,7980.0,7993.0,8323.666666666666,8334.0
Zaart ,2025,4,0.8660254037844387,-0.4999999999999998,328.1,8334.0,7009.0,8890.666666666666,8977.0
Zaart ,2025,5,0.49999999999999994,-0.8660254037844387,330.4,8977.0,9219.0,8430.333333333334,6958.0
Zaart ,2025,6,1.2246467991473532e-16,-1.0,332.1,6958.0,7137.0,8089.666666666667,6374.0
Zaart ,2025,7,-0.4999999999999997,-0.8660254037844388,335.2,6374.0,8111.0,7436.333333333333,6392.0
Zaart ,2025,8,-0.8660254037844385,-0.5000000000000004,338.5,6392.0,8124.0,6574.666666666667,4481.0
Zaart ,2025,9,-1.0,-1.8369701987210297e-16,340.2,4481.0,9806.0,5749.0,612.0
Zaart ,2025,10,-0.8660254037844386,0.5000000000000001,342.1,612.0,7374.0,3828.3333333333335,9314.0
Zaart ,2025,11,-0.5000000000000004,0.8660254037844384,345.5,9314.0,8363.0,4802.333333333333,7034.0
Zaart ,2025,12,-2.4492935982947064e-16,1.0,348.9,7034.0,6633.0,5653.333333333333,7626.0
Zaart ,2026,1,0.49999999999999994,0.8660254037844387,310.5,7626.0,10358.0,7991.333333333333,26526.0
