Date,Drug_Name,Brand_Name,Strength,Opening_Stock,Received_Qty,Issued_Qty,Closing_Stock,Shortage_Flag,Lead_Time,USD_Rate
2020-01-01,Metformin,Glilcomet,500mg,500.0,4288.0,4084.0,704.0,0,7.0,181.3
2020-02-01,Metformin,Glilcomet,500mg,704.0,2888.0,2750.0,842.0,0,8.0,181.5
2020-03-01,Metformin,Glilcomet,500mg,842.0,3329.0,3170.0,1001.0,0,6.0,185.3
2020-04-01,Metformin,Glilcomet,500mg,1001.0,4293.0,4089.0,1205.0,0,9.0,192.5
2020-05-01,Metformin,Glilcomet,500mg,1205.0,4122.0,3926.0,1401.0,0,7.0,188.2
2020-06-01,Metformin,Glilcomet,500mg,1401.0,4343.0,4136.0,1608.0,0,10.0,186.4
2020-07-01,Metformin,Glilcomet,500mg,1608.0,3783.0,3603.0,1788.0,0,8.0,185.9
2020-08-01,Metformin,Glilcomet,500mg,1788.0,4767.0,4540.0,2015.0,0,7.0,184.2
2020-09-01,Metformin,Glilcomet,500mg,2015.0,4521.0,4306.0,2230.0,0,9.0,184.8
2020-10-01,Metformin,Glilcomet,500mg,2230.0,3921.0,3734.0,2417.0,0,6.0,184.5
2020-11-01,Metformin,Glilcomet,500mg,2417.0,4494.0,4280.0,2631.0,0,8.0,185.1
2020-12-01,Metformin,Glilcomet,500mg,2631.0,4065.0,3871.0,2825.0,0,11.0,186.7
2021-01-01,Metformin,Glilcomet,500mg,2825.0,3403.0,3241.0,2987.0,0,9.0,190.2
2021-02-01,Metformin,Glilcomet,500mg,2987.0,4251.0,4049.0,3189.0,0,10.0,194.5
2021-03-01,Metformin,Glilcomet,500mg,3189.0,3644.0,3470.0,3363.0,0,12.0,198.1
2021-04-01,Metformin,Glilcomet,500mg,3363.0,4995.0,4757.0,3601.0,0,8.0,201.3
2021-05-01,Metformin,Glilcomet,500mg,3601.0,4460.0,4248.0,3813.0,0,11.0,200.5
2021-06-01,Metformin,Glilcomet,500mg,3813.0,4403.0,4193.0,4023.0,0,7.0,201.8
2021-07-01,Metformin,Glilcomet,500mg,4023.0,4036.0,3844.0,4215.0,0,9.0,202.4
2021-08-01,Metformin,Glilcomet,500mg,4215.0,5217.0,4969.0,4463.0,0,8.0,203.1
2021-09-01,Metformin,Glilcomet,500mg,4463.0,4087.0,3892.0,4658.0,0,10.0,203.5
2021-10-01,Metformin,Glilcomet,500mg,4658.0,3784.0,3604.0,4838.0,0,11.0,203.2
2021-11-01,Metformin,Glilcomet,500mg,4838.0,3742.0,3564.0,5016.0,0,7.0,203.8
2021-12-01,Metformin,Glilcomet,500mg,5016.0,4267.0,4064.0,5219.0,0,13.0,204.5
2022-01-01,Metformin,Glilcomet,500mg,5219.0,4251.0,4049.0,5421.0,0,14.0,205.1
2022-02-01,Metformin,Glilcomet,500mg,5421.0,4450.0,4238.0,5633.0,0,11.0,208.4
2022-03-01,Metformin,Glilcomet,500mg,5633.0,4666.0,4444.0,5855.0,0,15.0,290.5
2022-04-01,Metformin,Glilcomet,500mg,5855.0,6276.0,5977.0,6154.0,0,18.0,320.1
2022-05-01,Metformin,Glilcomet,500mg,6154.0,4395.0,4186.0,6363.0,0,14.0,355.4
2022-06-01,Metformin,Glilcomet,500mg,6363.0,4358.0,4150.0,6571.0,0,12.0,360.2
2022-07-01,Metformin,Glilcomet,500mg,6571.0,4113.0,3917.0,6767.0,0,11.0,362.5
2022-08-01,Metformin,Glilcomet,500mg,6767.0,4952.0,4716.0,7003.0,0,15.0,361.8
2022-09-01,Metformin,Glilcomet,500mg,7003.0,5150.0,4905.0,7248.0,0,10.0,363.2
2022-10-01,Metformin,Glilcomet,500mg,7248.0,4124.0,3928.0,7444.0,0,9.0,365.1
2022-11-01,Metformin,Glilcomet,500mg,7444.0,3615.0,3443.0,7616.0,0,12.0,366.5
2022-12-01,Metformin,Glilcomet,500mg,7616.0,3619.0,3447.0,7788.0,0,13.0,368.2
2023-01-01,Metformin,Glilcomet,500mg,7788.0,4613.0,4393.0,8008.0,0,14.0,365.4
2023-02-01,Metformin,Glilcomet,500mg,8008.0,4860.0,4629.0,8239.0,0,12.0,362.1
2023-03-01,Metformin,Glilcomet,500mg,8239.0,4933.0,4698.0,8474.0,0,11.0,340.5
2023-04-01,Metformin,Glilcomet,500mg,8474.0,4282.0,4078.0,8678.0,0,15.0,325.2
2023-05-01,Metformin,Glilcomet,500mg,8678.0,5030.0,4790.0,8918.0,0,8.0,315.8
2023-06-01,Metformin,Glilcomet,500mg,8918.0,4978.0,4741.0,9155.0,0,9.0,310.4
2023-07-01,Metformin,Glilcomet,500mg,9155.0,4992.0,4754.0,9393.0,0,7.0,312.1
2023-08-01,Metformin,Glilcomet,500mg,9393.0,5349.0,5094.0,9648.0,0,8.0,315.6
2023-09-01,Metformin,Glilcomet,500mg,9648.0,4675.0,4452.0,9871.0,0,7.0,318.9
2023-10-01,Metformin,Glilcomet,500mg,9871.0,4829.0,4599.0,10101.0,0,10.0,320.5
2023-11-01,Metformin,Glilcomet,500mg,10101.0,4307.0,4102.0,10306.0,0,11.0,322.1
2023-12-01,Metformin,Glilcomet,500mg,10306.0,4447.0,4235.0,10518.0,0,9.0,324.5
2024-01-01,Metformin,Glilcomet,500mg,10518.0,4782.0,4554.0,10746.0,0,10.0,323.8
2024-02-01,Metformin,Glilcomet,500mg,10746.0,3633.0,3460.0,10919.0,0,12.0,318.2
2024-03-01,Metformin,Glilcomet,500mg,10919.0,4506.0,4291.0,11134.0,0,14.0,310.5
2024-04-01,Metformin,Glilcomet,500mg,11134.0,4584.0,4366.0,11352.0,0,15.0,305.1
2024-05-01,Metformin,Glilcomet,500mg,11352.0,4587.0,4369.0,11570.0,0,18.0,302.4
2024-06-01,Metformin,Glilcomet,500mg,11570.0,4880.0,4648.0,11802.0,0,12.0,300.8
2024-07-01,Metformin,Glilcomet,500mg,11802.0,6284.0,5985.0,12101.0,0,10.0,304.5
2024-08-01,Metformin,Glilcomet,500mg,12101.0,4285.0,4081.0,12305.0,0,9.0,302.1
2024-09-01,Metformin,Glilcomet,500mg,12305.0,5434.0,5175.0,12564.0,0,11.0,300.5
2024-10-01,Metformin,Glilcomet,500mg,12564.0,3523.0,3355.0,12732.0,0,10.0,305.8
2024-11-01,Metformin,Glilcomet,500mg,12732.0,4215.0,4014.0,12933.0,0,9.0,310.2
2024-12-01,Metformin,Glilcomet,500mg,12933.0,4536.0,4320.0,13149.0,0,11.0,315.4
2025-01-01,Metformin,Glilcomet,500mg,13149.0,4937.0,4702.0,13384.0,0,12.0,320.1
2025-02-01,Metformin,Glilcomet,500mg,13384.0,5228.0,4979.0,13633.0,0,14.0,322.5
2025-03-01,Metformin,Glilcomet,500mg,13633.0,5535.0,5271.0,13897.0,0,12.0,325.8
2025-04-01,Metformin,Glilcomet,500mg,13897.0,4853.0,4622.0,14128.0,0,11.0,328.1
2025-05-01,Metformin,Glilcomet,500mg,14128.0,4897.0,4664.0,14361.0,0,10.0,330.4
2025-06-01,Metformin,Glilcomet,500mg,14361.0,9471.0,9020.0,14812.0,0,14.0,332.1
2025-07-01,Metformin,Glilcomet,500mg,14812.0,1685.0,1605.0,14892.0,0,15.0,335.2
2025-08-01,Metformin,Glilcomet,500mg,14892.0,2292.0,2183.0,15001.0,0,12.0,338.5
2025-09-01,Metformin,Glilcomet,500mg,15001.0,5361.0,5106.0,15256.0,0,10.0,340.2
2025-10-01,Metformin,Glilcomet,500mg,15256.0,3205.0,3052.0,15409.0,0,11.0,342.1
2025-11-01,Metformin,Glilcomet,500mg,15409.0,7085.0,6748.0,15746.0,0,13.0,345.5
2025-12-01,Metformin,Glilcomet,500mg,15746.0,6263.0,5965.0,16044.0,0,14.0,348.9
2026-01-01,Metformin,Glilcomet,500mg,16044.0,5434.0,5175.0,16303.0,0,10.0,310.5
2020-01-01,Metformin,Metfogen-XR,500mg,1000.0,6614.0,6299.0,1315.0,0,7.0,181.3
2020-02-01,Metformin,Metfogen-XR,500mg,1315.0,7202.0,6859.0,1658.0,0,8.0,181.5
2020-03-01,Metformin,Metfogen-XR,500mg,1658.0,7130.0,6790.0,1998.0,0,6.0,185.3
2020-04-01,Metformin,Metfogen-XR,500mg,1998.0,7199.0,6856.0,2341.0,0,9.0,192.5
2020-05-01,Metformin,Metfogen-XR,500mg,2341.0,6198.0,5903.0,2636.0,0,7.0,188.2
2020-06-01,Metformin,Metfogen-XR,500mg,2636.0,5687.0,5416.0,2907.0,0,10.0,186.4
2020-07-01,Metformin,Metfogen-XR,500mg,2907.0,5821.0,5544.0,3184.0,0,8.0,185.9
2020-08-01,Metformin,Metfogen-XR,500mg,3184.0,4531.0,4315.0,3400.0,0,7.0,184.2
2020-09-01,Metformin,Metfogen-XR,500mg,3400.0,4763.0,4536.0,3627.0,0,9.0,184.8
2020-10-01,Metformin,Metfogen-XR,500mg,3627.0,5018.0,4779.0,3866.0,0,6.0,184.5
2020-11-01,Metformin,Metfogen-XR,500mg,3866.0,5507.0,5245.0,4128.0,0,8.0,185.1
2020-12-01,Metformin,Metfogen-XR,500mg,4128.0,7092.0,6754.0,4466.0,0,11.0,186.7
2021-01-01,Metformin,Metfogen-XR,500mg,4466.0,6023.0,5736.0,4753.0,0,9.0,190.2
2021-02-01,Metformin,Metfogen-XR,500mg,4753.0,6617.0,6302.0,5068.0,0,10.0,194.5
2021-03-01,Metformin,Metfogen-XR,500mg,5068.0,8467.0,8064.0,5471.0,0,12.0,198.1
2021-04-01,Metformin,Metfogen-XR,500mg,5471.0,6454.0,6147.0,5778.0,0,8.0,201.3
2021-05-01,Metformin,Metfogen-XR,500mg,5778.0,7343.0,6993.0,6128.0,0,11.0,200.5
2021-06-01,Metformin,Metfogen-XR,500mg,6128.0,5505.0,5243.0,6390.0,0,7.0,201.8
2021-07-01,Metformin,Metfogen-XR,500mg,6390.0,5969.0,5685.0,6674.0,0,9.0,202.4
2021-08-01,Metformin,Metfogen-XR,500mg,6674.0,5289.0,5037.0,6926.0,0,8.0,203.1
2021-09-01,Metformin,Metfogen-XR,500mg,6926.0,5877.0,5597.0,7206.0,0,10.0,203.5
2021-10-01,Metformin,Metfogen-XR,500mg,7206.0,7254.0,6909.0,7551.0,0,12.0,203.2
2021-11-01,Metformin,Metfogen-XR,500mg,7551.0,5159.0,4913.0,7797.0,0,7.0,203.8
2021-12-01,Metformin,Metfogen-XR,500mg,7797.0,7450.0,7095.0,8152.0,0,13.0,204.5
2022-01-01,Metformin,Metfogen-XR,500mg,8152.0,7472.0,7116.0,8508.0,0,14.0,205.1
2022-02-01,Metformin,Metfogen-XR,500mg,8508.0,6695.0,6376.0,8827.0,0,11.0,208.4
2022-03-01,Metformin,Metfogen-XR,500mg,8827.0,5862.0,5583.0,9106.0,0,15.0,290.5
2022-04-01,Metformin,Metfogen-XR,500mg,9106.0,7193.0,6850.0,9449.0,0,18.0,320.1
2022-05-01,Metformin,Metfogen-XR,500mg,9449.0,6346.0,6044.0,9751.0,0,14.0,355.4
2022-06-01,Metformin,Metfogen-XR,500mg,9751.0,6853.0,6527.0,10077.0,0,12.0,360.2
2022-07-01,Metformin,Metfogen-XR,500mg,10077.0,6454.0,6147.0,10384.0,0,11.0,362.5
2022-08-01,Metformin,Metfogen-XR,500mg,10384.0,8105.0,7719.0,10770.0,0,15.0,361.8
2022-09-01,Metformin,Metfogen-XR,500mg,10770.0,6234.0,5937.0,11067.0,0,10.0,363.2
2022-10-01,Metformin,Metfogen-XR,500mg,11067.0,5732.0,5459.0,11340.0,0,9.0,365.1
2022-11-01,Metformin,Metfogen-XR,500mg,11340.0,7176.0,6834.0,11682.0,0,12.0,366.5
2022-12-01,Metformin,Metfogen-XR,500mg,11682.0,7539.0,7180.0,12041.0,0,13.0,368.2
2023-01-01,Metformin,Metfogen-XR,500mg,12041.0,9239.0,8799.0,12481.0,0,14.0,365.4
2023-02-01,Metformin,Metfogen-XR,500mg,12481.0,8669.0,8256.0,12894.0,0,12.0,362.1
2023-03-01,Metformin,Metfogen-XR,500mg,12894.0,8028.0,7646.0,13276.0,0,11.0,340.5
2023-04-01,Metformin,Metfogen-XR,500mg,13276.0,9261.0,8820.0,13717.0,0,15.0,325.2
2023-05-01,Metformin,Metfogen-XR,500mg,13717.0,6007.0,5721.0,14003.0,0,8.0,315.8
2023-06-01,Metformin,Metfogen-XR,500mg,14003.0,6283.0,5984.0,14302.0,0,9.0,310.4
2023-07-01,Metformin,Metfogen-XR,500mg,14302.0,5851.0,5572.0,14581.0,0,7.0,312.1
2023-08-01,Metformin,Metfogen-XR,500mg,14581.0,6282.0,5983.0,14880.0,0,8.0,315.6
2023-09-01,Metformin,Metfogen-XR,500mg,14880.0,5494.0,5232.0,15142.0,0,7.0,318.9
2023-10-01,Metformin,Metfogen-XR,500mg,15142.0,7683.0,7317.0,15508.0,0,10.0,320.5
2023-11-01,Metformin,Metfogen-XR,500mg,15508.0,7060.0,6724.0,15844.0,0,11.0,322.1
2023-12-01,Metformin,Metfogen-XR,500mg,15844.0,6114.0,5823.0,16135.0,0,9.0,324.5
2024-01-01,Metformin,Metfogen-XR,500mg,16135.0,6762.0,6440.0,16457.0,0,10.0,323.8
2024-02-01,Metformin,Metfogen-XR,500mg,16457.0,8377.0,7978.0,16856.0,0,12.0,318.2
2024-03-01,Metformin,Metfogen-XR,500mg,16856.0,9017.0,8588.0,17285.0,0,14.0,310.5
2024-04-01,Metformin,Metfogen-XR,500mg,17285.0,10484.0,9985.0,17784.0,0,15.0,305.1
2024-05-01,Metformin,Metfogen-XR,500mg,17784.0,11616.0,11063.0,18337.0,0,18.0,302.4
2024-06-01,Metformin,Metfogen-XR,500mg,18337.0,7691.0,7325.0,18703.0,0,12.0,300.8
2024-07-01,Metformin,Metfogen-XR,500mg,18703.0,6057.0,5769.0,18991.0,0,10.0,304.5
2024-08-01,Metformin,Metfogen-XR,500mg,18991.0,5056.0,4815.0,19232.0,0,9.0,302.1
2024-09-01,Metformin,Metfogen-XR,500mg,19232.0,7347.0,6997.0,19582.0,0,11.0,300.5
2024-10-01,Metformin,Metfogen-XR,500mg,19582.0,6461.0,6153.0,19890.0,0,10.0,305.8
2024-11-01,Metformin,Metfogen-XR,500mg,19890.0,7168.0,6827.0,20231.0,0,9.0,310.2
2024-12-01,Metformin,Metfogen-XR,500mg,20231.0,7268.0,6922.0,20577.0,0,11.0,315.4
2025-01-01,Metformin,Metfogen-XR,500mg,20577.0,8057.0,7673.0,20961.0,0,12.0,320.1
2025-02-01,Metformin,Metfogen-XR,500mg,20961.0,9801.0,9334.0,21428.0,0,14.0,322.5
2025-03-01,Metformin,Metfogen-XR,500mg,21428.0,8509.0,8104.0,21833.0,0,12.0,325.8
2025-04-01,Metformin,Metfogen-XR,500mg,21833.0,7930.0,7552.0,22211.0,0,11.0,328.1
2025-05-01,Metformin,Metfogen-XR,500mg,22211.0,6713.0,6393.0,22531.0,0,10.0,330.4
2025-06-01,Metformin,Metfogen-XR,500mg,22531.0,1001.0,953.0,22579.0,0,14.0,332.1
2025-07-01,Metformin,Metfogen-XR,500mg,22579.0,5139.0,4894.0,22824.0,0,15.0,335.2
2025-08-01,Metformin,Metfogen-XR,500mg,22824.0,5852.0,5573.0,23103.0,0,12.0,338.5
2025-09-01,Metformin,Metfogen-XR,500mg,23103.0,3487.0,3321.0,23269.0,0,10.0,340.2
2025-10-01,Metformin,Metfogen-XR,500mg,23269.0,2319.0,2209.0,23379.0,0,11.0,342.1
2025-11-01,Metformin,Metfogen-XR,500mg,23379.0,21351.0,20334.0,24396.0,0,13.0,345.5
2025-12-01,Metformin,Metfogen-XR,500mg,24396.0,10772.0,10259.0,24909.0,0,14.0,348.9
2026-01-01,Metformin,Metfogen-XR,500mg,24909.0,11685.0,11129.0,25465.0,0,10.0,310.5
2020-01-01,Metformin,Glucopet-XR,500mg,1000.0,8595.0,8186.0,1409.0,0,7.0,181.3
2020-02-01,Metformin,Glucopet-XR,500mg,1409.0,7860.0,7486.0,1783.0,0,8.0,181.5
2020-03-01,Metformin,Glucopet-XR,500mg,1783.0,7301.0,6953.0,2131.0,0,6.0,185.3
2020-04-01,Metformin,Glucopet-XR,500mg,2131.0,7452.0,7097.0,2486.0,0,9.0,192.5
2020-05-01,Metformin,Glucopet-XR,500mg,2486.0,9353.0,8908.0,2931.0,0,7.0,188.2
2020-06-01,Metformin,Glucopet-XR,500mg,2931.0,11435.0,10890.0,3476.0,0,10.0,186.4
2020-07-01,Metformin,Glucopet-XR,500mg,3476.0,8997.0,8569.0,3904.0,0,8.0,185.9
2020-08-01,Metformin,Glucopet-XR,500mg,3904.0,8322.0,7926.0,4300.0,0,7.0,184.2
2020-09-01,Metformin,Glucopet-XR,500mg,4300.0,8537.0,8130.0,4707.0,0,9.0,184.8
2020-10-01,Metformin,Glucopet-XR,500mg,4707.0,9724.0,9261.0,5170.0,0,6.0,184.5
2020-11-01,Metformin,Glucopet-XR,500mg,5170.0,8246.0,7853.0,5563.0,0,8.0,185.1
2020-12-01,Metformin,Glucopet-XR,500mg,5563.0,7661.0,7296.0,5928.0,0,11.0,186.7
2021-01-01,Metformin,Glucopet-XR,500mg,5928.0,9997.0,9521.0,6404.0,0,9.0,190.2
2021-02-01,Metformin,Glucopet-XR,500mg,6404.0,9454.0,9004.0,6854.0,0,10.0,194.5
2021-03-01,Metformin,Glucopet-XR,500mg,6854.0,11637.0,11083.0,7408.0,0,12.0,198.1
2021-04-01,Metformin,Glucopet-XR,500mg,7408.0,9774.0,9309.0,7873.0,0,8.0,201.3
2021-05-01,Metformin,Glucopet-XR,500mg,7873.0,7991.0,7610.0,8254.0,0,11.0,200.5
2021-06-01,Metformin,Glucopet-XR,500mg,8254.0,7742.0,7373.0,8623.0,0,7.0,201.8
2021-07-01,Metformin,Glucopet-XR,500mg,8623.0,11855.0,11290.0,9188.0,0,9.0,202.4
2021-08-01,Metformin,Glucopet-XR,500mg,9188.0,11557.0,11007.0,9738.0,0,8.0,203.1
2021-09-01,Metformin,Glucopet-XR,500mg,9738.0,8386.0,7987.0,10137.0,0,10.0,203.5
2021-10-01,Metformin,Glucopet-XR,500mg,10137.0,7951.0,7572.0,10516.0,0,12.0,203.2
2021-11-01,Metformin,Glucopet-XR,500mg,10516.0,10465.0,9967.0,11014.0,0,7.0,203.8
2021-12-01,Metformin,Glucopet-XR,500mg,11014.0,7270.0,6924.0,11360.0,0,13.0,204.5
2022-01-01,Metformin,Glucopet-XR,500mg,11360.0,7802.0,7430.0,11732.0,0,14.0,205.1
2022-02-01,Metformin,Glucopet-XR,500mg,11732.0,10286.0,9796.0,12222.0,0,11.0,208.4
2022-03-01,Metformin,Glucopet-XR,500mg,12222.0,9177.0,8740.0,12659.0,0,15.0,290.5
2022-04-01,Metformin,Glucopet-XR,500mg,12659.0,10010.0,9533.0,13136.0,0,18.0,320.1
2022-05-01,Metformin,Glucopet-XR,500mg,13136.0,9870.0,9400.0,13606.0,0,14.0,355.4
2022-06-01,Metformin,Glucopet-XR,500mg,13606.0,10534.0,10032.0,14108.0,0,12.0,360.2
2022-07-01,Metformin,Glucopet-XR,500mg,14108.0,12039.0,11466.0,14681.0,0,11.0,362.5
2022-08-01,Metformin,Glucopet-XR,500mg,14681.0,9530.0,9076.0,15135.0,0,15.0,361.8
2022-09-01,Metformin,Glucopet-XR,500mg,15135.0,9996.0,9520.0,15611.0,0,10.0,363.2
2022-10-01,Metformin,Glucopet-XR,500mg,15611.0,6523.0,6212.0,15922.0,0,9.0,365.1
2022-11-01,Metformin,Glucopet-XR,500mg,15922.0,8790.0,8371.0,16341.0,0,12.0,366.5
2022-12-01,Metformin,Glucopet-XR,500mg,16341.0,7968.0,7589.0,16720.0,0,13.0,368.2
2023-01-01,Metformin,Glucopet-XR,500mg,16720.0,7828.0,7455.0,17093.0,0,14.0,365.4
2023-02-01,Metformin,Glucopet-XR,500mg,17093.0,8625.0,8214.0,17504.0,0,12.0,362.1
2023-03-01,Metformin,Glucopet-XR,500mg,17504.0,9756.0,9291.0,17969.0,0,11.0,340.5
2023-04-01,Metformin,Glucopet-XR,500mg,17969.0,12107.0,11530.0,18546.0,0,15.0,325.2
2023-05-01,Metformin,Glucopet-XR,500mg,18546.0,8733.0,8317.0,18962.0,0,8.0,315.8
2023-06-01,Metformin,Glucopet-XR,500mg,18962.0,10597.0,10092.0,19467.0,0,9.0,310.4
2023-07-01,Metformin,Glucopet-XR,500mg,19467.0,9550.0,9095.0,19922.0,0,7.0,312.1
2023-08-01,Metformin,Glucopet-XR,500mg,19922.0,9429.0,8980.0,20371.0,0,8.0,315.6
2023-09-01,Metformin,Glucopet-XR,500mg,20371.0,11113.0,10584.0,20900.0,0,7.0,318.9
2023-10-01,Metformin,Glucopet-XR,500mg,20900.0,10131.0,9649.0,21382.0,0,10.0,320.5
2023-11-01,Metformin,Glucopet-XR,500mg,21382.0,11400.0,10857.0,21925.0,0,11.0,322.1
2023-12-01,Metformin,Glucopet-XR,500mg,21925.0,9307.0,8864.0,22368.0,0,9.0,324.5
2024-01-01,Metformin,Glucopet-XR,500mg,22368.0,8919.0,8494.0,22793.0,0,10.0,323.8
2024-02-01,Metformin,Glucopet-XR,500mg,22793.0,10022.0,9545.0,23270.0,0,12.0,318.2
2024-03-01,Metformin,Glucopet-XR,500mg,23270.0,11206.0,10672.0,23804.0,0,14.0,310.5
2024-04-01,Metformin,Glucopet-XR,500mg,23804.0,11415.0,10871.0,24348.0,0,15.0,305.1
2024-05-01,Metformin,Glucopet-XR,500mg,24348.0,9540.0,9086.0,24802.0,0,18.0,302.4
2024-06-01,Metformin,Glucopet-XR,500mg,24802.0,11263.0,10727.0,25338.0,0,12.0,300.8
2024-07-01,Metformin,Glucopet-XR,500mg,25338.0,11195.0,10662.0,25871.0,0,10.0,304.5
2024-08-01,Metformin,Glucopet-XR,500mg,25871.0,15220.0,14495.0,26596.0,0,9.0,302.1
2024-09-01,Metformin,Glucopet-XR,500mg,26596.0,13347.0,12711.0,27232.0,0,11.0,300.5
2024-10-01,Metformin,Glucopet-XR,500mg,27232.0,8663.0,8250.0,27645.0,0,10.0,305.8
2024-11-01,Metformin,Glucopet-XR,500mg,27645.0,9411.0,8963.0,28093.0,0,9.0,310.2
2024-12-01,Metformin,Glucopet-XR,500mg,28093.0,8057.0,7673.0,28477.0,0,11.0,315.4
2025-01-01,Metformin,Glucopet-XR,500mg,28477.0,9546.0,9091.0,28932.0,0,12.0,320.1
2025-02-01,Metformin,Glucopet-XR,500mg,28932.0,11448.0,10903.0,29477.0,0,14.0,322.5
2025-03-01,Metformin,Glucopet-XR,500mg,29477.0,13640.0,12990.0,30127.0,0,12.0,325.8
2025-04-01,Metformin,Glucopet-XR,500mg,30127.0,10498.0,9998.0,30627.0,0,11.0,328.1
2025-05-01,Metformin,Glucopet-XR,500mg,30627.0,10719.0,10209.0,31137.0,0,10.0,330.4
2025-06-01,Metformin,Glucopet-XR,500mg,31137.0,750.0,714.0,31173.0,0,14.0,332.1
2025-07-01,Metformin,Glucopet-XR,500mg,31173.0,2695.0,2567.0,31301.0,0,15.0,335.2
2025-08-01,Metformin,Glucopet-XR,500mg,31301.0,24803.0,23622.0,32482.0,0,12.0,338.5
2025-09-01,Metformin,Glucopet-XR,500mg,32482.0,2822.0,2688.0,32616.0,0,10.0,340.2
2025-10-01,Metformin,Glucopet-XR,500mg,32616.0,901.0,858.0,32659.0,0,11.0,342.1
2025-11-01,Metformin,Glucopet-XR,500mg,32659.0,22871.0,21782.0,33748.0,0,13.0,345.5
2025-12-01,Metformin,Glucopet-XR,500mg,33748.0,2164.0,2061.0,33851.0,0,14.0,348.9
2026-01-01,Metformin,Glucopet-XR,500mg,33851.0,33907.0,32292.0,35466.0,0,10.0,310.5
2020-01-01,Gliclazide,Diamicron-MR,60mg,500.0,4173.0,3974.0,699.0,0,7.0,181.3
2020-02-01,Gliclazide,Diamicron-MR,60mg,699.0,4818.0,4589.0,928.0,0,8.0,181.5
2020-03-01,Gliclazide,Diamicron-MR,60mg,928.0,5868.0,5589.0,1207.0,0,6.0,185.3
2020-04-01,Gliclazide,Diamicron-MR,60mg,1207.0,5820.0,5543.0,1484.0,0,9.0,192.5
2020-05-01,Gliclazide,Diamicron-MR,60mg,1484.0,5325.0,5071.0,1738.0,0,7.0,188.2
2020-06-01,Gliclazide,Diamicron-MR,60mg,1738.0,5607.0,5340.0,2005.0,0,10.0,186.4
2020-07-01,Gliclazide,Diamicron-MR,60mg,2005.0,4634.0,4413.0,2226.0,0,8.0,185.9
2020-08-01,Gliclazide,Diamicron-MR,60mg,2226.0,5371.0,5115.0,2482.0,0,7.0,184.2
2020-09-01,Gliclazide,Diamicron-MR,60mg,2482.0,5163.0,4917.0,2728.0,0,9.0,184.8
2020-10-01,Gliclazide,Diamicron-MR,60mg,2728.0,5357.0,5102.0,2983.0,0,6.0,184.5
2020-11-01,Gliclazide,Diamicron-MR,60mg,2983.0,4623.0,4403.0,3203.0,0,8.0,185.1
2020-12-01,Gliclazide,Diamicron-MR,60mg,3203.0,5336.0,5082.0,3457.0,0,11.0,186.7
2021-01-01,Gliclazide,Diamicron-MR,60mg,3457.0,5860.0,5581.0,3736.0,0,9.0,190.2
2021-02-01,Gliclazide,Diamicron-MR,60mg,3736.0,5325.0,5071.0,3990.0,0,10.0,194.5
2021-03-01,Gliclazide,Diamicron-MR,60mg,3990.0,5728.0,5455.0,4263.0,0,12.0,198.1
2021-04-01,Gliclazide,Diamicron-MR,60mg,4263.0,5719.0,5447.0,4535.0,0,8.0,201.3
2021-05-01,Gliclazide,Diamicron-MR,60mg,4535.0,5862.0,5583.0,4814.0,0,11.0,200.5
2021-06-01,Gliclazide,Diamicron-MR,60mg,4814.0,5341.0,5087.0,5068.0,0,7.0,201.8
2021-07-01,Gliclazide,Diamicron-MR,60mg,5068.0,6213.0,5917.0,5364.0,0,9.0,202.4
2021-08-01,Gliclazide,Diamicron-MR,60mg,5364.0,5707.0,5435.0,5636.0,0,8.0,203.1
2021-09-01,Gliclazide,Diamicron-MR,60mg,5636.0,7653.0,7289.0,6000.0,0,10.0,203.5
2021-10-01,Gliclazide,Diamicron-MR,60mg,6000.0,6816.0,6491.0,6325.0,0,12.0,203.2
2021-11-01,Gliclazide,Diamicron-MR,60mg,6325.0,5540.0,5276.0,6589.0,0,7.0,203.8
2021-12-01,Gliclazide,Diamicron-MR,60mg,6589.0,4614.0,4394.0,6809.0,0,13.0,204.5
2022-01-01,Gliclazide,Diamicron-MR,60mg,6809.0,4433.0,4222.0,7020.0,0,14.0,205.1
2022-02-01,Gliclazide,Diamicron-MR,60mg,7020.0,6471.0,6163.0,7328.0,0,11.0,208.4
2022-03-01,Gliclazide,Diamicron-MR,60mg,7328.0,5881.0,5601.0,7608.0,0,15.0,290.5
2022-04-01,Gliclazide,Diamicron-MR,60mg,7608.0,6344.0,6042.0,7910.0,0,18.0,320.1
2022-05-01,Gliclazide,Diamicron-MR,60mg,7910.0,4695.0,4471.0,8134.0,0,14.0,355.4
2022-06-01,Gliclazide,Diamicron-MR,60mg,8134.0,7117.0,6778.0,8473.0,0,12.0,360.2
2022-07-01,Gliclazide,Diamicron-MR,60mg,8473.0,6599.0,6285.0,8787.0,0,11.0,362.5
2022-08-01,Gliclazide,Diamicron-MR,60mg,8787.0,5101.0,4858.0,9030.0,0,15.0,361.8
2022-09-01,Gliclazide,Diamicron-MR,60mg,9030.0,5420.0,5162.0,9288.0,0,10.0,363.2
2022-10-01,Gliclazide,Diamicron-MR,60mg,9288.0,5826.0,5549.0,9565.0,0,9.0,365.1
2022-11-01,Gliclazide,Diamicron-MR,60mg,9565.0,5482.0,5221.0,9826.0,0,12.0,366.5
2022-12-01,Gliclazide,Diamicron-MR,60mg,9826.0,5151.0,4906.0,10071.0,0,13.0,368.2
2023-01-01,Gliclazide,Diamicron-MR,60mg,10071.0,5367.0,5111.0,10327.0,0,14.0,365.4
2023-02-01,Gliclazide,Diamicron-MR,60mg,10327.0,5422.0,5164.0,10585.0,0,12.0,362.1
2023-03-01,Gliclazide,Diamicron-MR,60mg,10585.0,6019.0,5732.0,10872.0,0,11.0,340.5
2023-04-01,Gliclazide,Diamicron-MR,60mg,10872.0,7659.0,7294.0,11237.0,0,15.0,325.2
2023-05-01,Gliclazide,Diamicron-MR,60mg,11237.0,4318.0,4112.0,11443.0,0,8.0,315.8
2023-06-01,Gliclazide,Diamicron-MR,60mg,11443.0,6218.0,5922.0,11739.0,0,9.0,310.4
2023-07-01,Gliclazide,Diamicron-MR,60mg,11739.0,6586.0,6272.0,12053.0,0,7.0,312.1
2023-08-01,Gliclazide,Diamicron-MR,60mg,12053.0,6553.0,6241.0,12365.0,0,8.0,315.6
2023-09-01,Gliclazide,Diamicron-MR,60mg,12365.0,5724.0,5451.0,12638.0,0,7.0,318.9
2023-10-01,Gliclazide,Diamicron-MR,60mg,12638.0,4477.0,4264.0,12851.0,0,10.0,320.5
2023-11-01,Gliclazide,Diamicron-MR,60mg,12851.0,5945.0,5662.0,13134.0,0,11.0,322.1
2023-12-01,Gliclazide,Diamicron-MR,60mg,13134.0,7257.0,6911.0,13480.0,0,9.0,324.5
2024-01-01,Gliclazide,Diamicron-MR,60mg,13480.0,4505.0,4290.0,13695.0,0,10.0,323.8
2024-02-01,Gliclazide,Diamicron-MR,60mg,13695.0,6670.0,6352.0,14013.0,0,12.0,318.2
2024-03-01,Gliclazide,Diamicron-MR,60mg,14013.0,5825.0,5548.0,14290.0,0,14.0,310.5
2024-04-01,Gliclazide,Diamicron-MR,60mg,14290.0,6332.0,6030.0,14592.0,0,15.0,305.1
2024-05-01,Gliclazide,Diamicron-MR,60mg,14592.0,5637.0,5369.0,14860.0,0,18.0,302.4
2024-06-01,Gliclazide,Diamicron-MR,60mg,14860.0,6376.0,6072.0,15164.0,0,12.0,300.8
2024-07-01,Gliclazide,Diamicron-MR,60mg,15164.0,8109.0,7723.0,15550.0,0,10.0,304.5
2024-08-01,Gliclazide,Diamicron-MR,60mg,15550.0,7118.0,6779.0,15889.0,0,9.0,302.1
2024-09-01,Gliclazide,Diamicron-MR,60mg,15889.0,8166.0,7777.0,16278.0,0,11.0,300.5
2024-10-01,Gliclazide,Diamicron-MR,60mg,16278.0,7235.0,6890.0,16623.0,0,10.0,305.8
2024-11-01,Gliclazide,Diamicron-MR,60mg,16623.0,6290.0,5990.0,16923.0,0,9.0,310.2
2024-12-01,Gliclazide,Diamicron-MR,60mg,16923.0,7568.0,7208.0,17283.0,0,11.0,315.4
2025-01-01,Gliclazide,Diamicron-MR,60mg,17283.0,6301.0,6001.0,17583.0,0,12.0,320.1
2025-02-01,Gliclazide,Diamicron-MR,60mg,17583.0,6902.0,6573.0,17912.0,0,14.0,322.5
2025-03-01,Gliclazide,Diamicron-MR,60mg,17912.0,6090.0,5800.0,18202.0,0,12.0,325.8
2025-04-01,Gliclazide,Diamicron-MR,60mg,18202.0,6715.0,6395.0,18522.0,0,11.0,328.1
2025-05-01,Gliclazide,Diamicron-MR,60mg,18522.0,6187.0,5892.0,18817.0,0,10.0,330.4
2025-06-01,Gliclazide,Diamicron-MR,60mg,18817.0,10243.0,9755.0,19305.0,0,14.0,332.1
2025-07-01,Gliclazide,Diamicron-MR,60mg,19305.0,8972.0,8545.0,19732.0,0,15.0,335.2
2025-08-01,Gliclazide,Diamicron-MR,60mg,19732.0,5398.0,5141.0,19989.0,0,12.0,338.5
2025-09-01,Gliclazide,Diamicron-MR,60mg,19989.0,8298.0,7903.0,20384.0,0,10.0,340.2
2025-10-01,Gliclazide,Diamicron-MR,60mg,20384.0,7888.0,7512.0,20760.0,0,11.0,342.1
2025-11-01,Gliclazide,Diamicron-MR,60mg,20760.0,4239.0,4037.0,20962.0,0,13.0,345.5
2025-12-01,Gliclazide,Diamicron-MR,60mg,20962.0,2798.0,2665.0,21095.0,0,14.0,348.9
2026-01-01,Gliclazide,Diamicron-MR,60mg,21095.0,7155.0,6814.0,21436.0,0,10.0,310.5
2020-01-01,Gliclazide,Diatica,80mg,300.0,2505.0,2386.0,419.0,0,7.0,181.3
2020-02-01,Gliclazide,Diatica,80mg,419.0,2822.0,2688.0,553.0,0,8.0,181.5
2020-03-01,Gliclazide,Diatica,80mg,553.0,3176.0,3025.0,704.0,0,6.0,185.3
2020-04-01,Gliclazide,Diatica,80mg,704.0,2970.0,2829.0,845.0,0,9.0,192.5
2020-05-01,Gliclazide,Diatica,80mg,845.0,1988.0,1893.0,940.0,0,7.0,188.2
2020-06-01,Gliclazide,Diatica,80mg,940.0,3062.0,2916.0,1086.0,0,10.0,186.4
2020-07-01,Gliclazide,Diatica,80mg,1086.0,3078.0,2931.0,1233.0,0,8.0,185.9
2020-08-01,Gliclazide,Diatica,80mg,1233.0,3332.0,3173.0,1392.0,0,7.0,184.2
2020-09-01,Gliclazide,Diatica,80mg,1392.0,4029.0,3837.0,1584.0,0,9.0,184.8
2020-10-01,Gliclazide,Diatica,80mg,1584.0,2296.0,2187.0,1693.0,0,6.0,184.5
2020-11-01,Gliclazide,Diatica,80mg,1693.0,2787.0,2654.0,1826.0,0,8.0,185.1
2020-12-01,Gliclazide,Diatica,80mg,1826.0,3201.0,3049.0,1978.0,0,11.0,186.7
2021-01-01,Gliclazide,Diatica,80mg,1978.0,2223.0,2117.0,2084.0,0,9.0,190.2
2021-02-01,Gliclazide,Diatica,80mg,2084.0,3418.0,3255.0,2247.0,0,10.0,194.5
2021-03-01,Gliclazide,Diatica,80mg,2247.0,2871.0,2734.0,2384.0,0,12.0,198.1
2021-04-01,Gliclazide,Diatica,80mg,2384.0,3130.0,2981.0,2533.0,0,8.0,201.3
2021-05-01,Gliclazide,Diatica,80mg,2533.0,2617.0,2492.0,2658.0,0,11.0,200.5
2021-06-01,Gliclazide,Diatica,80mg,2658.0,3361.0,3201.0,2818.0,0,7.0,201.8
2021-07-01,Gliclazide,Diatica,80mg,2818.0,3634.0,3461.0,2991.0,0,9.0,202.4
2021-08-01,Gliclazide,Diatica,80mg,2991.0,3297.0,3140.0,3148.0,0,8.0,203.1
2021-09-01,Gliclazide,Diatica,80mg,3148.0,3330.0,3171.0,3307.0,0,10.0,203.5
2021-10-01,Gliclazide,Diatica,80mg,3307.0,3314.0,3156.0,3465.0,0,12.0,203.2
2021-11-01,Gliclazide,Diatica,80mg,3465.0,2720.0,2590.0,3595.0,0,7.0,203.8
2021-12-01,Gliclazide,Diatica,80mg,3595.0,2914.0,2775.0,3734.0,0,13.0,204.5
2022-01-01,Gliclazide,Diatica,80mg,3734.0,2800.0,2667.0,3867.0,0,14.0,205.1
2022-02-01,Gliclazide,Diatica,80mg,3867.0,2951.0,2810.0,4008.0,0,11.0,208.4
2022-03-01,Gliclazide,Diatica,80mg,4008.0,3209.0,3056.0,4161.0,0,15.0,290.5
2022-04-01,Gliclazide,Diatica,80mg,4161.0,2392.0,2278.0,4275.0,0,18.0,320.1
2022-05-01,Gliclazide,Diatica,80mg,4275.0,2846.0,2710.0,4411.0,0,14.0,355.4
2022-06-01,Gliclazide,Diatica,80mg,4411.0,3778.0,3598.0,4591.0,0,12.0,360.2
2022-07-01,Gliclazide,Diatica,80mg,4591.0,2816.0,2682.0,4725.0,0,11.0,362.5
2022-08-01,Gliclazide,Diatica,80mg,4725.0,2862.0,2726.0,4861.0,0,15.0,361.8
2022-09-01,Gliclazide,Diatica,80mg,4861.0,3371.0,3210.0,5022.0,0,10.0,363.2
2022-10-01,Gliclazide,Diatica,80mg,5022.0,3673.0,3498.0,5197.0,0,9.0,365.1
2022-11-01,Gliclazide,Diatica,80mg,5197.0,3153.0,3003.0,5347.0,0,12.0,366.5
2022-12-01,Gliclazide,Diatica,80mg,5347.0,3698.0,3522.0,5523.0,0,13.0,368.2
2023-01-01,Gliclazide,Diatica,80mg,5523.0,3313.0,3155.0,5681.0,0,14.0,365.4
2023-02-01,Gliclazide,Diatica,80mg,5681.0,3213.0,3060.0,5834.0,0,12.0,362.1
2023-03-01,Gliclazide,Diatica,80mg,5834.0,3052.0,2907.0,5979.0,0,11.0,340.5
2023-04-01,Gliclazide,Diatica,80mg,5979.0,4041.0,3849.0,6171.0,0,15.0,325.2
2023-05-01,Gliclazide,Diatica,80mg,6171.0,2858.0,2722.0,6307.0,0,8.0,315.8
2023-06-01,Gliclazide,Diatica,80mg,6307.0,2277.0,2169.0,6415.0,0,9.0,310.4
2023-07-01,Gliclazide,Diatica,80mg,6415.0,4073.0,3879.0,6609.0,0,7.0,312.1
2023-08-01,Gliclazide,Diatica,80mg,6609.0,3073.0,2927.0,6755.0,0,8.0,315.6
2023-09-01,Gliclazide,Diatica,80mg,6755.0,3379.0,3218.0,6916.0,0,7.0,318.9
2023-10-01,Gliclazide,Diatica,80mg,6916.0,4005.0,3814.0,7107.0,0,10.0,320.5
2023-11-01,Gliclazide,Diatica,80mg,7107.0,2517.0,2397.0,7227.0,0,11.0,322.1
2023-12-01,Gliclazide,Diatica,80mg,7227.0,2554.0,2432.0,7349.0,0,9.0,324.5
2024-01-01,Gliclazide,Diatica,80mg,7349.0,2330.0,2219.0,7460.0,0,10.0,323.8
2024-02-01,Gliclazide,Diatica,80mg,7460.0,2557.0,2435.0,7582.0,0,12.0,318.2
2024-03-01,Gliclazide,Diatica,80mg,7582.0,3051.0,2906.0,7727.0,0,14.0,310.5
2024-04-01,Gliclazide,Diatica,80mg,7727.0,3135.0,2986.0,7876.0,0,15.0,305.1
2024-05-01,Gliclazide,Diatica,80mg,7876.0,3125.0,2976.0,8025.0,0,18.0,302.4
2024-06-01,Gliclazide,Diatica,80mg,8025.0,2531.0,2410.0,8146.0,0,12.0,300.8
2024-07-01,Gliclazide,Diatica,80mg,8146.0,2302.0,2192.0,8256.0,0,10.0,304.5
2024-08-01,Gliclazide,Diatica,80mg,8256.0,3375.0,3214.0,8417.0,0,9.0,302.1
2024-09-01,Gliclazide,Diatica,80mg,8417.0,3150.0,3000.0,8567.0,0,11.0,300.5
2024-10-01,Gliclazide,Diatica,80mg,8567.0,3585.0,3414.0,8738.0,0,10.0,305.8
2024-11-01,Gliclazide,Diatica,80mg,8738.0,3617.0,3445.0,8910.0,0,9.0,310.2
2024-12-01,Gliclazide,Diatica,80mg,8910.0,3198.0,3046.0,9062.0,0,11.0,315.4
2025-01-01,Gliclazide,Diatica,80mg,9062.0,3377.0,3216.0,9223.0,0,12.0,320.1
2025-02-01,Gliclazide,Diatica,80mg,9223.0,3031.0,2887.0,9367.0,0,14.0,322.5
2025-03-01,Gliclazide,Diatica,80mg,9367.0,3145.0,2995.0,9517.0,0,12.0,325.8
2025-04-01,Gliclazide,Diatica,80mg,9517.0,2652.0,2526.0,9643.0,0,11.0,328.1
2025-05-01,Gliclazide,Diatica,80mg,9643.0,2967.0,2826.0,9784.0,0,10.0,330.4
2025-06-01,Gliclazide,Diatica,80mg,9784.0,3856.0,3672.0,9968.0,0,14.0,332.1
2025-07-01,Gliclazide,Diatica,80mg,9968.0,2523.0,2403.0,10088.0,0,15.0,335.2
2025-08-01,Gliclazide,Diatica,80mg,10088.0,2910.0,2771.0,10227.0,0,12.0,338.5
2025-09-01,Gliclazide,Diatica,80mg,10227.0,6388.0,6084.0,10531.0,0,10.0,340.2
2025-10-01,Gliclazide,Diatica,80mg,10531.0,1084.0,1032.0,10583.0,0,11.0,342.1
2025-11-01,Gliclazide,Diatica,80mg,10583.0,1269.0,1209.0,10670.0,0,13.0,345.5
2025-12-01,Gliclazide,Diatica,80mg,10670.0,5648.0,5379.0,10939.0,0,14.0,348.9
2026-01-01,Gliclazide,Diatica,80mg,10939.0,3659.0,3485.0,11113.0,0,10.0,310.5
2020-01-01,Gliclazide,Glycinorm,80mg,300.0,1771.0,1687.0,384.0,0,11.0,181.3
2020-02-01,Gliclazide,Glycinorm,80mg,384.0,1470.0,1400.0,454.0,0,9.0,181.5
2020-03-01,Gliclazide,Glycinorm,80mg,454.0,1257.0,1197.0,514.0,0,12.0,185.3
2020-04-01,Gliclazide,Glycinorm,80mg,514.0,1262.0,1202.0,574.0,0,10.0,192.5
2020-05-01,Gliclazide,Glycinorm,80mg,574.0,1062.0,1011.0,625.0,0,8.0,188.2
2020-06-01,Gliclazide,Glycinorm,80mg,625.0,1118.0,1065.0,678.0,0,13.0,186.4
2020-07-01,Gliclazide,Glycinorm,80mg,678.0,1184.0,1128.0,734.0,0,7.0,185.9
2020-08-01,Gliclazide,Glycinorm,80mg,734.0,1408.0,1341.0,801.0,0,10.0,184.2
2020-09-01,Gliclazide,Glycinorm,80mg,801.0,1652.0,1573.0,880.0,0,9.0,184.8
2020-10-01,Gliclazide,Glycinorm,80mg,880.0,1077.0,1026.0,931.0,0,12.0,184.5
2020-11-01,Gliclazide,Glycinorm,80mg,931.0,1467.0,1397.0,1001.0,0,8.0,185.1
2020-12-01,Gliclazide,Glycinorm,80mg,1001.0,1227.0,1169.0,1059.0,0,14.0,186.7
2021-01-01,Gliclazide,Glycinorm,80mg,1059.0,1575.0,1500.0,1134.0,0,11.0,190.2
2021-02-01,Gliclazide,Glycinorm,80mg,1134.0,1442.0,1373.0,1203.0,0,10.0,194.5
2021-03-01,Gliclazide,Glycinorm,80mg,1203.0,1098.0,1046.0,1255.0,0,12.0,198.1
2021-04-01,Gliclazide,Glycinorm,80mg,1255.0,1609.0,1532.0,1332.0,0,9.0,201.3
2021-05-01,Gliclazide,Glycinorm,80mg,1332.0,1229.0,1170.0,1391.0,0,13.0,200.5
2021-06-01,Gliclazide,Glycinorm,80mg,1391.0,1196.0,1139.0,1448.0,0,11.0,201.8
2021-07-01,Gliclazide,Glycinorm,80mg,1448.0,1079.0,1028.0,1499.0,0,10.0,202.4
2021-08-01,Gliclazide,Glycinorm,80mg,1499.0,1148.0,1093.0,1554.0,0,14.0,203.1
2021-09-01,Gliclazide,Glycinorm,80mg,1554.0,1381.0,1315.0,1620.0,0,8.0,203.5
2021-10-01,Gliclazide,Glycinorm,80mg,1620.0,1306.0,1244.0,1682.0,0,12.0,203.2
2021-11-01,Gliclazide,Glycinorm,80mg,1682.0,1473.0,1403.0,1752.0,0,10.0,203.8
2021-12-01,Gliclazide,Glycinorm,80mg,1752.0,1536.0,1463.0,1825.0,0,11.0,204.5
2022-01-01,Gliclazide,Glycinorm,80mg,1825.0,1813.0,1727.0,1911.0,0,14.0,205.1
2022-02-01,Gliclazide,Glycinorm,80mg,1911.0,1416.0,1349.0,1978.0,0,9.0,208.4
2022-03-01,Gliclazide,Glycinorm,80mg,1978.0,1175.0,1119.0,2034.0,0,13.0,290.5
2022-04-01,Gliclazide,Glycinorm,80mg,2034.0,1666.0,1587.0,2113.0,0,12.0,320.1
2022-05-01,Gliclazide,Glycinorm,80mg,2113.0,1298.0,1236.0,2175.0,0,10.0,355.4
2022-06-01,Gliclazide,Glycinorm,80mg,2175.0,1554.0,1480.0,2249.0,0,11.0,360.2
2022-07-01,Gliclazide,Glycinorm,80mg,2249.0,1362.0,1297.0,2314.0,0,14.0,362.5
2022-08-01,Gliclazide,Glycinorm,80mg,2314.0,1260.0,1200.0,2374.0,0,9.0,361.8
2022-09-01,Gliclazide,Glycinorm,80mg,2374.0,1384.0,1318.0,2440.0,0,12.0,363.2
2022-10-01,Gliclazide,Glycinorm,80mg,2440.0,1827.0,1740.0,2527.0,0,10.0,365.1
2022-11-01,Gliclazide,Glycinorm,80mg,2527.0,1944.0,1851.0,2620.0,0,11.0,366.5
2022-12-01,Gliclazide,Glycinorm,80mg,2620.0,1491.0,1420.0,2691.0,0,8.0,368.2
2023-01-01,Gliclazide,Glycinorm,80mg,2691.0,1546.0,1472.0,2765.0,0,13.0,365.4
2023-02-01,Gliclazide,Glycinorm,80mg,2765.0,1778.0,1693.0,2850.0,0,10.0,362.1
2023-03-01,Gliclazide,Glycinorm,80mg,2850.0,1310.0,1248.0,2912.0,0,11.0,340.5
2023-04-01,Gliclazide,Glycinorm,80mg,2912.0,1514.0,1442.0,2984.0,0,14.0,325.2
2023-05-01,Gliclazide,Glycinorm,80mg,2984.0,0.0,1313.0,1671.0,0,0.0,315.8
2023-06-01,Gliclazide,Glycinorm,80mg,1671.0,1398.0,1331.0,1738.0,0,12.0,310.4
2023-07-01,Gliclazide,Glycinorm,80mg,1738.0,1151.0,1096.0,1793.0,0,10.0,312.1
2023-08-01,Gliclazide,Glycinorm,80mg,1793.0,1027.0,978.0,1842.0,0,11.0,315.6
2023-09-01,Gliclazide,Glycinorm,80mg,1842.0,977.0,930.0,1889.0,0,8.0,318.9
2023-10-01,Gliclazide,Glycinorm,80mg,1889.0,1170.0,1114.0,1945.0,0,13.0,320.5
2023-11-01,Gliclazide,Glycinorm,80mg,1945.0,1347.0,1283.0,2009.0,0,12.0,322.1
2023-12-01,Gliclazide,Glycinorm,80mg,2009.0,1433.0,1365.0,2077.0,0,10.0,324.5
2024-01-01,Gliclazide,Glycinorm,80mg,2077.0,2046.0,1949.0,2174.0,0,11.0,323.8
2024-02-01,Gliclazide,Glycinorm,80mg,2174.0,1811.0,1725.0,2260.0,0,14.0,318.2
2024-03-01,Gliclazide,Glycinorm,80mg,2260.0,1306.0,1244.0,2322.0,0,9.0,310.5
2024-04-01,Gliclazide,Glycinorm,80mg,2322.0,1539.0,1466.0,2395.0,0,13.0,305.1
2024-05-01,Gliclazide,Glycinorm,80mg,2395.0,1321.0,1258.0,2458.0,0,12.0,302.4
2024-06-01,Gliclazide,Glycinorm,80mg,2458.0,1297.0,1235.0,2520.0,0,10.0,300.8
2024-07-01,Gliclazide,Glycinorm,80mg,2520.0,1360.0,1295.0,2585.0,0,11.0,304.5
2024-08-01,Gliclazide,Glycinorm,80mg,2585.0,1451.0,1382.0,2654.0,0,14.0,302.1
2024-09-01,Gliclazide,Glycinorm,80mg,2654.0,1284.0,1223.0,2715.0,0,9.0,300.5
2024-10-01,Gliclazide,Glycinorm,80mg,2715.0,1645.0,1567.0,2793.0,0,13.0,305.8
2024-11-01,Gliclazide,Glycinorm,80mg,2793.0,1234.0,1175.0,2852.0,0,12.0,310.2
2024-12-01,Gliclazide,Glycinorm,80mg,2852.0,1520.0,1448.0,2924.0,0,10.0,315.4
2025-01-01,Gliclazide,Glycinorm,80mg,2924.0,0.0,2183.0,741.0,0,0.0,320.1
2025-02-01,Gliclazide,Glycinorm,80mg,741.0,1610.0,1533.0,818.0,0,14.0,322.5
2025-03-01,Gliclazide,Glycinorm,80mg,818.0,1898.0,1808.0,908.0,0,12.0,325.8
2025-04-01,Gliclazide,Glycinorm,80mg,908.0,1503.0,1431.0,980.0,0,11.0,328.1
2025-05-01,Gliclazide,Glycinorm,80mg,980.0,1554.0,1480.0,1054.0,0,10.0,330.4
2025-06-01,Gliclazide,Glycinorm,80mg,1054.0,1602.0,1526.0,1130.0,0,14.0,332.1
2025-07-01,Gliclazide,Glycinorm,80mg,1130.0,807.0,769.0,1168.0,0,8.0,335.2
2025-08-01,Gliclazide,Glycinorm,80mg,1168.0,748.0,712.0,1204.0,0,7.0,338.5
2025-09-01,Gliclazide,Glycinorm,80mg,1204.0,2619.0,2494.0,1329.0,0,13.0,340.2
2025-10-01,Gliclazide,Glycinorm,80mg,1329.0,3667.0,3492.0,1504.0,0,10.0,342.1
2025-11-01,Gliclazide,Glycinorm,80mg,1504.0,1463.0,1393.0,1574.0,0,11.0,345.5
2025-12-01,Gliclazide,Glycinorm,80mg,1574.0,1506.0,1434.0,1646.0,0,14.0,348.9
2026-01-01,Gliclazide,Glycinorm,80mg,1646.0,330.0,314.0,1662.0,0,10.0,310.5
2020-01-01,Sitagliptin,Sitavic ,100mg,300.0,684.0,651.0,333.0,0,7.0,181.3
2020-02-01,Sitagliptin,Sitavic ,100mg,333.0,521.0,496.0,358.0,0,8.0,181.5
2020-03-01,Sitagliptin,Sitavic ,100mg,358.0,446.0,425.0,379.0,0,6.0,185.3
2020-04-01,Sitagliptin,Sitavic ,100mg,379.0,347.0,330.0,396.0,0,9.0,192.5
2020-05-01,Sitagliptin,Sitavic ,100mg,396.0,489.0,466.0,419.0,0,7.0,188.2
2020-06-01,Sitagliptin,Sitavic ,100mg,419.0,767.0,730.0,456.0,0,10.0,186.4
2020-07-01,Sitagliptin,Sitavic ,100mg,456.0,584.0,556.0,484.0,0,8.0,185.9
2020-08-01,Sitagliptin,Sitavic ,100mg,484.0,524.0,499.0,509.0,0,7.0,184.2
2020-09-01,Sitagliptin,Sitavic ,100mg,509.0,641.0,610.0,540.0,0,9.0,184.8
2020-10-01,Sitagliptin,Sitavic ,100mg,540.0,491.0,468.0,563.0,0,6.0,184.5
2020-11-01,Sitagliptin,Sitavic ,100mg,563.0,609.0,580.0,592.0,0,8.0,185.1
2020-12-01,Sitagliptin,Sitavic ,100mg,592.0,649.0,618.0,623.0,0,11.0,186.7
2021-01-01,Sitagliptin,Sitavic ,100mg,623.0,623.0,593.0,653.0,0,9.0,190.2
2021-02-01,Sitagliptin,Sitavic ,100mg,653.0,689.0,656.0,686.0,0,10.0,194.5
2021-03-01,Sitagliptin,Sitavic ,100mg,686.0,621.0,591.0,716.0,0,12.0,198.1
2021-04-01,Sitagliptin,Sitavic ,100mg,716.0,631.0,601.0,746.0,0,8.0,201.3
2021-05-01,Sitagliptin,Sitavic ,100mg,746.0,505.0,481.0,770.0,0,11.0,200.5
2021-06-01,Sitagliptin,Sitavic ,100mg,770.0,643.0,612.0,801.0,0,7.0,201.8
2021-07-01,Sitagliptin,Sitavic ,100mg,801.0,736.0,701.0,836.0,0,9.0,202.4
2021-08-01,Sitagliptin,Sitavic ,100mg,836.0,520.0,495.0,861.0,0,8.0,203.1
2021-09-01,Sitagliptin,Sitavic ,100mg,861.0,551.0,525.0,887.0,0,10.0,203.5
2021-10-01,Sitagliptin,Sitavic ,100mg,887.0,800.0,762.0,925.0,0,12.0,203.2
2021-11-01,Sitagliptin,Sitavic ,100mg,925.0,652.0,621.0,956.0,0,7.0,203.8
2021-12-01,Sitagliptin,Sitavic ,100mg,956.0,833.0,793.0,996.0,0,13.0,204.5
2022-01-01,Sitagliptin,Sitavic ,100mg,996.0,622.0,592.0,1026.0,0,14.0,205.1
2022-02-01,Sitagliptin,Sitavic ,100mg,1026.0,802.0,764.0,1064.0,0,11.0,208.4
2022-03-01,Sitagliptin,Sitavic ,100mg,1064.0,634.0,604.0,1094.0,0,15.0,290.5
2022-04-01,Sitagliptin,Sitavic ,100mg,1094.0,626.0,596.0,1124.0,0,18.0,320.1
2022-05-01,Sitagliptin,Sitavic ,100mg,1124.0,747.0,711.0,1160.0,0,14.0,355.4
2022-06-01,Sitagliptin,Sitavic ,100mg,1160.0,562.0,535.0,1187.0,0,12.0,360.2
2022-07-01,Sitagliptin,Sitavic ,100mg,1187.0,528.0,503.0,1212.0,0,11.0,362.5
2022-08-01,Sitagliptin,Sitavic ,100mg,1212.0,593.0,565.0,1240.0,0,15.0,361.8
2022-09-01,Sitagliptin,Sitavic ,100mg,1240.0,711.0,677.0,1274.0,0,10.0,363.2
2022-10-01,Sitagliptin,Sitavic ,100mg,1274.0,546.0,520.0,1300.0,0,9.0,365.1
2022-11-01,Sitagliptin,Sitavic ,100mg,1300.0,778.0,741.0,1337.0,0,12.0,366.5
2022-12-01,Sitagliptin,Sitavic ,100mg,1337.0,656.0,625.0,1368.0,0,13.0,368.2
2023-01-01,Sitagliptin,Sitavic ,100mg,1368.0,833.0,793.0,1408.0,0,14.0,365.4
2023-02-01,Sitagliptin,Sitavic ,100mg,1408.0,475.0,452.0,1431.0,0,12.0,362.1
2023-03-01,Sitagliptin,Sitavic ,100mg,1431.0,583.0,555.0,1459.0,0,11.0,340.5
2023-04-01,Sitagliptin,Sitavic ,100mg,1459.0,492.0,469.0,1482.0,0,15.0,325.2
2023-05-01,Sitagliptin,Sitavic ,100mg,1482.0,550.0,524.0,1508.0,0,8.0,315.8
2023-06-01,Sitagliptin,Sitavic ,100mg,1508.0,649.0,618.0,1539.0,0,9.0,310.4
2023-07-01,Sitagliptin,Sitavic ,100mg,1539.0,625.0,595.0,1569.0,0,7.0,312.1
2023-08-01,Sitagliptin,Sitavic ,100mg,1569.0,644.0,613.0,1600.0,0,8.0,315.6
2023-09-01,Sitagliptin,Sitavic ,100mg,1600.0,0.0,651.0,949.0,0,0.0,318.9
2023-10-01,Sitagliptin,Sitavic ,100mg,949.0,751.0,715.0,985.0,0,10.0,320.5
2023-11-01,Sitagliptin,Sitavic ,100mg,985.0,642.0,611.0,1016.0,0,11.0,322.1
2023-12-01,Sitagliptin,Sitavic ,100mg,1016.0,834.0,794.0,1056.0,0,9.0,324.5
2024-01-01,Sitagliptin,Sitavic ,100mg,1056.0,817.0,778.0,1095.0,0,10.0,323.8
2024-02-01,Sitagliptin,Sitavic ,100mg,1095.0,760.0,724.0,1131.0,0,12.0,318.2
2024-03-01,Sitagliptin,Sitavic ,100mg,1131.0,752.0,716.0,1167.0,0,14.0,310.5
2024-04-01,Sitagliptin,Sitavic ,100mg,1167.0,699.0,666.0,1200.0,0,15.0,305.1
2024-05-01,Sitagliptin,Sitavic ,100mg,1200.0,891.0,849.0,1242.0,0,18.0,302.4
2024-06-01,Sitagliptin,Sitavic ,100mg,1242.0,651.0,620.0,1273.0,0,12.0,300.8
2024-07-01,Sitagliptin,Sitavic ,100mg,1273.0,646.0,615.0,1304.0,0,10.0,304.5
2024-08-01,Sitagliptin,Sitavic ,100mg,1304.0,630.0,600.0,1334.0,0,9.0,302.1
2024-09-01,Sitagliptin,Sitavic ,100mg,1334.0,632.0,602.0,1364.0,0,11.0,300.5
2024-10-01,Sitagliptin,Sitavic ,100mg,1364.0,637.0,607.0,1394.0,0,10.0,305.8
2024-11-01,Sitagliptin,Sitavic ,100mg,1394.0,689.0,656.0,1427.0,0,9.0,310.2
2024-12-01,Sitagliptin,Sitavic ,100mg,1427.0,782.0,745.0,1464.0,0,11.0,315.4
2025-01-01,Sitagliptin,Sitavic ,100mg,1464.0,819.0,780.0,1503.0,0,12.0,320.1
2025-02-01,Sitagliptin,Sitavic ,100mg,1503.0,762.0,726.0,1539.0,0,14.0,322.5
2025-03-01,Sitagliptin,Sitavic ,100mg,1539.0,650.0,619.0,1570.0,0,12.0,325.8
2025-04-01,Sitagliptin,Sitavic ,100mg,1570.0,807.0,769.0,1608.0,0,11.0,328.1
2025-05-01,Sitagliptin,Sitavic ,100mg,1608.0,0.0,737.0,871.0,0,0.0,330.4
2025-06-01,Sitagliptin,Sitavic ,100mg,871.0,463.0,441.0,893.0,0,14.0,332.1
2025-07-01,Sitagliptin,Sitavic ,100mg,893.0,821.0,782.0,932.0,0,15.0,335.2
2025-08-01,Sitagliptin,Sitavic ,100mg,932.0,133.0,127.0,938.0,0,12.0,338.5
2025-09-01,Sitagliptin,Sitavic ,100mg,938.0,726.0,691.0,973.0,0,10.0,340.2
2025-10-01,Sitagliptin,Sitavic ,100mg,973.0,716.0,682.0,1007.0,0,11.0,342.1
2025-11-01,Sitagliptin,Sitavic ,100mg,1007.0,1509.0,1437.0,1079.0,0,13.0,345.5
2025-12-01,Sitagliptin,Sitavic ,100mg,1079.0,524.0,499.0,1104.0,0,14.0,348.9
2026-01-01,Sitagliptin,Sitavic ,100mg,1104.0,495.0,471.0,1128.0,0,10.0,310.5
2020-01-01,Sitagliptin,Sita  ,100mg,500.0,1152.0,1097.0,555.0,0,7.0,181.3
2020-02-01,Sitagliptin,Sita  ,100mg,555.0,1311.0,1249.0,617.0,0,8.0,181.5
2020-03-01,Sitagliptin,Sita  ,100mg,617.0,1565.0,1490.0,692.0,0,6.0,185.3
2020-04-01,Sitagliptin,Sita  ,100mg,692.0,1006.0,958.0,740.0,0,9.0,192.5
2020-05-01,Sitagliptin,Sita  ,100mg,740.0,1259.0,1199.0,800.0,0,7.0,188.2
2020-06-01,Sitagliptin,Sita  ,100mg,800.0,1638.0,1560.0,878.0,0,10.0,186.4
2020-07-01,Sitagliptin,Sita  ,100mg,878.0,1017.0,969.0,926.0,0,8.0,185.9
2020-08-01,Sitagliptin,Sita  ,100mg,926.0,1132.0,1078.0,980.0,0,7.0,184.2
2020-09-01,Sitagliptin,Sita  ,100mg,980.0,1348.0,1284.0,1044.0,0,9.0,184.8
2020-10-01,Sitagliptin,Sita  ,100mg,1044.0,1372.0,1307.0,1109.0,0,6.0,184.5
2020-11-01,Sitagliptin,Sita  ,100mg,1109.0,1700.0,1619.0,1190.0,0,8.0,185.1
2020-12-01,Sitagliptin,Sita  ,100mg,1190.0,1552.0,1478.0,1264.0,0,11.0,186.7
2021-01-01,Sitagliptin,Sita  ,100mg,1264.0,1121.0,1068.0,1317.0,0,9.0,190.2
2021-02-01,Sitagliptin,Sita  ,100mg,1317.0,1532.0,1459.0,1390.0,0,10.0,194.5
2021-03-01,Sitagliptin,Sita  ,100mg,1390.0,1262.0,1202.0,1450.0,0,12.0,198.1
2021-04-01,Sitagliptin,Sita  ,100mg,1450.0,1639.0,1561.0,1528.0,0,8.0,201.3
2021-05-01,Sitagliptin,Sita  ,100mg,1528.0,1238.0,1179.0,1587.0,0,11.0,200.5
2021-06-01,Sitagliptin,Sita  ,100mg,1587.0,1269.0,1209.0,1647.0,0,7.0,201.8
2021-07-01,Sitagliptin,Sita  ,100mg,1647.0,1584.0,1509.0,1722.0,0,9.0,202.4
2021-08-01,Sitagliptin,Sita  ,100mg,1722.0,1723.0,1641.0,1804.0,0,8.0,203.1
2021-09-01,Sitagliptin,Sita  ,100mg,1804.0,1722.0,1640.0,1886.0,0,10.0,203.5
2021-10-01,Sitagliptin,Sita  ,100mg,1886.0,1292.0,1230.0,1948.0,0,12.0,203.2
2021-11-01,Sitagliptin,Sita  ,100mg,1948.0,1828.0,1741.0,2035.0,0,7.0,203.8
2021-12-01,Sitagliptin,Sita  ,100mg,2035.0,1435.0,1367.0,2103.0,0,13.0,204.5
2022-01-01,Sitagliptin,Sita  ,100mg,2103.0,1699.0,1618.0,2184.0,0,14.0,205.1
2022-02-01,Sitagliptin,Sita  ,100mg,2184.0,1284.0,1223.0,2245.0,0,11.0,208.4
2022-03-01,Sitagliptin,Sita  ,100mg,2245.0,1650.0,1571.0,2324.0,0,15.0,290.5
2022-04-01,Sitagliptin,Sita  ,100mg,2324.0,1344.0,1280.0,2388.0,0,18.0,320.1
2022-05-01,Sitagliptin,Sita  ,100mg,2388.0,1257.0,1197.0,2448.0,0,14.0,355.4
2022-06-01,Sitagliptin,Sita  ,100mg,2448.0,1743.0,1660.0,2531.0,0,12.0,360.2
2022-07-01,Sitagliptin,Sita  ,100mg,2531.0,1697.0,1616.0,2612.0,0,11.0,362.5
2022-08-01,Sitagliptin,Sita  ,100mg,2612.0,1571.0,1496.0,2687.0,0,15.0,361.8
2022-09-01,Sitagliptin,Sita  ,100mg,2687.0,2243.0,2136.0,2794.0,0,10.0,363.2
2022-10-01,Sitagliptin,Sita  ,100mg,2794.0,1745.0,1662.0,2877.0,0,9.0,365.1
2022-11-01,Sitagliptin,Sita  ,100mg,2877.0,1899.0,1809.0,2967.0,0,12.0,366.5
2022-12-01,Sitagliptin,Sita  ,100mg,2967.0,1956.0,1863.0,3060.0,0,13.0,368.2
2023-01-01,Sitagliptin,Sita  ,100mg,3060.0,1675.0,1595.0,3140.0,0,14.0,365.4
2023-02-01,Sitagliptin,Sita  ,100mg,3140.0,1912.0,1821.0,3231.0,0,12.0,362.1
2023-03-01,Sitagliptin,Sita  ,100mg,3231.0,1596.0,1520.0,3307.0,0,11.0,340.5
2023-04-01,Sitagliptin,Sita  ,100mg,3307.0,1598.0,1522.0,3383.0,0,15.0,325.2
2023-05-01,Sitagliptin,Sita  ,100mg,3383.0,2095.0,1995.0,3483.0,0,8.0,315.8
2023-06-01,Sitagliptin,Sita  ,100mg,3483.0,1502.0,1430.0,3555.0,0,9.0,310.4
2023-07-01,Sitagliptin,Sita  ,100mg,3555.0,1277.0,1216.0,3616.0,0,7.0,312.1
2023-08-01,Sitagliptin,Sita  ,100mg,3616.0,2458.0,2341.0,3733.0,0,8.0,315.6
2023-09-01,Sitagliptin,Sita  ,100mg,3733.0,2964.0,2823.0,3874.0,0,7.0,318.9
2023-10-01,Sitagliptin,Sita  ,100mg,3874.0,1966.0,1872.0,3968.0,0,10.0,320.5
2023-11-01,Sitagliptin,Sita  ,100mg,3968.0,1584.0,1509.0,4043.0,0,11.0,322.1
2023-12-01,Sitagliptin,Sita  ,100mg,4043.0,2010.0,1914.0,4139.0,0,9.0,324.5
2024-01-01,Sitagliptin,Sita  ,100mg,4139.0,1973.0,1879.0,4233.0,0,10.0,323.8
2024-02-01,Sitagliptin,Sita  ,100mg,4233.0,1940.0,1848.0,4325.0,0,12.0,318.2
2024-03-01,Sitagliptin,Sita  ,100mg,4325.0,1640.0,1562.0,4403.0,0,14.0,310.5
2024-04-01,Sitagliptin,Sita  ,100mg,4403.0,2078.0,1979.0,4502.0,0,15.0,305.1
2024-05-01,Sitagliptin,Sita  ,100mg,4502.0,2071.0,1972.0,4601.0,0,18.0,302.4
2024-06-01,Sitagliptin,Sita  ,100mg,4601.0,1572.0,1497.0,4676.0,0,12.0,300.8
2024-07-01,Sitagliptin,Sita  ,100mg,4676.0,2283.0,2174.0,4785.0,0,10.0,304.5
2024-08-01,Sitagliptin,Sita  ,100mg,4785.0,2943.0,2803.0,4925.0,0,9.0,302.1
2024-09-01,Sitagliptin,Sita  ,100mg,4925.0,2325.0,2214.0,5036.0,0,11.0,300.5
2024-10-01,Sitagliptin,Sita  ,100mg,5036.0,2226.0,2120.0,5142.0,0,10.0,305.8
2024-11-01,Sitagliptin,Sita  ,100mg,5142.0,2324.0,2213.0,5253.0,0,9.0,310.2
2024-12-01,Sitagliptin,Sita  ,100mg,5253.0,2588.0,2465.0,5376.0,0,11.0,315.4
2025-01-01,Sitagliptin,Sita  ,100mg,5376.0,1781.0,1696.0,5461.0,0,12.0,320.1
2025-02-01,Sitagliptin,Sita  ,100mg,5461.0,2293.0,2184.0,5570.0,0,14.0,322.5
2025-03-01,Sitagliptin,Sita  ,100mg,5570.0,2048.0,1950.0,5668.0,0,12.0,325.8
2025-04-01,Sitagliptin,Sita  ,100mg,5668.0,2817.0,2683.0,5802.0,0,11.0,328.1
2025-05-01,Sitagliptin,Sita  ,100mg,5802.0,2090.0,1990.0,5902.0,0,10.0,330.4
2025-06-01,Sitagliptin,Sita  ,100mg,5902.0,0.0,5117.0,785.0,0,0.0,332.1
2025-07-01,Sitagliptin,Sita  ,100mg,785.0,2817.0,2683.0,919.0,0,15.0,335.2
2025-08-01,Sitagliptin,Sita  ,100mg,919.0,885.0,843.0,961.0,0,12.0,338.5
2025-09-01,Sitagliptin,Sita  ,100mg,961.0,4485.0,4271.0,1175.0,0,10.0,340.2
2025-10-01,Sitagliptin,Sita  ,100mg,1175.0,391.0,372.0,1194.0,0,11.0,342.1
2025-11-01,Sitagliptin,Sita  ,100mg,1194.0,958.0,912.0,1240.0,0,13.0,345.5
2025-12-01,Sitagliptin,Sita  ,100mg,1240.0,1906.0,1815.0,1331.0,0,14.0,348.9
2026-01-01,Sitagliptin,Sita  ,100mg,1331.0,387.0,369.0,1349.0,0,10.0,310.5
2020-01-01,Sitagliptin,Nsit ,100mg,200.0,900.0,857.0,243.0,0,7.0,181.3
2020-02-01,Sitagliptin,Nsit ,100mg,243.0,758.0,722.0,279.0,0,8.0,181.5
2020-03-01,Sitagliptin,Nsit ,100mg,279.0,690.0,657.0,312.0,0,6.0,185.3
2020-04-01,Sitagliptin,Nsit ,100mg,312.0,971.0,925.0,358.0,0,9.0,192.5
2020-05-01,Sitagliptin,Nsit ,100mg,358.0,939.0,894.0,403.0,0,7.0,188.2
2020-06-01,Sitagliptin,Nsit ,100mg,403.0,1335.0,1271.0,467.0,0,10.0,186.4
2020-07-01,Sitagliptin,Nsit ,100mg,467.0,1040.0,990.0,517.0,0,8.0,185.9
2020-08-01,Sitagliptin,Nsit ,100mg,517.0,1069.0,1018.0,568.0,0,7.0,184.2
2020-09-01,Sitagliptin,Nsit ,100mg,568.0,998.0,950.0,616.0,0,9.0,184.8
2020-10-01,Sitagliptin,Nsit ,100mg,616.0,1150.0,1095.0,671.0,0,6.0,184.5
2020-11-01,Sitagliptin,Nsit ,100mg,671.0,1092.0,1040.0,723.0,0,8.0,185.1
2020-12-01,Sitagliptin,Nsit ,100mg,723.0,1160.0,1105.0,778.0,0,11.0,186.7
2021-01-01,Sitagliptin,Nsit ,100mg,778.0,859.0,818.0,819.0,0,9.0,190.2
2021-02-01,Sitagliptin,Nsit ,100mg,819.0,851.0,810.0,860.0,0,10.0,194.5
2021-03-01,Sitagliptin,Nsit ,100mg,860.0,841.0,801.0,900.0,0,12.0,198.1
2021-04-01,Sitagliptin,Nsit ,100mg,900.0,1038.0,989.0,949.0,0,8.0,201.3
2021-05-01,Sitagliptin,Nsit ,100mg,949.0,1200.0,1143.0,1006.0,0,11.0,200.5
2021-06-01,Sitagliptin,Nsit ,100mg,1006.0,938.0,893.0,1051.0,0,7.0,201.8
2021-07-01,Sitagliptin,Nsit ,100mg,1051.0,986.0,939.0,1098.0,0,9.0,202.4
2021-08-01,Sitagliptin,Nsit ,100mg,1098.0,1137.0,1083.0,1152.0,0,8.0,203.1
2021-09-01,Sitagliptin,Nsit ,100mg,1152.0,1061.0,1010.0,1203.0,0,10.0,203.5
2021-10-01,Sitagliptin,Nsit ,100mg,1203.0,1263.0,1203.0,1263.0,0,12.0,203.2
2021-11-01,Sitagliptin,Nsit ,100mg,1263.0,763.0,727.0,1299.0,0,7.0,203.8
2021-12-01,Sitagliptin,Nsit ,100mg,1299.0,914.0,870.0,1343.0,0,13.0,204.5
2022-01-01,Sitagliptin,Nsit ,100mg,1343.0,888.0,846.0,1385.0,0,14.0,205.1
2022-02-01,Sitagliptin,Nsit ,100mg,1385.0,689.0,656.0,1418.0,0,11.0,208.4
2022-03-01,Sitagliptin,Nsit ,100mg,1418.0,842.0,802.0,1458.0,0,15.0,290.5
2022-04-01,Sitagliptin,Nsit ,100mg,1458.0,865.0,824.0,1499.0,0,18.0,320.1
2022-05-01,Sitagliptin,Nsit ,100mg,1499.0,1001.0,953.0,1547.0,0,14.0,355.4
2022-06-01,Sitagliptin,Nsit ,100mg,1547.0,1277.0,1216.0,1608.0,0,12.0,360.2
2022-07-01,Sitagliptin,Nsit ,100mg,1608.0,1089.0,1037.0,1660.0,0,11.0,362.5
2022-08-01,Sitagliptin,Nsit ,100mg,1660.0,1001.0,953.0,1708.0,0,15.0,361.8
2022-09-01,Sitagliptin,Nsit ,100mg,1708.0,1174.0,1118.0,1764.0,0,10.0,363.2
2022-10-01,Sitagliptin,Nsit ,100mg,1764.0,1379.0,1313.0,1830.0,0,9.0,365.1
2022-11-01,Sitagliptin,Nsit ,100mg,1830.0,994.0,947.0,1877.0,0,12.0,366.5
2022-12-01,Sitagliptin,Nsit ,100mg,1877.0,970.0,924.0,1923.0,0,13.0,368.2
2023-01-01,Sitagliptin,Nsit ,100mg,1923.0,1169.0,1113.0,1979.0,0,14.0,365.4
2023-02-01,Sitagliptin,Nsit ,100mg,1979.0,1015.0,967.0,2027.0,0,12.0,362.1
2023-03-01,Sitagliptin,Nsit ,100mg,2027.0,1153.0,1098.0,2082.0,0,11.0,340.5
2023-04-01,Sitagliptin,Nsit ,100mg,2082.0,1065.0,1014.0,2133.0,0,15.0,325.2
2023-05-01,Sitagliptin,Nsit ,100mg,2133.0,1232.0,1173.0,2192.0,0,8.0,315.8
2023-06-01,Sitagliptin,Nsit ,100mg,2192.0,995.0,948.0,2239.0,0,9.0,310.4
2023-07-01,Sitagliptin,Nsit ,100mg,2239.0,1214.0,1156.0,2297.0,0,7.0,312.1
2023-08-01,Sitagliptin,Nsit ,100mg,2297.0,1217.0,1159.0,2355.0,0,8.0,315.6
2023-09-01,Sitagliptin,Nsit ,100mg,2355.0,1062.0,1011.0,2406.0,0,7.0,318.9
2023-10-01,Sitagliptin,Nsit ,100mg,2406.0,1002.0,954.0,2454.0,0,10.0,320.5
2023-11-01,Sitagliptin,Nsit ,100mg,2454.0,1372.0,1307.0,2519.0,0,11.0,322.1
2023-12-01,Sitagliptin,Nsit ,100mg,2519.0,1135.0,1081.0,2573.0,0,9.0,324.5
2024-01-01,Sitagliptin,Nsit ,100mg,2573.0,992.0,945.0,2620.0,0,10.0,323.8
2024-02-01,Sitagliptin,Nsit ,100mg,2620.0,1113.0,1060.0,2673.0,0,12.0,318.2
2024-03-01,Sitagliptin,Nsit ,100mg,2673.0,1334.0,1270.0,2737.0,0,14.0,310.5
2024-04-01,Sitagliptin,Nsit ,100mg,2737.0,816.0,777.0,2776.0,0,15.0,305.1
2024-05-01,Sitagliptin,Nsit ,100mg,2776.0,953.0,908.0,2821.0,0,18.0,302.4
2024-06-01,Sitagliptin,Nsit ,100mg,2821.0,1089.0,1037.0,2873.0,0,12.0,300.8
2024-07-01,Sitagliptin,Nsit ,100mg,2873.0,1629.0,1551.0,2951.0,0,10.0,304.5
2024-08-01,Sitagliptin,Nsit ,100mg,2951.0,1409.0,1342.0,3018.0,0,9.0,302.1
2024-09-01,Sitagliptin,Nsit ,100mg,3018.0,1537.0,1464.0,3091.0,0,11.0,300.5
2024-10-01,Sitagliptin,Nsit ,100mg,3091.0,1149.0,1094.0,3146.0,0,10.0,305.8
2024-11-01,Sitagliptin,Nsit ,100mg,3146.0,1126.0,1072.0,3200.0,0,9.0,310.2
2024-12-01,Sitagliptin,Nsit ,100mg,3200.0,1377.0,1311.0,3266.0,0,11.0,315.4
2025-01-01,Sitagliptin,Nsit ,100mg,3266.0,1255.0,1195.0,3326.0,0,12.0,320.1
2025-02-01,Sitagliptin,Nsit ,100mg,3326.0,1320.0,1257.0,3389.0,0,14.0,322.5
2025-03-01,Sitagliptin,Nsit ,100mg,3389.0,1177.0,1121.0,3445.0,0,12.0,325.8
2025-04-01,Sitagliptin,Nsit ,100mg,3445.0,1287.0,1226.0,3506.0,0,11.0,328.1
2025-05-01,Sitagliptin,Nsit ,100mg,3506.0,1315.0,1252.0,3569.0,0,10.0,330.4
2025-06-01,Sitagliptin,Nsit ,100mg,3569.0,0.0,1537.0,2032.0,0,0.0,332.1
2025-07-01,Sitagliptin,Nsit ,100mg,2032.0,193.0,184.0,2041.0,0,15.0,335.2
2025-08-01,Sitagliptin,Nsit ,100mg,2041.0,1965.0,1871.0,2135.0,0,12.0,338.5
2025-09-01,Sitagliptin,Nsit ,100mg,2135.0,415.0,395.0,2155.0,0,10.0,340.2
2025-10-01,Sitagliptin,Nsit ,100mg,2155.0,1072.0,1021.0,2206.0,0,11.0,342.1
2025-11-01,Sitagliptin,Nsit ,100mg,2206.0,3008.0,2865.0,2349.0,0,13.0,345.5
2025-12-01,Sitagliptin,Nsit ,100mg,2349.0,672.0,640.0,2381.0,0,14.0,348.9
2026-01-01,Sitagliptin,Nsit ,100mg,2381.0,880.0,838.0,2423.0,0,10.0,310.5
2020-01-01,Pioglitazone,Pioz ,15mg,200.0,570.0,543.0,227.0,0,7.0,181.3
2020-02-01,Pioglitazone,Pioz ,15mg,227.0,439.0,418.0,248.0,0,8.0,181.5
2020-03-01,Pioglitazone,Pioz ,15mg,248.0,594.0,566.0,276.0,0,6.0,185.3
2020-04-01,Pioglitazone,Pioz ,15mg,276.0,587.0,559.0,304.0,0,9.0,192.5
2020-05-01,Pioglitazone,Pioz ,15mg,304.0,569.0,542.0,331.0,0,7.0,188.2
2020-06-01,Pioglitazone,Pioz ,15mg,331.0,631.0,601.0,361.0,0,10.0,186.4
2020-07-01,Pioglitazone,Pioz ,15mg,361.0,558.0,531.0,388.0,0,8.0,185.9
2020-08-01,Pioglitazone,Pioz ,15mg,388.0,547.0,521.0,414.0,0,7.0,184.2
2020-09-01,Pioglitazone,Pioz ,15mg,414.0,524.0,499.0,439.0,0,9.0,184.8
2020-10-01,Pioglitazone,Pioz ,15mg,439.0,497.0,473.0,463.0,0,6.0,184.5
2020-11-01,Pioglitazone,Pioz ,15mg,463.0,365.0,348.0,480.0,0,8.0,185.1
2020-12-01,Pioglitazone,Pioz ,15mg,480.0,501.0,477.0,504.0,0,11.0,186.7
2021-01-01,Pioglitazone,Pioz ,15mg,504.0,477.0,454.0,527.0,0,9.0,190.2
2021-02-01,Pioglitazone,Pioz ,15mg,527.0,447.0,426.0,548.0,0,10.0,194.5
2021-03-01,Pioglitazone,Pioz ,15mg,548.0,725.0,690.0,583.0,0,12.0,198.1
2021-04-01,Pioglitazone,Pioz ,15mg,583.0,743.0,708.0,618.0,0,8.0,201.3
2021-05-01,Pioglitazone,Pioz ,15mg,618.0,704.0,670.0,652.0,0,11.0,200.5
2021-06-01,Pioglitazone,Pioz ,15mg,652.0,585.0,557.0,680.0,0,7.0,201.8
2021-07-01,Pioglitazone,Pioz ,15mg,680.0,668.0,636.0,712.0,0,9.0,202.4
2021-08-01,Pioglitazone,Pioz ,15mg,712.0,527.0,502.0,737.0,0,8.0,203.1
2021-09-01,Pioglitazone,Pioz ,15mg,737.0,528.0,503.0,762.0,0,10.0,203.5
2021-10-01,Pioglitazone,Pioz ,15mg,762.0,431.0,410.0,783.0,0,12.0,203.2
2021-11-01,Pioglitazone,Pioz ,15mg,783.0,546.0,520.0,809.0,0,7.0,203.8
2021-12-01,Pioglitazone,Pioz ,15mg,809.0,538.0,512.0,835.0,0,13.0,204.5
2022-01-01,Pioglitazone,Pioz ,15mg,835.0,459.0,437.0,857.0,0,14.0,205.1
2022-02-01,Pioglitazone,Pioz ,15mg,857.0,580.0,552.0,885.0,0,11.0,208.4
2022-03-01,Pioglitazone,Pioz ,15mg,885.0,599.0,570.0,914.0,0,15.0,290.5
2022-04-01,Pioglitazone,Pioz ,15mg,914.0,809.0,770.0,953.0,0,18.0,320.1
2022-05-01,Pioglitazone,Pioz ,15mg,953.0,707.0,673.0,987.0,0,14.0,355.4
2022-06-01,Pioglitazone,Pioz ,15mg,987.0,607.0,578.0,1016.0,0,12.0,360.2
2022-07-01,Pioglitazone,Pioz ,15mg,1016.0,610.0,581.0,1045.0,0,11.0,362.5
2022-08-01,Pioglitazone,Pioz ,15mg,1045.0,571.0,544.0,1072.0,0,15.0,361.8
2022-09-01,Pioglitazone,Pioz ,15mg,1072.0,536.0,510.0,1098.0,0,10.0,363.2
2022-10-01,Pioglitazone,Pioz ,15mg,1098.0,464.0,442.0,1120.0,0,9.0,365.1
2022-11-01,Pioglitazone,Pioz ,15mg,1120.0,542.0,516.0,1146.0,0,12.0,366.5
2022-12-01,Pioglitazone,Pioz ,15mg,1146.0,512.0,488.0,1170.0,0,13.0,368.2
2023-01-01,Pioglitazone,Pioz ,15mg,1170.0,498.0,474.0,1194.0,0,14.0,365.4
2023-02-01,Pioglitazone,Pioz ,15mg,1194.0,678.0,646.0,1226.0,0,12.0,362.1
2023-03-01,Pioglitazone,Pioz ,15mg,1226.0,692.0,659.0,1259.0,0,11.0,340.5
2023-04-01,Pioglitazone,Pioz ,15mg,1259.0,508.0,484.0,1283.0,0,15.0,325.2
2023-05-01,Pioglitazone,Pioz ,15mg,1283.0,653.0,622.0,1314.0,0,8.0,315.8
2023-06-01,Pioglitazone,Pioz ,15mg,1314.0,758.0,722.0,1350.0,0,9.0,310.4
2023-07-01,Pioglitazone,Pioz ,15mg,1350.0,741.0,706.0,1385.0,0,7.0,312.1
2023-08-01,Pioglitazone,Pioz ,15mg,1385.0,712.0,678.0,1419.0,0,8.0,315.6
2023-09-01,Pioglitazone,Pioz ,15mg,1419.0,597.0,569.0,1447.0,0,7.0,318.9
2023-10-01,Pioglitazone,Pioz ,15mg,1447.0,519.0,494.0,1472.0,0,10.0,320.5
2023-11-01,Pioglitazone,Pioz ,15mg,1472.0,507.0,483.0,1496.0,0,11.0,322.1
2023-12-01,Pioglitazone,Pioz ,15mg,1496.0,650.0,619.0,1527.0,0,9.0,324.5
2024-01-01,Pioglitazone,Pioz ,15mg,1527.0,684.0,651.0,1560.0,0,10.0,323.8
2024-02-01,Pioglitazone,Pioz ,15mg,1560.0,821.0,782.0,1599.0,0,12.0,318.2
2024-03-01,Pioglitazone,Pioz ,15mg,1599.0,827.0,788.0,1638.0,0,14.0,310.5
2024-04-01,Pioglitazone,Pioz ,15mg,1638.0,701.0,668.0,1671.0,0,15.0,305.1
2024-05-01,Pioglitazone,Pioz ,15mg,1671.0,594.0,566.0,1699.0,0,18.0,302.4
2024-06-01,Pioglitazone,Pioz ,15mg,1699.0,670.0,638.0,1731.0,0,12.0,300.8
2024-07-01,Pioglitazone,Pioz ,15mg,1731.0,704.0,670.0,1765.0,0,10.0,304.5
2024-08-01,Pioglitazone,Pioz ,15mg,1765.0,637.0,607.0,1795.0,0,9.0,302.1
2024-09-01,Pioglitazone,Pioz ,15mg,1795.0,586.0,558.0,1823.0,0,11.0,300.5
2024-10-01,Pioglitazone,Pioz ,15mg,1823.0,657.0,626.0,1854.0,0,10.0,305.8
2024-11-01,Pioglitazone,Pioz ,15mg,1854.0,595.0,567.0,1882.0,0,9.0,310.2
2024-12-01,Pioglitazone,Pioz ,15mg,1882.0,605.0,576.0,1911.0,0,11.0,315.4
2025-01-01,Pioglitazone,Pioz ,15mg,1911.0,729.0,694.0,1946.0,0,12.0,320.1
2025-02-01,Pioglitazone,Pioz ,15mg,1946.0,686.0,653.0,1979.0,0,14.0,322.5
2025-03-01,Pioglitazone,Pioz ,15mg,1979.0,784.0,747.0,2016.0,0,12.0,325.8
2025-04-01,Pioglitazone,Pioz ,15mg,2016.0,803.0,765.0,2054.0,0,11.0,328.1
2025-05-01,Pioglitazone,Pioz ,15mg,2054.0,650.0,619.0,2085.0,0,10.0,330.4
2025-06-01,Pioglitazone,Pioz ,15mg,2085.0,623.0,593.0,2115.0,0,14.0,332.1
2025-07-01,Pioglitazone,Pioz ,15mg,2115.0,308.0,293.0,2130.0,0,8.0,335.2
2025-08-01,Pioglitazone,Pioz ,15mg,2130.0,116.0,110.0,2136.0,0,6.0,338.5
2025-09-01,Pioglitazone,Pioz ,15mg,2136.0,815.0,776.0,2175.0,0,9.0,340.2
2025-10-01,Pioglitazone,Pioz ,15mg,2175.0,1808.0,1722.0,2261.0,0,10.0,342.1
2025-11-01,Pioglitazone,Pioz ,15mg,2261.0,1062.0,1011.0,2312.0,0,11.0,345.5
2025-12-01,Pioglitazone,Pioz ,15mg,2312.0,287.0,273.0,2326.0,0,7.0,348.9
2026-01-01,Pioglitazone,Pioz ,15mg,2326.0,452.0,430.0,2348.0,0,10.0,310.5
2020-01-01,Pioglitazone,Actos ,15mg,100.0,139.0,132.0,107.0,0,7.0,181.3
2020-02-01,Pioglitazone,Actos ,15mg,107.0,196.0,187.0,116.0,0,8.0,181.5
2020-03-01,Pioglitazone,Actos ,15mg,116.0,154.0,147.0,123.0,0,6.0,185.3
2020-04-01,Pioglitazone,Actos ,15mg,123.0,209.0,199.0,133.0,0,9.0,192.5
2020-05-01,Pioglitazone,Actos ,15mg,133.0,166.0,158.0,141.0,0,7.0,188.2
2020-06-01,Pioglitazone,Actos ,15mg,141.0,179.0,170.0,150.0,0,10.0,186.4
2020-07-01,Pioglitazone,Actos ,15mg,150.0,188.0,179.0,159.0,0,8.0,185.9
2020-08-01,Pioglitazone,Actos ,15mg,159.0,287.0,273.0,173.0,0,7.0,184.2
2020-09-01,Pioglitazone,Actos ,15mg,173.0,198.0,189.0,182.0,0,9.0,184.8
2020-10-01,Pioglitazone,Actos ,15mg,182.0,152.0,145.0,189.0,0,6.0,184.5
2020-11-01,Pioglitazone,Actos ,15mg,189.0,190.0,181.0,198.0,0,8.0,185.1
2020-12-01,Pioglitazone,Actos ,15mg,198.0,151.0,144.0,205.0,0,11.0,186.7
2021-01-01,Pioglitazone,Actos ,15mg,205.0,148.0,141.0,212.0,0,9.0,190.2
2021-02-01,Pioglitazone,Actos ,15mg,212.0,186.0,177.0,221.0,0,10.0,194.5
2021-03-01,Pioglitazone,Actos ,15mg,221.0,169.0,161.0,229.0,0,12.0,198.1
2021-04-01,Pioglitazone,Actos ,15mg,229.0,184.0,175.0,238.0,0,8.0,201.3
2021-05-01,Pioglitazone,Actos ,15mg,238.0,185.0,176.0,247.0,0,11.0,200.5
2021-06-01,Pioglitazone,Actos ,15mg,247.0,202.0,192.0,257.0,0,7.0,201.8
2021-07-01,Pioglitazone,Actos ,15mg,257.0,208.0,198.0,267.0,0,9.0,202.4
2021-08-01,Pioglitazone,Actos ,15mg,267.0,146.0,139.0,274.0,0,8.0,203.1
2021-09-01,Pioglitazone,Actos ,15mg,274.0,212.0,202.0,284.0,0,10.0,203.5
2021-10-01,Pioglitazone,Actos ,15mg,284.0,161.0,153.0,292.0,0,12.0,203.2
2021-11-01,Pioglitazone,Actos ,15mg,292.0,145.0,138.0,299.0,0,7.0,203.8
2021-12-01,Pioglitazone,Actos ,15mg,299.0,173.0,165.0,307.0,0,13.0,204.5
2022-01-01,Pioglitazone,Actos ,15mg,307.0,176.0,168.0,315.0,0,14.0,205.1
2022-02-01,Pioglitazone,Actos ,15mg,315.0,160.0,152.0,323.0,0,11.0,208.4
2022-03-01,Pioglitazone,Actos ,15mg,323.0,209.0,199.0,333.0,0,15.0,290.5
2022-04-01,Pioglitazone,Actos ,15mg,333.0,158.0,150.0,341.0,0,18.0,320.1
2022-05-01,Pioglitazone,Actos ,15mg,341.0,190.0,181.0,350.0,0,14.0,355.4
2022-06-01,Pioglitazone,Actos ,15mg,350.0,192.0,183.0,359.0,0,12.0,360.2
2022-07-01,Pioglitazone,Actos ,15mg,359.0,212.0,202.0,369.0,0,11.0,362.5
2022-08-01,Pioglitazone,Actos ,15mg,369.0,223.0,212.0,380.0,0,15.0,361.8
2022-09-01,Pioglitazone,Actos ,15mg,380.0,181.0,172.0,389.0,0,10.0,363.2
2022-10-01,Pioglitazone,Actos ,15mg,389.0,227.0,216.0,400.0,0,9.0,365.1
2022-11-01,Pioglitazone,Actos ,15mg,400.0,198.0,189.0,409.0,0,12.0,366.5
2022-12-01,Pioglitazone,Actos ,15mg,409.0,145.0,138.0,416.0,0,13.0,368.2
2023-01-01,Pioglitazone,Actos ,15mg,416.0,143.0,136.0,423.0,0,14.0,365.4
2023-02-01,Pioglitazone,Actos ,15mg,423.0,194.0,185.0,432.0,0,12.0,362.1
2023-03-01,Pioglitazone,Actos ,15mg,432.0,195.0,186.0,441.0,0,11.0,340.5
2023-04-01,Pioglitazone,Actos ,15mg,441.0,208.0,198.0,451.0,0,15.0,325.2
2023-05-01,Pioglitazone,Actos ,15mg,451.0,221.0,210.0,462.0,0,8.0,315.8
2023-06-01,Pioglitazone,Actos ,15mg,462.0,238.0,227.0,473.0,0,9.0,310.4
2023-07-01,Pioglitazone,Actos ,15mg,473.0,270.0,257.0,486.0,0,7.0,312.1
2023-08-01,Pioglitazone,Actos ,15mg,486.0,198.0,189.0,495.0,0,8.0,315.6
2023-09-01,Pioglitazone,Actos ,15mg,495.0,193.0,184.0,504.0,0,7.0,318.9
2023-10-01,Pioglitazone,Actos ,15mg,504.0,189.0,180.0,513.0,0,10.0,320.5
2023-11-01,Pioglitazone,Actos ,15mg,513.0,225.0,214.0,524.0,0,11.0,322.1
2023-12-01,Pioglitazone,Actos ,15mg,524.0,253.0,241.0,536.0,0,9.0,324.5
2024-01-01,Pioglitazone,Actos ,15mg,536.0,196.0,187.0,545.0,0,10.0,323.8
2024-02-01,Pioglitazone,Actos ,15mg,545.0,146.0,139.0,552.0,0,12.0,318.2
2024-03-01,Pioglitazone,Actos ,15mg,552.0,171.0,163.0,560.0,0,14.0,310.5
2024-04-01,Pioglitazone,Actos ,15mg,560.0,205.0,195.0,570.0,0,15.0,305.1
2024-05-01,Pioglitazone,Actos ,15mg,570.0,224.0,213.0,581.0,0,18.0,302.4
2024-06-01,Pioglitazone,Actos ,15mg,581.0,237.0,226.0,592.0,0,12.0,300.8
2024-07-01,Pioglitazone,Actos ,15mg,592.0,258.0,246.0,604.0,0,10.0,304.5
2024-08-01,Pioglitazone,Actos ,15mg,604.0,245.0,233.0,616.0,0,9.0,302.1
2024-09-01,Pioglitazone,Actos ,15mg,616.0,295.0,281.0,630.0,0,11.0,300.5
2024-10-01,Pioglitazone,Actos ,15mg,630.0,221.0,210.0,641.0,0,10.0,305.8
2024-11-01,Pioglitazone,Actos ,15mg,641.0,208.0,198.0,651.0,0,9.0,310.2
2024-12-01,Pioglitazone,Actos ,15mg,651.0,248.0,236.0,663.0,0,11.0,315.4
2025-01-01,Pioglitazone,Actos ,15mg,663.0,182.0,173.0,672.0,0,12.0,320.1
2025-02-01,Pioglitazone,Actos ,15mg,672.0,247.0,235.0,684.0,0,14.0,322.5
2025-03-01,Pioglitazone,Actos ,15mg,684.0,246.0,234.0,696.0,0,12.0,325.8
2025-04-01,Pioglitazone,Actos ,15mg,696.0,249.0,237.0,708.0,0,11.0,328.1
2025-05-01,Pioglitazone,Actos ,15mg,708.0,338.0,322.0,724.0,0,10.0,330.4
2025-06-01,Pioglitazone,Actos ,15mg,724.0,122.0,116.0,730.0,0,14.0,332.1
2025-07-01,Pioglitazone,Actos ,15mg,730.0,173.0,165.0,738.0,0,15.0,335.2
2025-08-01,Pioglitazone,Actos ,15mg,738.0,214.0,204.0,748.0,0,12.0,338.5
2025-09-01,Pioglitazone,Actos ,15mg,748.0,105.0,100.0,753.0,0,10.0,340.2
2025-10-01,Pioglitazone,Actos ,15mg,753.0,282.0,269.0,766.0,0,11.0,342.1
2025-11-01,Pioglitazone,Actos ,15mg,766.0,361.0,344.0,783.0,0,13.0,345.5
2025-12-01,Pioglitazone,Actos ,15mg,783.0,462.0,440.0,805.0,0,14.0,348.9
2026-01-01,Pioglitazone,Actos ,15mg,805.0,439.0,418.0,826.0,0,10.0,310.5
2020-01-01,Pioglitazone,Glustin ,15mg,100.0,224.0,213.0,107.0,0,7.0,181.3
2020-02-01,Pioglitazone,Glustin ,15mg,107.0,249.0,237.0,118.0,0,8.0,181.5
2020-03-01,Pioglitazone,Glustin ,15mg,118.0,357.0,340.0,130.0,0,6.0,185.3
2020-04-01,Pioglitazone,Glustin ,15mg,130.0,273.0,260.0,147.0,0,9.0,192.5
2020-05-01,Pioglitazone,Glustin ,15mg,147.0,307.0,292.0,160.0,0,7.0,188.2
2020-06-01,Pioglitazone,Glustin ,15mg,160.0,280.0,267.0,175.0,0,10.0,186.4
2020-07-01,Pioglitazone,Glustin ,15mg,175.0,290.0,276.0,188.0,0,8.0,185.9
2020-08-01,Pioglitazone,Glustin ,15mg,188.0,279.0,266.0,202.0,0,7.0,184.2
2020-09-01,Pioglitazone,Glustin ,15mg,202.0,289.0,275.0,215.0,0,9.0,184.8
2020-10-01,Pioglitazone,Glustin ,15mg,215.0,314.0,299.0,229.0,0,6.0,184.5
2020-11-01,Pioglitazone,Glustin ,15mg,229.0,334.0,318.0,244.0,0,8.0,185.1
2020-12-01,Pioglitazone,Glustin ,15mg,244.0,277.0,264.0,260.0,0,11.0,186.7
2021-01-01,Pioglitazone,Glustin ,15mg,260.0,299.0,285.0,273.0,0,9.0,190.2
2021-02-01,Pioglitazone,Glustin ,15mg,273.0,242.0,230.0,287.0,0,10.0,194.5
2021-03-01,Pioglitazone,Glustin ,15mg,287.0,298.0,284.0,299.0,0,12.0,198.1
2021-04-01,Pioglitazone,Glustin ,15mg,299.0,363.0,346.0,313.0,0,8.0,201.3
2021-05-01,Pioglitazone,Glustin ,15mg,313.0,369.0,351.0,330.0,0,11.0,200.5
2021-06-01,Pioglitazone,Glustin ,15mg,330.0,337.0,321.0,348.0,0,7.0,201.8
2021-07-01,Pioglitazone,Glustin ,15mg,348.0,368.0,350.0,364.0,0,9.0,202.4
2021-08-01,Pioglitazone,Glustin ,15mg,364.0,338.0,322.0,382.0,0,8.0,203.1
2021-09-01,Pioglitazone,Glustin ,15mg,382.0,364.0,347.0,398.0,0,10.0,203.5
2021-10-01,Pioglitazone,Glustin ,15mg,398.0,310.0,295.0,415.0,0,12.0,203.2
2021-11-01,Pioglitazone,Glustin ,15mg,415.0,278.0,265.0,430.0,0,7.0,203.8
2021-12-01,Pioglitazone,Glustin ,15mg,430.0,313.0,298.0,443.0,0,13.0,204.5
2022-01-01,Pioglitazone,Glustin ,15mg,443.0,198.0,189.0,458.0,0,14.0,205.1
2022-02-01,Pioglitazone,Glustin ,15mg,458.0,342.0,326.0,467.0,0,11.0,208.4
2022-03-01,Pioglitazone,Glustin ,15mg,467.0,196.0,187.0,483.0,0,15.0,290.5
2022-04-01,Pioglitazone,Glustin ,15mg,483.0,274.0,261.0,492.0,0,18.0,320.1
2022-05-01,Pioglitazone,Glustin ,15mg,492.0,390.0,371.0,505.0,0,14.0,355.4
2022-06-01,Pioglitazone,Glustin ,15mg,505.0,394.0,375.0,524.0,0,12.0,360.2
2022-07-01,Pioglitazone,Glustin ,15mg,524.0,305.0,290.0,543.0,0,11.0,362.5
2022-08-01,Pioglitazone,Glustin ,15mg,543.0,317.0,302.0,558.0,0,15.0,361.8
2022-09-01,Pioglitazone,Glustin ,15mg,558.0,420.0,400.0,573.0,0,10.0,363.2
2022-10-01,Pioglitazone,Glustin ,15mg,573.0,310.0,295.0,593.0,0,9.0,365.1
2022-11-01,Pioglitazone,Glustin ,15mg,593.0,462.0,440.0,608.0,0,12.0,366.5
2022-12-01,Pioglitazone,Glustin ,15mg,608.0,334.0,318.0,630.0,0,13.0,368.2
2023-01-01,Pioglitazone,Glustin ,15mg,630.0,369.0,351.0,646.0,0,14.0,365.4
2023-02-01,Pioglitazone,Glustin ,15mg,646.0,463.0,441.0,664.0,0,12.0,362.1
2023-03-01,Pioglitazone,Glustin ,15mg,664.0,391.0,372.0,686.0,0,11.0,340.5
2023-04-01,Pioglitazone,Glustin ,15mg,686.0,343.0,327.0,705.0,0,15.0,325.2
2023-05-01,Pioglitazone,Glustin ,15mg,705.0,403.0,384.0,721.0,0,8.0,315.8
2023-06-01,Pioglitazone,Glustin ,15mg,721.0,411.0,391.0,740.0,0,9.0,310.4
2023-07-01,Pioglitazone,Glustin ,15mg,740.0,332.0,316.0,760.0,0,7.0,312.1
2023-08-01,Pioglitazone,Glustin ,15mg,760.0,382.0,364.0,776.0,0,8.0,315.6
2023-09-01,Pioglitazone,Glustin ,15mg,776.0,344.0,328.0,794.0,0,7.0,318.9
2023-10-01,Pioglitazone,Glustin ,15mg,794.0,431.0,410.0,810.0,0,10.0,320.5
2023-11-01,Pioglitazone,Glustin ,15mg,810.0,373.0,355.0,831.0,0,11.0,322.1
2023-12-01,Pioglitazone,Glustin ,15mg,831.0,360.0,343.0,849.0,0,9.0,324.5
2024-01-01,Pioglitazone,Glustin ,15mg,849.0,383.0,365.0,866.0,0,10.0,323.8
2024-02-01,Pioglitazone,Glustin ,15mg,866.0,423.0,403.0,884.0,0,12.0,318.2
2024-03-01,Pioglitazone,Glustin ,15mg,884.0,473.0,450.0,904.0,0,14.0,310.5
2024-04-01,Pioglitazone,Glustin ,15mg,904.0,386.0,368.0,927.0,0,15.0,305.1
2024-05-01,Pioglitazone,Glustin ,15mg,927.0,394.0,375.0,945.0,0,18.0,302.4
2024-06-01,Pioglitazone,Glustin ,15mg,945.0,548.0,522.0,964.0,0,12.0,300.8
2024-07-01,Pioglitazone,Glustin ,15mg,964.0,431.0,410.0,990.0,0,10.0,304.5
2024-08-01,Pioglitazone,Glustin ,15mg,990.0,361.0,344.0,1011.0,0,9.0,302.1
2024-09-01,Pioglitazone,Glustin ,15mg,1011.0,462.0,440.0,1028.0,0,11.0,300.5
2024-10-01,Pioglitazone,Glustin ,15mg,1028.0,452.0,430.0,1050.0,0,10.0,305.8
2024-11-01,Pioglitazone,Glustin ,15mg,1050.0,332.0,316.0,1072.0,0,9.0,310.2
2024-12-01,Pioglitazone,Glustin ,15mg,1072.0,438.0,417.0,1088.0,0,11.0,315.4
2025-01-01,Pioglitazone,Glustin ,15mg,1088.0,489.0,466.0,1109.0,0,12.0,320.1
2025-02-01,Pioglitazone,Glustin ,15mg,1109.0,486.0,463.0,1132.0,0,14.0,322.5
2025-03-01,Pioglitazone,Glustin ,15mg,1132.0,532.0,507.0,1155.0,0,12.0,325.8
2025-04-01,Pioglitazone,Glustin ,15mg,1155.0,410.0,390.0,1180.0,0,11.0,328.1
2025-05-01,Pioglitazone,Glustin ,15mg,1180.0,545.0,519.0,1200.0,0,10.0,330.4
2025-06-01,Pioglitazone,Glustin ,15mg,1200.0,268.0,255.0,1226.0,0,14.0,332.1
2025-07-01,Pioglitazone,Glustin ,15mg,1226.0,591.0,563.0,1239.0,0,15.0,335.2
2025-08-01,Pioglitazone,Glustin ,15mg,1239.0,968.0,922.0,1267.0,0,12.0,338.5
2025-09-01,Pioglitazone,Glustin ,15mg,1267.0,275.0,262.0,1313.0,0,10.0,340.2
2025-10-01,Pioglitazone,Glustin ,15mg,1313.0,500.0,476.0,1326.0,0,11.0,342.1
2025-11-01,Pioglitazone,Glustin ,15mg,1326.0,311.0,296.0,1350.0,0,13.0,345.5
2025-12-01,Pioglitazone,Glustin ,15mg,1350.0,269.0,256.0,1365.0,0,14.0,348.9
2026-01-01,Pioglitazone,Glustin ,15mg,1365.0,206.0,196.0,1378.0,0,12.0,350.2
2020-01-01,Atorvastatin,Atova ,10mg,500.0,3623.0,3450.0,673.0,0,7.0,181.3
2020-02-01,Atorvastatin,Atova ,10mg,673.0,4272.0,4069.0,876.0,0,8.0,181.5
2020-03-01,Atorvastatin,Atova ,10mg,876.0,4114.0,3918.0,1072.0,0,6.0,185.3
2020-04-01,Atorvastatin,Atova ,10mg,1072.0,3355.0,3195.0,1232.0,0,9.0,192.5
2020-05-01,Atorvastatin,Atova ,10mg,1232.0,5257.0,5007.0,1482.0,0,7.0,188.2
2020-06-01,Atorvastatin,Atova ,10mg,1482.0,4113.0,3917.0,1678.0,0,10.0,186.4
2020-07-01,Atorvastatin,Atova ,10mg,1678.0,3581.0,3410.0,1849.0,0,8.0,185.9
2020-08-01,Atorvastatin,Atova ,10mg,1849.0,3990.0,3800.0,2039.0,0,7.0,184.2
2020-09-01,Atorvastatin,Atova ,10mg,2039.0,3991.0,3801.0,2229.0,0,9.0,184.8
2020-10-01,Atorvastatin,Atova ,10mg,2229.0,4591.0,4372.0,2448.0,0,6.0,184.5
2020-11-01,Atorvastatin,Atova ,10mg,2448.0,4232.0,4030.0,2650.0,0,8.0,185.1
2020-12-01,Atorvastatin,Atova ,10mg,2650.0,4052.0,3859.0,2843.0,0,11.0,186.7
2021-01-01,Atorvastatin,Atova ,10mg,2843.0,4566.0,4349.0,3060.0,0,9.0,190.2
2021-02-01,Atorvastatin,Atova ,10mg,3060.0,4360.0,4152.0,3268.0,0,10.0,194.5
2021-03-01,Atorvastatin,Atova ,10mg,3268.0,4426.0,4215.0,3479.0,0,12.0,198.1
2021-04-01,Atorvastatin,Atova ,10mg,3479.0,4663.0,4441.0,3701.0,0,8.0,201.3
2021-05-01,Atorvastatin,Atova ,10mg,3701.0,5044.0,4804.0,3941.0,0,11.0,200.5
2021-06-01,Atorvastatin,Atova ,10mg,3941.0,3510.0,3343.0,4108.0,0,7.0,201.8
2021-07-01,Atorvastatin,Atova ,10mg,4108.0,4720.0,4495.0,4333.0,0,9.0,202.4
2021-08-01,Atorvastatin,Atova ,10mg,4333.0,3655.0,3481.0,4507.0,0,8.0,203.1
2021-09-01,Atorvastatin,Atova ,10mg,4507.0,5079.0,4837.0,4749.0,0,10.0,203.5
2021-10-01,Atorvastatin,Atova ,10mg,4749.0,4943.0,4708.0,4984.0,0,12.0,203.2
2021-11-01,Atorvastatin,Atova ,10mg,4984.0,5602.0,5335.0,5251.0,0,7.0,203.8
2021-12-01,Atorvastatin,Atova ,10mg,5251.0,5532.0,5269.0,5514.0,0,13.0,204.5
2022-01-01,Atorvastatin,Atova ,10mg,5514.0,4660.0,4438.0,5736.0,0,14.0,205.1
2022-02-01,Atorvastatin,Atova ,10mg,5736.0,4175.0,3976.0,5935.0,0,11.0,208.4
2022-03-01,Atorvastatin,Atova ,10mg,5935.0,4931.0,4696.0,6170.0,0,15.0,290.5
2022-04-01,Atorvastatin,Atova ,10mg,6170.0,4400.0,4190.0,6380.0,0,18.0,320.1
2022-05-01,Atorvastatin,Atova ,10mg,6380.0,4994.0,4756.0,6618.0,0,14.0,355.4
2022-06-01,Atorvastatin,Atova ,10mg,6618.0,6065.0,5776.0,6907.0,0,12.0,360.2
2022-07-01,Atorvastatin,Atova ,10mg,6907.0,4979.0,4742.0,7144.0,0,11.0,362.5
2022-08-01,Atorvastatin,Atova ,10mg,7144.0,6212.0,5916.0,7440.0,0,15.0,361.8
2022-09-01,Atorvastatin,Atova ,10mg,7440.0,6074.0,5785.0,7729.0,0,10.0,363.2
2022-10-01,Atorvastatin,Atova ,10mg,7729.0,4656.0,4434.0,7951.0,0,9.0,365.1
2022-11-01,Atorvastatin,Atova ,10mg,7951.0,6020.0,5733.0,8238.0,0,12.0,366.5
2022-12-01,Atorvastatin,Atova ,10mg,8238.0,5584.0,5318.0,8504.0,0,13.0,368.2
2023-01-01,Atorvastatin,Atova ,10mg,8504.0,4984.0,4747.0,8741.0,0,14.0,365.4
2023-02-01,Atorvastatin,Atova ,10mg,8741.0,4360.0,4152.0,8949.0,0,12.0,362.1
2023-03-01,Atorvastatin,Atova ,10mg,8949.0,4377.0,4169.0,9157.0,0,11.0,340.5
2023-04-01,Atorvastatin,Atova ,10mg,9157.0,4771.0,4544.0,9384.0,0,15.0,325.2
2023-05-01,Atorvastatin,Atova ,10mg,9384.0,5885.0,5605.0,9664.0,0,8.0,315.8
2023-06-01,Atorvastatin,Atova ,10mg,9664.0,4922.0,4688.0,9898.0,0,9.0,310.4
2023-07-01,Atorvastatin,Atova ,10mg,9898.0,6279.0,5980.0,10197.0,0,7.0,312.1
2023-08-01,Atorvastatin,Atova ,10mg,10197.0,4963.0,4727.0,10433.0,0,8.0,315.6
2023-09-01,Atorvastatin,Atova ,10mg,10433.0,5780.0,5505.0,10708.0,0,7.0,318.9
2023-10-01,Atorvastatin,Atova ,10mg,10708.0,5933.0,5650.0,10991.0,0,10.0,320.5
2023-11-01,Atorvastatin,Atova ,10mg,10991.0,8152.0,7764.0,11379.0,0,11.0,322.1
2023-12-01,Atorvastatin,Atova ,10mg,11379.0,4442.0,4230.0,11591.0,0,9.0,324.5
2024-01-01,Atorvastatin,Atova ,10mg,11591.0,6650.0,6333.0,11908.0,0,10.0,323.8
2024-02-01,Atorvastatin,Atova ,10mg,11908.0,5429.0,5170.0,12167.0,0,12.0,318.2
2024-03-01,Atorvastatin,Atova ,10mg,12167.0,5752.0,5478.0,12441.0,0,14.0,310.5
2024-04-01,Atorvastatin,Atova ,10mg,12441.0,5718.0,5446.0,12713.0,0,15.0,305.1
2024-05-01,Atorvastatin,Atova ,10mg,12713.0,6299.0,5999.0,13013.0,0,18.0,302.4
2024-06-01,Atorvastatin,Atova ,10mg,13013.0,6030.0,5743.0,13300.0,0,12.0,300.8
2024-07-01,Atorvastatin,Atova ,10mg,13300.0,7943.0,7565.0,13678.0,0,10.0,304.5
2024-08-01,Atorvastatin,Atova ,10mg,13678.0,6065.0,5776.0,13967.0,0,9.0,302.1
2024-09-01,Atorvastatin,Atova ,10mg,13967.0,7671.0,7306.0,14332.0,0,11.0,300.5
2024-10-01,Atorvastatin,Atova ,10mg,14332.0,5754.0,5480.0,14606.0,0,10.0,305.8
2024-11-01,Atorvastatin,Atova ,10mg,14606.0,6081.0,5791.0,14896.0,0,9.0,310.2
2024-12-01,Atorvastatin,Atova ,10mg,14896.0,5051.0,4810.0,15137.0,0,11.0,315.4
2025-01-01,Atorvastatin,Atova ,10mg,15137.0,6200.0,5905.0,15432.0,0,12.0,320.1
2025-02-01,Atorvastatin,Atova ,10mg,15432.0,7161.0,6820.0,15773.0,0,14.0,322.5
2025-03-01,Atorvastatin,Atova ,10mg,15773.0,5807.0,5530.0,16050.0,0,12.0,325.8
2025-04-01,Atorvastatin,Atova ,10mg,16050.0,5924.0,5642.0,16332.0,0,11.0,328.1
2025-05-01,Atorvastatin,Atova ,10mg,16332.0,5415.0,5157.0,16590.0,0,10.0,330.4
2025-06-01,Atorvastatin,Atova ,10mg,16590.0,5700.0,5429.0,16861.0,0,14.0,332.1
2025-07-01,Atorvastatin,Atova ,10mg,16861.0,3230.0,3076.0,17015.0,0,15.0,335.2
2025-08-01,Atorvastatin,Atova ,10mg,17015.0,0.0,16003.0,1012.0,0,0.0,338.5
2025-09-01,Atorvastatin,Atova ,10mg,1012.0,4372.0,4164.0,1220.0,0,10.0,340.2
2025-10-01,Atorvastatin,Atova ,10mg,1220.0,8187.0,7797.0,1610.0,0,11.0,342.1
2025-11-01,Atorvastatin,Atova ,10mg,1610.0,8988.0,8560.0,2038.0,0,13.0,345.5
2025-12-01,Atorvastatin,Atova ,10mg,2038.0,6767.0,6445.0,2360.0,0,14.0,348.9
2026-01-01,Atorvastatin,Atova ,10mg,2360.0,1406.0,1339.0,2427.0,0,10.0,310.5
2020-01-01,Atorvastatin,Lipitor ,10mg,500.0,612.0,583.0,529.0,0,7.0,181.3
2020-02-01,Atorvastatin,Lipitor ,10mg,529.0,670.0,638.0,561.0,0,8.0,181.5
2020-03-01,Atorvastatin,Lipitor ,10mg,561.0,604.0,575.0,590.0,0,6.0,185.3
2020-04-01,Atorvastatin,Lipitor ,10mg,590.0,539.0,513.0,616.0,0,9.0,192.5
2020-05-01,Atorvastatin,Lipitor ,10mg,616.0,737.0,702.0,651.0,0,7.0,188.2
2020-06-01,Atorvastatin,Lipitor ,10mg,651.0,814.0,775.0,690.0,0,10.0,186.4
2020-07-01,Atorvastatin,Lipitor ,10mg,690.0,727.0,692.0,725.0,0,8.0,185.9
2020-08-01,Atorvastatin,Lipitor ,10mg,725.0,814.0,775.0,764.0,0,7.0,184.2
2020-09-01,Atorvastatin,Lipitor ,10mg,764.0,868.0,827.0,805.0,0,9.0,184.8
2020-10-01,Atorvastatin,Lipitor ,10mg,805.0,858.0,817.0,846.0,0,6.0,184.5
2020-11-01,Atorvastatin,Lipitor ,10mg,846.0,783.0,746.0,883.0,0,8.0,185.1
2020-12-01,Atorvastatin,Lipitor ,10mg,883.0,759.0,723.0,919.0,0,11.0,186.7
2021-01-01,Atorvastatin,Lipitor ,10mg,919.0,726.0,691.0,954.0,0,9.0,190.2
2021-02-01,Atorvastatin,Lipitor ,10mg,954.0,553.0,527.0,980.0,0,10.0,194.5
2021-03-01,Atorvastatin,Lipitor ,10mg,980.0,716.0,682.0,1014.0,0,12.0,198.1
2021-04-01,Atorvastatin,Lipitor ,10mg,1014.0,532.0,507.0,1039.0,0,8.0,201.3
2021-05-01,Atorvastatin,Lipitor ,10mg,1039.0,597.0,569.0,1067.0,0,11.0,200.5
2021-06-01,Atorvastatin,Lipitor ,10mg,1067.0,858.0,817.0,1108.0,0,7.0,201.8
2021-07-01,Atorvastatin,Lipitor ,10mg,1108.0,840.0,800.0,1148.0,0,9.0,202.4
2021-08-01,Atorvastatin,Lipitor ,10mg,1148.0,964.0,918.0,1194.0,0,8.0,203.1
2021-09-01,Atorvastatin,Lipitor ,10mg,1194.0,759.0,723.0,1230.0,0,10.0,203.5
2021-10-01,Atorvastatin,Lipitor ,10mg,1230.0,669.0,637.0,1262.0,0,12.0,203.2
2021-11-01,Atorvastatin,Lipitor ,10mg,1262.0,756.0,720.0,1298.0,0,7.0,203.8
2021-12-01,Atorvastatin,Lipitor ,10mg,1298.0,774.0,737.0,1335.0,0,13.0,204.5
2022-01-01,Atorvastatin,Lipitor ,10mg,1335.0,746.0,710.0,1371.0,0,14.0,205.1
2022-02-01,Atorvastatin,Lipitor ,10mg,1371.0,849.0,809.0,1411.0,0,11.0,208.4
2022-03-01,Atorvastatin,Lipitor ,10mg,1411.0,671.0,639.0,1443.0,0,15.0,290.5
2022-04-01,Atorvastatin,Lipitor ,10mg,1443.0,755.0,719.0,1479.0,0,18.0,320.1
2022-05-01,Atorvastatin,Lipitor ,10mg,1479.0,637.0,607.0,1509.0,0,14.0,355.4
2022-06-01,Atorvastatin,Lipitor ,10mg,1509.0,828.0,789.0,1548.0,0,12.0,360.2
2022-07-01,Atorvastatin,Lipitor ,10mg,1548.0,814.0,775.0,1587.0,0,11.0,362.5
2022-08-01,Atorvastatin,Lipitor ,10mg,1587.0,757.0,721.0,1623.0,0,15.0,361.8
2022-09-01,Atorvastatin,Lipitor ,10mg,1623.0,838.0,798.0,1663.0,0,10.0,363.2
2022-10-01,Atorvastatin,Lipitor ,10mg,1663.0,849.0,809.0,1703.0,0,9.0,365.1
2022-11-01,Atorvastatin,Lipitor ,10mg,1703.0,826.0,787.0,1742.0,0,12.0,366.5
2022-12-01,Atorvastatin,Lipitor ,10mg,1742.0,1092.0,1040.0,1794.0,0,13.0,368.2
2023-01-01,Atorvastatin,Lipitor ,10mg,1794.0,797.0,759.0,1832.0,0,14.0,365.4
2023-02-01,Atorvastatin,Lipitor ,10mg,1832.0,758.0,722.0,1868.0,0,12.0,362.1
2023-03-01,Atorvastatin,Lipitor ,10mg,1868.0,567.0,540.0,1895.0,0,11.0,340.5
2023-04-01,Atorvastatin,Lipitor ,10mg,1895.0,687.0,654.0,1928.0,0,15.0,325.2
2023-05-01,Atorvastatin,Lipitor ,10mg,1928.0,780.0,743.0,1965.0,0,8.0,315.8
2023-06-01,Atorvastatin,Lipitor ,10mg,1965.0,767.0,730.0,2002.0,0,9.0,310.4
2023-07-01,Atorvastatin,Lipitor ,10mg,2002.0,1098.0,1046.0,2054.0,0,7.0,312.1
2023-08-01,Atorvastatin,Lipitor ,10mg,2054.0,907.0,864.0,2097.0,0,8.0,315.6
2023-09-01,Atorvastatin,Lipitor ,10mg,2097.0,1156.0,1101.0,2152.0,0,7.0,318.9
2023-10-01,Atorvastatin,Lipitor ,10mg,2152.0,967.0,921.0,2198.0,0,10.0,320.5
2023-11-01,Atorvastatin,Lipitor ,10mg,2198.0,950.0,905.0,2243.0,0,11.0,322.1
2023-12-01,Atorvastatin,Lipitor ,10mg,2243.0,906.0,863.0,2286.0,0,9.0,324.5
2024-01-01,Atorvastatin,Lipitor ,10mg,2286.0,888.0,846.0,2328.0,0,10.0,323.8
2024-02-01,Atorvastatin,Lipitor ,10mg,2328.0,1117.0,1064.0,2381.0,0,12.0,318.2
2024-03-01,Atorvastatin,Lipitor ,10mg,2381.0,603.0,574.0,2410.0,0,14.0,310.5
2024-04-01,Atorvastatin,Lipitor ,10mg,2410.0,638.0,608.0,2440.0,0,15.0,305.1
2024-05-01,Atorvastatin,Lipitor ,10mg,2440.0,821.0,782.0,2479.0,0,18.0,302.4
2024-06-01,Atorvastatin,Lipitor ,10mg,2479.0,935.0,890.0,2524.0,0,12.0,300.8
2024-07-01,Atorvastatin,Lipitor ,10mg,2524.0,1087.0,1035.0,2576.0,0,10.0,304.5
2024-08-01,Atorvastatin,Lipitor ,10mg,2576.0,1095.0,1043.0,2628.0,0,9.0,302.1
2024-09-01,Atorvastatin,Lipitor ,10mg,2628.0,988.0,941.0,2675.0,0,11.0,300.5
2024-10-01,Atorvastatin,Lipitor ,10mg,2675.0,1225.0,1167.0,2733.0,0,10.0,305.8
2024-11-01,Atorvastatin,Lipitor ,10mg,2733.0,1211.0,1153.0,2791.0,0,9.0,310.2
2024-12-01,Atorvastatin,Lipitor ,10mg,2791.0,1036.0,987.0,2840.0,0,11.0,315.4
2025-01-01,Atorvastatin,Lipitor ,10mg,2840.0,1127.0,1073.0,2894.0,0,12.0,320.1
2025-02-01,Atorvastatin,Lipitor ,10mg,2894.0,987.0,940.0,2941.0,0,14.0,322.5
2025-03-01,Atorvastatin,Lipitor ,10mg,2941.0,861.0,820.0,2982.0,0,12.0,325.8
2025-04-01,Atorvastatin,Lipitor ,10mg,2982.0,1051.0,1001.0,3032.0,0,11.0,328.1
2025-05-01,Atorvastatin,Lipitor ,10mg,3032.0,994.0,947.0,3079.0,0,10.0,330.4
2025-06-01,Atorvastatin,Lipitor ,10mg,3079.0,962.0,916.0,3125.0,0,14.0,332.1
2025-07-01,Atorvastatin,Lipitor ,10mg,3125.0,49.0,47.0,3127.0,0,5.0,335.2
2025-08-01,Atorvastatin,Lipitor ,10mg,3127.0,357.0,340.0,3144.0,0,6.0,338.5
2025-09-01,Atorvastatin,Lipitor ,10mg,3144.0,878.0,836.0,3186.0,0,9.0,340.2
2025-10-01,Atorvastatin,Lipitor ,10mg,3186.0,454.0,432.0,3208.0,0,10.0,342.1
2025-11-01,Atorvastatin,Lipitor ,10mg,3208.0,0.0,4273.0,0.0,1,0.0,345.5
2025-12-01,Atorvastatin,Lipitor ,10mg,0.0,709.0,675.0,34.0,0,14.0,348.9
2026-01-01,Atorvastatin,Lipitor ,10mg,34.0,315.0,300.0,49.0,0,10.0,310.5
2020-01-01,Atorvastatin,Atovic ,10mg,300.0,280.0,267.0,313.0,0,7.0,181.3
2020-02-01,Atorvastatin,Atovic ,10mg,313.0,324.0,309.0,328.0,0,8.0,181.5
2020-03-01,Atorvastatin,Atovic ,10mg,328.0,386.0,368.0,346.0,0,6.0,185.3
2020-04-01,Atorvastatin,Atovic ,10mg,346.0,419.0,399.0,366.0,0,9.0,192.5
2020-05-01,Atorvastatin,Atovic ,10mg,366.0,442.0,421.0,387.0,0,7.0,188.2
2020-06-01,Atorvastatin,Atovic ,10mg,387.0,353.0,336.0,404.0,0,10.0,186.4
2020-07-01,Atorvastatin,Atovic ,10mg,404.0,496.0,472.0,428.0,0,8.0,185.9
2020-08-01,Atorvastatin,Atovic ,10mg,428.0,385.0,367.0,446.0,0,7.0,184.2
2020-09-01,Atorvastatin,Atovic ,10mg,446.0,467.0,445.0,468.0,0,9.0,184.8
2020-10-01,Atorvastatin,Atovic ,10mg,468.0,411.0,391.0,488.0,0,6.0,184.5
2020-11-01,Atorvastatin,Atovic ,10mg,488.0,323.0,308.0,503.0,0,8.0,185.1
2020-12-01,Atorvastatin,Atovic ,10mg,503.0,371.0,353.0,521.0,0,11.0,186.7
2021-01-01,Atorvastatin,Atovic ,10mg,521.0,410.0,390.0,541.0,0,9.0,190.2
2021-02-01,Atorvastatin,Atovic ,10mg,541.0,434.0,413.0,562.0,0,10.0,194.5
2021-03-01,Atorvastatin,Atovic ,10mg,562.0,403.0,384.0,581.0,0,12.0,198.1
2021-04-01,Atorvastatin,Atovic ,10mg,581.0,544.0,518.0,607.0,0,8.0,201.3
2021-05-01,Atorvastatin,Atovic ,10mg,607.0,526.0,501.0,632.0,0,11.0,200.5
2021-06-01,Atorvastatin,Atovic ,10mg,632.0,449.0,428.0,653.0,0,7.0,201.8
2021-07-01,Atorvastatin,Atovic ,10mg,653.0,531.0,506.0,678.0,0,9.0,202.4
2021-08-01,Atorvastatin,Atovic ,10mg,678.0,631.0,601.0,708.0,0,8.0,203.1
2021-09-01,Atorvastatin,Atovic ,10mg,708.0,620.0,590.0,738.0,0,10.0,203.5
2021-10-01,Atorvastatin,Atovic ,10mg,738.0,372.0,354.0,756.0,0,12.0,203.2
2021-11-01,Atorvastatin,Atovic ,10mg,756.0,376.0,358.0,774.0,0,7.0,203.8
2021-12-01,Atorvastatin,Atovic ,10mg,774.0,528.0,503.0,799.0,0,13.0,204.5
2022-01-01,Atorvastatin,Atovic ,10mg,799.0,360.0,343.0,816.0,0,14.0,205.1
2022-02-01,Atorvastatin,Atovic ,10mg,816.0,353.0,336.0,833.0,0,11.0,208.4
2022-03-01,Atorvastatin,Atovic ,10mg,833.0,416.0,396.0,853.0,0,15.0,290.5
2022-04-01,Atorvastatin,Atovic ,10mg,853.0,501.0,477.0,877.0,0,18.0,320.1
2022-05-01,Atorvastatin,Atovic ,10mg,877.0,484.0,461.0,900.0,0,14.0,355.4
2022-06-01,Atorvastatin,Atovic ,10mg,900.0,461.0,439.0,922.0,0,12.0,360.2
2022-07-01,Atorvastatin,Atovic ,10mg,922.0,466.0,444.0,944.0,0,11.0,362.5
2022-08-01,Atorvastatin,Atovic ,10mg,944.0,462.0,440.0,966.0,0,15.0,361.8
2022-09-01,Atorvastatin,Atovic ,10mg,966.0,440.0,419.0,987.0,0,10.0,363.2
2022-10-01,Atorvastatin,Atovic ,10mg,987.0,685.0,652.0,1020.0,0,9.0,365.1
2022-11-01,Atorvastatin,Atovic ,10mg,1020.0,491.0,468.0,1043.0,0,12.0,366.5
2022-12-01,Atorvastatin,Atovic ,10mg,1043.0,525.0,500.0,1068.0,0,13.0,368.2
2023-01-01,Atorvastatin,Atovic ,10mg,1068.0,426.0,406.0,1088.0,0,14.0,365.4
2023-02-01,Atorvastatin,Atovic ,10mg,1088.0,456.0,434.0,1110.0,0,12.0,362.1
2023-03-01,Atorvastatin,Atovic ,10mg,1110.0,438.0,417.0,1131.0,0,11.0,340.5
2023-04-01,Atorvastatin,Atovic ,10mg,1131.0,343.0,327.0,1147.0,0,15.0,325.2
2023-05-01,Atorvastatin,Atovic ,10mg,1147.0,435.0,414.0,1168.0,0,8.0,315.8
2023-06-01,Atorvastatin,Atovic ,10mg,1168.0,421.0,401.0,1188.0,0,9.0,310.4
2023-07-01,Atorvastatin,Atovic ,10mg,1188.0,401.0,382.0,1207.0,0,7.0,312.1
2023-08-01,Atorvastatin,Atovic ,10mg,1207.0,467.0,445.0,1229.0,0,8.0,315.6
2023-09-01,Atorvastatin,Atovic ,10mg,1229.0,667.0,635.0,1261.0,0,7.0,318.9
2023-10-01,Atorvastatin,Atovic ,10mg,1261.0,525.0,500.0,1286.0,0,10.0,320.5
2023-11-01,Atorvastatin,Atovic ,10mg,1286.0,621.0,591.0,1316.0,0,11.0,322.1
2023-12-01,Atorvastatin,Atovic ,10mg,1316.0,532.0,507.0,1341.0,0,9.0,324.5
2024-01-01,Atorvastatin,Atovic ,10mg,1341.0,561.0,534.0,1368.0,0,10.0,323.8
2024-02-01,Atorvastatin,Atovic ,10mg,1368.0,445.0,424.0,1389.0,0,12.0,318.2
2024-03-01,Atorvastatin,Atovic ,10mg,1389.0,573.0,546.0,1416.0,0,14.0,310.5
2024-04-01,Atorvastatin,Atovic ,10mg,1416.0,621.0,591.0,1446.0,0,15.0,305.1
2024-05-01,Atorvastatin,Atovic ,10mg,1446.0,533.0,508.0,1471.0,0,18.0,302.4
2024-06-01,Atorvastatin,Atovic ,10mg,1471.0,654.0,623.0,1502.0,0,12.0,300.8
2024-07-01,Atorvastatin,Atovic ,10mg,1502.0,665.0,633.0,1534.0,0,10.0,304.5
2024-08-01,Atorvastatin,Atovic ,10mg,1534.0,560.0,533.0,1561.0,0,9.0,302.1
2024-09-01,Atorvastatin,Atovic ,10mg,1561.0,503.0,479.0,1585.0,0,11.0,300.5
2024-10-01,Atorvastatin,Atovic ,10mg,1585.0,482.0,459.0,1608.0,0,10.0,305.8
2024-11-01,Atorvastatin,Atovic ,10mg,1608.0,564.0,537.0,1635.0,0,9.0,310.2
2024-12-01,Atorvastatin,Atovic ,10mg,1635.0,571.0,544.0,1662.0,0,11.0,315.4
2025-01-01,Atorvastatin,Atovic ,10mg,1662.0,482.0,459.0,1685.0,0,12.0,320.1
2025-02-01,Atorvastatin,Atovic ,10mg,1685.0,557.0,530.0,1712.0,0,14.0,322.5
2025-03-01,Atorvastatin,Atovic ,10mg,1712.0,628.0,598.0,1742.0,0,12.0,325.8
2025-04-01,Atorvastatin,Atovic ,10mg,1742.0,664.0,632.0,1774.0,0,11.0,328.1
2025-05-01,Atorvastatin,Atovic ,10mg,1774.0,799.0,761.0,1812.0,0,10.0,330.4
2025-06-01,Atorvastatin,Atovic ,10mg,1812.0,987.0,940.0,1859.0,0,14.0,332.1
2025-07-01,Atorvastatin,Atovic ,10mg,1859.0,1238.0,1179.0,1918.0,0,15.0,335.2
2025-08-01,Atorvastatin,Atovic ,10mg,1918.0,859.0,818.0,1959.0,0,12.0,338.5
2025-09-01,Atorvastatin,Atovic ,10mg,1959.0,297.0,283.0,1973.0,0,10.0,340.2
2025-10-01,Atorvastatin,Atovic ,10mg,1973.0,344.0,328.0,1989.0,0,11.0,342.1
2025-11-01,Atorvastatin,Atovic ,10mg,1989.0,748.0,712.0,2025.0,0,13.0,345.5
2025-12-01,Atorvastatin,Atovic ,10mg,2025.0,174.0,166.0,2033.0,0,14.0,348.9
2026-01-01,Atorvastatin,Atovic ,10mg,2033.0,185.0,176.0,2042.0,0,10.0,310.5
2020-01-01,Losartan Potassium,Zaart ,50mg,1000.0,5852.0,5573.0,1279.0,0,7.0,181.3
2020-02-01,Losartan Potassium,Zaart ,50mg,1279.0,7543.0,7184.0,1638.0,0,8.0,181.5
2020-03-01,Losartan Potassium,Zaart ,50mg,1638.0,6678.0,6360.0,1956.0,0,6.0,185.3
2020-04-01,Losartan Potassium,Zaart ,50mg,1956.0,7368.0,7017.0,2307.0,0,9.0,192.5
2020-05-01,Losartan Potassium,Zaart ,50mg,2307.0,5971.0,5687.0,2591.0,0,7.0,188.2
2020-06-01,Losartan Potassium,Zaart ,50mg,2591.0,6128.0,5836.0,2883.0,0,10.0,186.4
2020-07-01,Losartan Potassium,Zaart ,50mg,2883.0,5864.0,5585.0,3162.0,0,8.0,185.9
2020-08-01,Losartan Potassium,Zaart ,50mg,3162.0,5145.0,4900.0,3407.0,0,7.0,184.2
2020-09-01,Losartan Potassium,Zaart ,50mg,3407.0,6427.0,6121.0,3713.0,0,9.0,184.8
2020-10-01,Losartan Potassium,Zaart ,50mg,3713.0,6550.0,6238.0,4025.0,0,6.0,184.5
2020-11-01,Losartan Potassium,Zaart ,50mg,4025.0,6754.0,6432.0,4347.0,0,8.0,185.1
2020-12-01,Losartan Potassium,Zaart ,50mg,4347.0,8159.0,7770.0,4736.0,0,11.0,186.7
2021-01-01,Losartan Potassium,Zaart ,50mg,4736.0,8417.0,8016.0,5137.0,0,9.0,190.2
2021-02-01,Losartan Potassium,Zaart ,50mg,5137.0,6609.0,6294.0,5452.0,0,10.0,194.5
2021-03-01,Losartan Potassium,Zaart ,50mg,5452.0,7493.0,7136.0,5809.0,0,12.0,198.1
2021-04-01,Losartan Potassium,Zaart ,50mg,5809.0,6411.0,6106.0,6114.0,0,8.0,201.3
2021-05-01,Losartan Potassium,Zaart ,50mg,6114.0,6900.0,6571.0,6443.0,0,11.0,200.5
2021-06-01,Losartan Potassium,Zaart ,50mg,6443.0,6074.0,5785.0,6732.0,0,7.0,201.8
2021-07-01,Losartan Potassium,Zaart ,50mg,6732.0,8191.0,7801.0,7122.0,0,9.0,202.4
2021-08-01,Losartan Potassium,Zaart ,50mg,7122.0,6632.0,6316.0,7438.0,0,8.0,203.1
2021-09-01,Losartan Potassium,Zaart ,50mg,7438.0,6064.0,5775.0,7727.0,0,10.0,203.5
2021-10-01,Losartan Potassium,Zaart ,50mg,7727.0,7650.0,7286.0,8091.0,0,12.0,203.2
2021-11-01,Losartan Potassium,Zaart ,50mg,8091.0,4803.0,4574.0,8320.0,0,7.0,203.8
2021-12-01,Losartan Potassium,Zaart ,50mg,8320.0,5156.0,4910.0,8566.0,0,13.0,204.5
2022-01-01,Losartan Potassium,Zaart ,50mg,8566.0,8215.0,7824.0,8957.0,0,14.0,205.1
2022-02-01,Losartan Potassium,Zaart ,50mg,8957.0,7595.0,7233.0,9319.0,0,11.0,208.4
2022-03-01,Losartan Potassium,Zaart ,50mg,9319.0,7920.0,7543.0,9696.0,0,15.0,290.5
2022-04-01,Losartan Potassium,Zaart ,50mg,9696.0,6212.0,5916.0,9992.0,0,18.0,320.1
2022-05-01,Losartan Potassium,Zaart ,50mg,9992.0,7376.0,7025.0,10343.0,0,14.0,355.4
2022-06-01,Losartan Potassium,Zaart ,50mg,10343.0,9663.0,9203.0,10803.0,0,12.0,360.2
2022-07-01,Losartan Potassium,Zaart ,50mg,10803.0,7826.0,7453.0,11176.0,0,11.0,362.5
2022-08-01,Losartan Potassium,Zaart ,50mg,11176.0,6935.0,6605.0,11506.0,0,15.0,361.8
2022-09-01,Losartan Potassium,Zaart ,50mg,11506.0,6315.0,6014.0,11807.0,0,10.0,363.2
2022-10-01,Losartan Potassium,Zaart ,50mg,11807.0,6490.0,6181.0,12116.0,0,9.0,365.1
2022-11-01,Losartan Potassium,Zaart ,50mg,12116.0,5203.0,4955.0,12364.0,0,12.0,366.5
2022-12-01,Losartan Potassium,Zaart ,50mg,12364.0,7805.0,7433.0,12736.0,0,13.0,368.2
2023-01-01,Losartan Potassium,Zaart ,50mg,12736.0,8910.0,8486.0,13160.0,0,14.0,365.4
2023-02-01,Losartan Potassium,Zaart ,50mg,13160.0,6397.0,6092.0,13465.0,0,12.0,362.1
2023-03-01,Losartan Potassium,Zaart ,50mg,13465.0,7436.0,7082.0,13819.0,0,11.0,340.5
2023-04-01,Losartan Potassium,Zaart ,50mg,13819.0,6859.0,6532.0,14146.0,0,15.0,325.2
2023-05-01,Losartan Potassium,Zaart ,50mg,14146.0,6894.0,6566.0,14474.0,0,8.0,315.8
2023-06-01,Losartan Potassium,Zaart ,50mg,14474.0,7765.0,7395.0,14844.0,0,9.0,310.4
2023-07-01,Losartan Potassium,Zaart ,50mg,14844.0,5446.0,5187.0,15103.0,0,7.0,312.1
2023-08-01,Losartan Potassium,Zaart ,50mg,15103.0,7981.0,7601.0,15483.0,0,8.0,315.6
2023-09-01,Losartan Potassium,Zaart ,50mg,15483.0,8131.0,7744.0,15870.0,0,7.0,318.9
2023-10-01,Losartan Potassium,Zaart ,50mg,15870.0,7140.0,6800.0,16210.0,0,10.0,320.5
2023-11-01,Losartan Potassium,Zaart ,50mg,16210.0,5314.0,5061.0,16463.0,0,11.0,322.1
2023-12-01,Losartan Potassium,Zaart ,50mg,16463.0,6962.0,6630.0,16795.0,0,9.0,324.5
2024-01-01,Losartan Potassium,Zaart ,50mg,16795.0,10167.0,9683.0,17279.0,0,10.0,323.8
2024-02-01,Losartan Potassium,Zaart ,50mg,17279.0,5751.0,5477.0,17553.0,0,12.0,318.2
2024-03-01,Losartan Potassium,Zaart ,50mg,17553.0,8393.0,7993.0,17953.0,0,14.0,310.5
2024-04-01,Losartan Potassium,Zaart ,50mg,17953.0,7359.0,7009.0,18303.0,0,15.0,305.1
2024-05-01,Losartan Potassium,Zaart ,50mg,18303.0,9680.0,9219.0,18764.0,0,18.0,302.4
2024-06-01,Losartan Potassium,Zaart ,50mg,18764.0,7494.0,7137.0,19121.0,0,12.0,300.8
2024-07-01,Losartan Potassium,Zaart ,50mg,19121.0,8517.0,8111.0,19527.0,0,10.0,304.5
2024-08-01,Losartan Potassium,Zaart ,50mg,19527.0,8530.0,8124.0,19933.0,0,9.0,302.1
2024-09-01,Losartan Potassium,Zaart ,50mg,19933.0,10296.0,9806.0,20423.0,0,11.0,300.5
2024-10-01,Losartan Potassium,Zaart ,50mg,20423.0,7743.0,7374.0,20792.0,0,10.0,305.8
2024-11-01,Losartan Potassium,Zaart ,50mg,20792.0,8781.0,8363.0,21210.0,0,9.0,310.2
2024-12-01,Losartan Potassium,Zaart ,50mg,21210.0,6965.0,6633.0,21542.0,0,11.0,315.4
2025-01-01,Losartan Potassium,Zaart ,50mg,21542.0,10876.0,10358.0,22060.0,0,12.0,320.1
2025-02-01,Losartan Potassium,Zaart ,50mg,22060.0,8379.0,7980.0,22459.0,0,14.0,322.5
2025-03-01,Losartan Potassium,Zaart ,50mg,22459.0,8751.0,8334.0,22876.0,0,12.0,325.8
2025-04-01,Losartan Potassium,Zaart ,50mg,22876.0,9426.0,8977.0,23325.0,0,11.0,328.1
2025-05-01,Losartan Potassium,Zaart ,50mg,23325.0,0.0,6958.0,16367.0,0,0.0,330.4
2025-06-01,Losartan Potassium,Zaart ,50mg,16367.0,6693.0,6374.0,16686.0,0,14.0,332.1
2025-07-01,Losartan Potassium,Zaart ,50mg,16686.0,6712.0,6392.0,17006.0,0,15.0,335.2
2025-08-01,Losartan Potassium,Zaart ,50mg,17006.0,4705.0,4481.0,17230.0,0,12.0,338.5
2025-09-01,Losartan Potassium,Zaart ,50mg,17230.0,643.0,612.0,17261.0,0,10.0,340.2
2025-10-01,Losartan Potassium,Zaart ,50mg,17261.0,9780.0,9314.0,17727.0,0,11.0,342.1
2025-11-01,Losartan Potassium,Zaart ,50mg,17727.0,7386.0,7034.0,18079.0,0,13.0,345.5
2025-12-01,Losartan Potassium,Zaart ,50mg,18079.0,8007.0,7626.0,18460.0,0,14.0,348.9
2026-01-01,Losartan Potassium,Zaart ,50mg,18460.0,27852.0,26526.0,6934.0,0,15.0,310.5
2020-01-01,Losartan Potassium,Repace ,50mg,1000.0,7071.0,6734.0,1337.0,0,7.0,181.3
2020-02-01,Losartan Potassium,Repace ,50mg,1337.0,6828.0,6503.0,1662.0,0,8.0,181.5
2020-03-01,Losartan Potassium,Repace ,50mg,1662.0,11574.0,11023.0,2213.0,0,6.0,185.3
2020-04-01,Losartan Potassium,Repace ,50mg,2213.0,8657.0,8245.0,2625.0,0,9.0,192.5
2020-05-01,Losartan Potassium,Repace ,50mg,2625.0,7294.0,6947.0,2972.0,0,7.0,188.2
2020-06-01,Losartan Potassium,Repace ,50mg,2972.0,9081.0,8649.0,3404.0,0,10.0,186.4
2020-07-01,Losartan Potassium,Repace ,50mg,3404.0,7515.0,7157.0,3762.0,0,8.0,185.9
2020-08-01,Losartan Potassium,Repace ,50mg,3762.0,7121.0,6782.0,4101.0,0,7.0,184.2
2020-09-01,Losartan Potassium,Repace ,50mg,4101.0,7905.0,7529.0,4477.0,0,9.0,184.8
2020-10-01,Losartan Potassium,Repace ,50mg,4477.0,6010.0,5724.0,4763.0,0,6.0,184.5
2020-11-01,Losartan Potassium,Repace ,50mg,4763.0,7898.0,7522.0,5139.0,0,8.0,185.1
2020-12-01,Losartan Potassium,Repace ,50mg,5139.0,10412.0,9916.0,5635.0,0,11.0,186.7
2021-01-01,Losartan Potassium,Repace ,50mg,5635.0,8786.0,8368.0,6053.0,0,9.0,190.2
2021-02-01,Losartan Potassium,Repace ,50mg,6053.0,8067.0,7683.0,6437.0,0,10.0,194.5
2021-03-01,Losartan Potassium,Repace ,50mg,6437.0,8122.0,7735.0,6824.0,0,12.0,198.1
2021-04-01,Losartan Potassium,Repace ,50mg,6824.0,8298.0,7903.0,7219.0,0,8.0,201.3
2021-05-01,Losartan Potassium,Repace ,50mg,7219.0,8391.0,7991.0,7619.0,0,11.0,200.5
2021-06-01,Losartan Potassium,Repace ,50mg,7619.0,8008.0,7627.0,8000.0,0,7.0,201.8
2021-07-01,Losartan Potassium,Repace ,50mg,8000.0,9384.0,8937.0,8447.0,0,9.0,202.4
2021-08-01,Losartan Potassium,Repace ,50mg,8447.0,6107.0,5816.0,8738.0,0,8.0,203.1
2021-09-01,Losartan Potassium,Repace ,50mg,8738.0,8853.0,8431.0,9160.0,0,10.0,203.5
2021-10-01,Losartan Potassium,Repace ,50mg,9160.0,7378.0,7027.0,9511.0,0,12.0,203.2
2021-11-01,Losartan Potassium,Repace ,50mg,9511.0,8487.0,8083.0,9915.0,0,7.0,203.8
2021-12-01,Losartan Potassium,Repace ,50mg,9915.0,7065.0,6729.0,10251.0,0,13.0,204.5
2022-01-01,Losartan Potassium,Repace ,50mg,10251.0,10706.0,10196.0,10761.0,0,14.0,205.1
2022-02-01,Losartan Potassium,Repace ,50mg,10761.0,11017.0,10492.0,11286.0,0,11.0,208.4
2022-03-01,Losartan Potassium,Repace ,50mg,11286.0,10835.0,10319.0,11802.0,0,15.0,290.5
2022-04-01,Losartan Potassium,Repace ,50mg,11802.0,7529.0,7170.0,12161.0,0,18.0,320.1
2022-05-01,Losartan Potassium,Repace ,50mg,12161.0,10568.0,10065.0,12664.0,0,14.0,355.4
2022-06-01,Losartan Potassium,Repace ,50mg,12664.0,9642.0,9183.0,13123.0,0,12.0,360.2
2022-07-01,Losartan Potassium,Repace ,50mg,13123.0,6883.0,6555.0,13451.0,0,11.0,362.5
2022-08-01,Losartan Potassium,Repace ,50mg,13451.0,8448.0,8046.0,13853.0,0,15.0,361.8
2022-09-01,Losartan Potassium,Repace ,50mg,13853.0,8797.0,8378.0,14272.0,0,10.0,363.2
2022-10-01,Losartan Potassium,Repace ,50mg,14272.0,9091.0,8658.0,14705.0,0,9.0,365.1
2022-11-01,Losartan Potassium,Repace ,50mg,14705.0,8819.0,8399.0,15125.0,0,12.0,366.5
2022-12-01,Losartan Potassium,Repace ,50mg,15125.0,9359.0,8913.0,15571.0,0,13.0,368.2
2023-01-01,Losartan Potassium,Repace ,50mg,15571.0,11715.0,11157.0,16129.0,0,14.0,365.4
2023-02-01,Losartan Potassium,Repace ,50mg,16129.0,11760.0,11200.0,16689.0,0,12.0,362.1
2023-03-01,Losartan Potassium,Repace ,50mg,16689.0,6534.0,6223.0,17000.0,0,11.0,340.5
2023-04-01,Losartan Potassium,Repace ,50mg,17000.0,0.0,9187.0,7813.0,0,0.0,325.2
2023-05-01,Losartan Potassium,Repace ,50mg,7813.0,9748.0,9284.0,8277.0,0,10.0,315.8
2023-06-01,Losartan Potassium,Repace ,50mg,8277.0,7470.0,7114.0,8633.0,0,9.0,310.4
2023-07-01,Losartan Potassium,Repace ,50mg,8633.0,9510.0,9057.0,9086.0,0,11.0,312.1
2023-08-01,Losartan Potassium,Repace ,50mg,9086.0,10948.0,10427.0,9607.0,0,12.0,315.6
2023-09-01,Losartan Potassium,Repace ,50mg,9607.0,7577.0,7216.0,9968.0,0,7.0,318.9
2023-10-01,Losartan Potassium,Repace ,50mg,9968.0,9417.0,8969.0,10416.0,0,10.0,320.5
2023-11-01,Losartan Potassium,Repace ,50mg,10416.0,8015.0,7633.0,10798.0,0,11.0,322.1
2023-12-01,Losartan Potassium,Repace ,50mg,10798.0,8672.0,8259.0,11211.0,0,9.0,324.5
2024-01-01,Losartan Potassium,Repace ,50mg,11211.0,12550.0,11952.0,11809.0,0,10.0,323.8
2024-02-01,Losartan Potassium,Repace ,50mg,11809.0,9657.0,9197.0,12269.0,0,12.0,318.2
2024-03-01,Losartan Potassium,Repace ,50mg,12269.0,11528.0,10979.0,12818.0,0,14.0,310.5
2024-04-01,Losartan Potassium,Repace ,50mg,12818.0,8181.0,7791.0,13208.0,0,15.0,305.1
2024-05-01,Losartan Potassium,Repace ,50mg,13208.0,14146.0,13472.0,13882.0,0,18.0,302.4
2024-06-01,Losartan Potassium,Repace ,50mg,13882.0,11386.0,10844.0,14424.0,0,12.0,300.8
2024-07-01,Losartan Potassium,Repace ,50mg,14424.0,9767.0,9302.0,14889.0,0,10.0,304.5
2024-08-01,Losartan Potassium,Repace ,50mg,14889.0,10597.0,10092.0,15394.0,0,9.0,302.1
2024-09-01,Losartan Potassium,Repace ,50mg,15394.0,7728.0,7360.0,15762.0,0,11.0,300.5
2024-10-01,Losartan Potassium,Repace ,50mg,15762.0,11447.0,10902.0,16307.0,0,10.0,305.8
2024-11-01,Losartan Potassium,Repace ,50mg,16307.0,9378.0,8931.0,16754.0,0,9.0,310.2
2024-12-01,Losartan Potassium,Repace ,50mg,16754.0,9960.0,9486.0,17228.0,0,11.0,315.4
2025-01-01,Losartan Potassium,Repace ,50mg,17228.0,10000.0,9524.0,17704.0,0,12.0,320.1
2025-02-01,Losartan Potassium,Repace ,50mg,17704.0,10281.0,9791.0,18194.0,0,14.0,322.5
2025-03-01,Losartan Potassium,Repace ,50mg,18194.0,12781.0,12172.0,18803.0,0,12.0,325.8
2025-04-01,Losartan Potassium,Repace ,50mg,18803.0,12051.0,11477.0,19377.0,0,11.0,328.1
2025-05-01,Losartan Potassium,Repace ,50mg,19377.0,0.0,12029.0,7348.0,0,0.0,330.4
2025-06-01,Losartan Potassium,Repace ,50mg,7348.0,7385.0,7033.0,7700.0,0,14.0,332.1
2025-07-01,Losartan Potassium,Repace ,50mg,7700.0,5037.0,4797.0,7940.0,0,15.0,335.2
2025-08-01,Losartan Potassium,Repace ,50mg,7940.0,1387.0,1321.0,8006.0,0,12.0,338.5
2025-09-01,Losartan Potassium,Repace ,50mg,8006.0,16640.0,15848.0,8798.0,0,10.0,340.2
2025-10-01,Losartan Potassium,Repace ,50mg,8798.0,26472.0,25211.0,10059.0,0,9.0,342.1
2025-11-01,Losartan Potassium,Repace ,50mg,10059.0,13286.0,12653.0,10692.0,0,13.0,345.5
2025-12-01,Losartan Potassium,Repace ,50mg,10692.0,5917.0,5635.0,10973.0,0,14.0,348.9
2026-01-01,Losartan Potassium,Repace ,50mg,10973.0,9769.0,9304.0,11439.0,0,10.0,310.5
2020-01-01,Losartan Potassium,Losacar ,50mg,1000.0,6042.0,5754.0,1288.0,0,11.0,181.3
2020-02-01,Losartan Potassium,Losacar ,50mg,1288.0,5603.0,5336.0,1555.0,0,9.0,181.5
2020-03-01,Losartan Potassium,Losacar ,50mg,1555.0,5485.0,5224.0,1816.0,0,12.0,185.3
2020-04-01,Losartan Potassium,Losacar ,50mg,1816.0,4605.0,4386.0,2035.0,0,10.0,192.5
2020-05-01,Losartan Potassium,Losacar ,50mg,2035.0,4165.0,3967.0,2233.0,0,8.0,188.2
2020-06-01,Losartan Potassium,Losacar ,50mg,2233.0,4293.0,4089.0,2437.0,0,13.0,186.4
2020-07-01,Losartan Potassium,Losacar ,50mg,2437.0,3980.0,3790.0,2627.0,0,7.0,185.9
2020-08-01,Losartan Potassium,Losacar ,50mg,2627.0,5520.0,5257.0,2890.0,0,10.0,184.2
2020-09-01,Losartan Potassium,Losacar ,50mg,2890.0,5488.0,5227.0,3151.0,0,9.0,184.8
2020-10-01,Losartan Potassium,Losacar ,50mg,3151.0,5357.0,5102.0,3406.0,0,12.0,184.5
2020-11-01,Losartan Potassium,Losacar ,50mg,3406.0,3713.0,3536.0,3583.0,0,8.0,185.1
2020-12-01,Losartan Potassium,Losacar ,50mg,3583.0,4753.0,4527.0,3809.0,0,14.0,186.7
2021-01-01,Losartan Potassium,Losacar ,50mg,3809.0,6607.0,6292.0,4124.0,0,11.0,190.2
2021-02-01,Losartan Potassium,Losacar ,50mg,4124.0,4877.0,4645.0,4356.0,0,10.0,194.5
2021-03-01,Losartan Potassium,Losacar ,50mg,4356.0,5495.0,5233.0,4618.0,0,12.0,198.1
2021-04-01,Losartan Potassium,Losacar ,50mg,4618.0,4131.0,3934.0,4815.0,0,9.0,201.3
2021-05-01,Losartan Potassium,Losacar ,50mg,4815.0,6304.0,6004.0,5115.0,0,13.0,200.5
2021-06-01,Losartan Potassium,Losacar ,50mg,5115.0,5079.0,4837.0,5357.0,0,11.0,201.8
2021-07-01,Losartan Potassium,Losacar ,50mg,5357.0,5636.0,5368.0,5625.0,0,10.0,202.4
2021-08-01,Losartan Potassium,Losacar ,50mg,5625.0,8013.0,7631.0,6007.0,0,14.0,203.1
2021-09-01,Losartan Potassium,Losacar ,50mg,6007.0,7404.0,7051.0,6360.0,0,8.0,203.5
2021-10-01,Losartan Potassium,Losacar ,50mg,6360.0,5799.0,5523.0,6636.0,0,12.0,203.2
2021-11-01,Losartan Potassium,Losacar ,50mg,6636.0,5614.0,5347.0,6903.0,0,10.0,203.8
2021-12-01,Losartan Potassium,Losacar ,50mg,6903.0,5791.0,5515.0,7179.0,0,11.0,204.5
2022-01-01,Losartan Potassium,Losacar ,50mg,7179.0,6396.0,6091.0,7484.0,0,14.0,205.1
2022-02-01,Losartan Potassium,Losacar ,50mg,7484.0,5628.0,5360.0,7752.0,0,9.0,208.4
2022-03-01,Losartan Potassium,Losacar ,50mg,7752.0,5205.0,4957.0,8000.0,0,13.0,290.5
2022-04-01,Losartan Potassium,Losacar ,50mg,8000.0,6729.0,6409.0,8320.0,0,12.0,320.1
2022-05-01,Losartan Potassium,Losacar ,50mg,8320.0,5299.0,5047.0,8572.0,0,10.0,355.4
2022-06-01,Losartan Potassium,Losacar ,50mg,8572.0,7775.0,7405.0,8942.0,0,11.0,360.2
2022-07-01,Losartan Potassium,Losacar ,50mg,8942.0,5804.0,5528.0,9218.0,0,14.0,362.5
2022-08-01,Losartan Potassium,Losacar ,50mg,9218.0,7839.0,7466.0,9591.0,0,9.0,361.8
2022-09-01,Losartan Potassium,Losacar ,50mg,9591.0,6602.0,6288.0,9905.0,0,12.0,363.2
2022-10-01,Losartan Potassium,Losacar ,50mg,9905.0,7445.0,7090.0,10260.0,0,10.0,365.1
2022-11-01,Losartan Potassium,Losacar ,50mg,10260.0,5841.0,5563.0,10538.0,0,11.0,366.5
2022-12-01,Losartan Potassium,Losacar ,50mg,10538.0,5676.0,5406.0,10808.0,0,8.0,368.2
2023-01-01,Losartan Potassium,Losacar ,50mg,10808.0,6736.0,6415.0,11129.0,0,13.0,365.4
2023-02-01,Losartan Potassium,Losacar ,50mg,11129.0,7037.0,6702.0,11464.0,0,10.0,362.1
2023-03-01,Losartan Potassium,Losacar ,50mg,11464.0,5896.0,5615.0,11745.0,0,11.0,340.5
2023-04-01,Losartan Potassium,Losacar ,50mg,11745.0,0.0,4499.0,7246.0,0,0.0,325.2
2023-05-01,Losartan Potassium,Losacar ,50mg,7246.0,4664.0,4442.0,7468.0,0,10.0,315.8
2023-06-01,Losartan Potassium,Losacar ,50mg,7468.0,4718.0,4493.0,7693.0,0,11.0,310.4
2023-07-01,Losartan Potassium,Losacar ,50mg,7693.0,4661.0,4439.0,7915.0,0,8.0,312.1
2023-08-01,Losartan Potassium,Losacar ,50mg,7915.0,6470.0,6162.0,8223.0,0,13.0,315.6
2023-09-01,Losartan Potassium,Losacar ,50mg,8223.0,7860.0,7486.0,8597.0,0,12.0,318.9
2023-10-01,Losartan Potassium,Losacar ,50mg,8597.0,6823.0,6498.0,8922.0,0,10.0,320.5
2023-11-01,Losartan Potassium,Losacar ,50mg,8922.0,4922.0,4688.0,9156.0,0,11.0,322.1
2023-12-01,Losartan Potassium,Losacar ,50mg,9156.0,6654.0,6337.0,9473.0,0,14.0,324.5
2024-01-01,Losartan Potassium,Losacar ,50mg,9473.0,6510.0,6200.0,9783.0,0,9.0,323.8
2024-02-01,Losartan Potassium,Losacar ,50mg,9783.0,8816.0,8396.0,10203.0,0,13.0,318.2
2024-03-01,Losartan Potassium,Losacar ,50mg,10203.0,4997.0,4759.0,10441.0,0,12.0,310.5
2024-04-01,Losartan Potassium,Losacar ,50mg,10441.0,5734.0,5461.0,10714.0,0,10.0,305.1
2024-05-01,Losartan Potassium,Losacar ,50mg,10714.0,7839.0,7466.0,11087.0,0,11.0,302.4
2024-06-01,Losartan Potassium,Losacar ,50mg,11087.0,6633.0,6317.0,11403.0,0,14.0,300.8
2024-07-01,Losartan Potassium,Losacar ,50mg,11403.0,7015.0,6681.0,11737.0,0,9.0,304.5
2024-08-01,Losartan Potassium,Losacar ,50mg,11737.0,6870.0,6543.0,12064.0,0,13.0,302.1
2024-09-01,Losartan Potassium,Losacar ,50mg,12064.0,7403.0,7050.0,12417.0,0,12.0,300.5
2024-10-01,Losartan Potassium,Losacar ,50mg,12417.0,8152.0,7764.0,12805.0,0,10.0,305.8
2024-11-01,Losartan Potassium,Losacar ,50mg,12805.0,6493.0,6184.0,13114.0,0,11.0,310.2
2024-12-01,Losartan Potassium,Losacar ,50mg,13114.0,8288.0,7893.0,13509.0,0,14.0,315.4
2025-01-01,Losartan Potassium,Losacar ,50mg,13509.0,5761.0,5487.0,13783.0,0,9.0,320.1
2025-02-01,Losartan Potassium,Losacar ,50mg,13783.0,7176.0,6834.0,14125.0,0,13.0,322.5
2025-03-01,Losartan Potassium,Losacar ,50mg,14125.0,6778.0,6455.0,14448.0,0,12.0,325.8
2025-04-01,Losartan Potassium,Losacar ,50mg,14448.0,5882.0,5602.0,14728.0,0,10.0,328.1
2025-05-01,Losartan Potassium,Losacar ,50mg,14728.0,6419.0,6113.0,15034.0,0,11.0,330.4
2025-06-01,Losartan Potassium,Losacar ,50mg,15034.0,3227.0,3073.0,15188.0,0,14.0,332.1
2025-07-01,Losartan Potassium,Losacar ,50mg,15188.0,4367.0,4159.0,15396.0,0,15.0,335.2
2025-08-01,Losartan Potassium,Losacar ,50mg,15396.0,7883.0,7508.0,15771.0,0,12.0,338.5
2025-09-01,Losartan Potassium,Losacar ,50mg,15771.0,10673.0,10165.0,16279.0,0,10.0,340.2
2025-10-01,Losartan Potassium,Losacar ,50mg,16279.0,4202.0,4002.0,16479.0,0,11.0,342.1
2025-11-01,Losartan Potassium,Losacar ,50mg,16479.0,0.0,15091.0,1388.0,1,0.0,345.5
2025-12-01,Losartan Potassium,Losacar ,50mg,1388.0,5591.0,5325.0,1654.0,0,14.0,348.9
2026-01-01,Losartan Potassium,Losacar ,50mg,1654.0,609.0,580.0,1683.0,0,10.0,310.5
2020-01-01,Amlodipine,Amlodac ,5mg,200.0,444.0,423.0,221.0,0,7.0,181.3
2020-02-01,Amlodipine,Amlodac ,5mg,221.0,479.0,456.0,244.0,0,8.0,181.5
2020-03-01,Amlodipine,Amlodac ,5mg,244.0,312.0,297.0,259.0,0,6.0,185.3
2020-04-01,Amlodipine,Amlodac ,5mg,259.0,322.0,307.0,274.0,0,9.0,192.5
2020-05-01,Amlodipine,Amlodac ,5mg,274.0,416.0,396.0,294.0,0,7.0,188.2
2020-06-01,Amlodipine,Amlodac ,5mg,294.0,349.0,332.0,311.0,0,10.0,186.4
2020-07-01,Amlodipine,Amlodac ,5mg,311.0,459.0,437.0,333.0,0,8.0,185.9
2020-08-01,Amlodipine,Amlodac ,5mg,333.0,354.0,337.0,350.0,0,7.0,184.2
2020-09-01,Amlodipine,Amlodac ,5mg,350.0,280.0,267.0,363.0,0,9.0,184.8
2020-10-01,Amlodipine,Amlodac ,5mg,363.0,319.0,304.0,378.0,0,6.0,184.5
2020-11-01,Amlodipine,Amlodac ,5mg,378.0,267.0,254.0,391.0,0,8.0,185.1
2020-12-01,Amlodipine,Amlodac ,5mg,391.0,407.0,388.0,410.0,0,11.0,186.7
2021-01-01,Amlodipine,Amlodac ,5mg,410.0,427.0,407.0,430.0,0,9.0,190.2
2021-02-01,Amlodipine,Amlodac ,5mg,430.0,422.0,402.0,450.0,0,10.0,194.5
2021-03-01,Amlodipine,Amlodac ,5mg,450.0,531.0,506.0,475.0,0,12.0,198.1
2021-04-01,Amlodipine,Amlodac ,5mg,475.0,533.0,508.0,500.0,0,8.0,201.3
2021-05-01,Amlodipine,Amlodac ,5mg,500.0,422.0,402.0,520.0,0,11.0,200.5
2021-06-01,Amlodipine,Amlodac ,5mg,520.0,303.0,289.0,534.0,0,7.0,201.8
2021-07-01,Amlodipine,Amlodac ,5mg,534.0,444.0,423.0,555.0,0,9.0,202.4
2021-08-01,Amlodipine,Amlodac ,5mg,555.0,434.0,413.0,576.0,0,8.0,203.1
2021-09-01,Amlodipine,Amlodac ,5mg,576.0,421.0,401.0,596.0,0,10.0,203.5
2021-10-01,Amlodipine,Amlodac ,5mg,596.0,480.0,457.0,619.0,0,12.0,203.2
2021-11-01,Amlodipine,Amlodac ,5mg,619.0,363.0,346.0,636.0,0,7.0,203.8
2021-12-01,Amlodipine,Amlodac ,5mg,636.0,613.0,584.0,665.0,0,13.0,204.5
2022-01-01,Amlodipine,Amlodac ,5mg,665.0,408.0,389.0,684.0,0,14.0,205.1
2022-02-01,Amlodipine,Amlodac ,5mg,684.0,541.0,515.0,710.0,0,11.0,208.4
2022-03-01,Amlodipine,Amlodac ,5mg,710.0,377.0,359.0,728.0,0,15.0,290.5
2022-04-01,Amlodipine,Amlodac ,5mg,728.0,417.0,397.0,748.0,0,18.0,320.1
2022-05-01,Amlodipine,Amlodac ,5mg,748.0,584.0,556.0,776.0,0,14.0,355.4
2022-06-01,Amlodipine,Amlodac ,5mg,776.0,432.0,411.0,797.0,0,12.0,360.2
2022-07-01,Amlodipine,Amlodac ,5mg,797.0,494.0,470.0,821.0,0,11.0,362.5
2022-08-01,Amlodipine,Amlodac ,5mg,821.0,444.0,423.0,842.0,0,15.0,361.8
2022-09-01,Amlodipine,Amlodac ,5mg,842.0,425.0,405.0,862.0,0,10.0,363.2
2022-10-01,Amlodipine,Amlodac ,5mg,862.0,546.0,520.0,888.0,0,9.0,365.1
2022-11-01,Amlodipine,Amlodac ,5mg,888.0,448.0,427.0,909.0,0,12.0,366.5
2022-12-01,Amlodipine,Amlodac ,5mg,909.0,374.0,356.0,927.0,0,13.0,368.2
2023-01-01,Amlodipine,Amlodac ,5mg,927.0,449.0,428.0,948.0,0,14.0,365.4
2023-02-01,Amlodipine,Amlodac ,5mg,948.0,565.0,538.0,975.0,0,12.0,362.1
2023-03-01,Amlodipine,Amlodac ,5mg,975.0,554.0,528.0,1001.0,0,11.0,340.5
2023-04-01,Amlodipine,Amlodac ,5mg,1001.0,406.0,387.0,1020.0,0,15.0,325.2
2023-05-01,Amlodipine,Amlodac ,5mg,1020.0,448.0,427.0,1041.0,0,8.0,315.8
2023-06-01,Amlodipine,Amlodac ,5mg,1041.0,442.0,421.0,1062.0,0,9.0,310.4
2023-07-01,Amlodipine,Amlodac ,5mg,1062.0,443.0,422.0,1083.0,0,7.0,312.1
2023-08-01,Amlodipine,Amlodac ,5mg,1083.0,375.0,357.0,1101.0,0,8.0,315.6
2023-09-01,Amlodipine,Amlodac ,5mg,1101.0,422.0,402.0,1121.0,0,7.0,318.9
2023-10-01,Amlodipine,Amlodac ,5mg,1121.0,428.0,408.0,1141.0,0,10.0,320.5
2023-11-01,Amlodipine,Amlodac ,5mg,1141.0,561.0,534.0,1168.0,0,11.0,322.1
2023-12-01,Amlodipine,Amlodac ,5mg,1168.0,591.0,563.0,1196.0,0,9.0,324.5
2024-01-01,Amlodipine,Amlodac ,5mg,1196.0,533.0,508.0,1221.0,0,10.0,323.8
2024-02-01,Amlodipine,Amlodac ,5mg,1221.0,526.0,501.0,1246.0,0,12.0,318.2
2024-03-01,Amlodipine,Amlodac ,5mg,1246.0,573.0,546.0,1273.0,0,14.0,310.5
2024-04-01,Amlodipine,Amlodac ,5mg,1273.0,489.0,466.0,1296.0,0,15.0,305.1
2024-05-01,Amlodipine,Amlodac ,5mg,1296.0,452.0,430.0,1318.0,0,18.0,302.4
2024-06-01,Amlodipine,Amlodac ,5mg,1318.0,450.0,429.0,1339.0,0,12.0,300.8
2024-07-01,Amlodipine,Amlodac ,5mg,1339.0,457.0,435.0,1361.0,0,10.0,304.5
2024-08-01,Amlodipine,Amlodac ,5mg,1361.0,416.0,396.0,1381.0,0,9.0,302.1
2024-09-01,Amlodipine,Amlodac ,5mg,1381.0,511.0,487.0,1405.0,0,11.0,300.5
2024-10-01,Amlodipine,Amlodac ,5mg,1405.0,573.0,546.0,1432.0,0,10.0,305.8
2024-11-01,Amlodipine,Amlodac ,5mg,1432.0,423.0,403.0,1452.0,0,9.0,310.2
2024-12-01,Amlodipine,Amlodac ,5mg,1452.0,565.0,538.0,1479.0,0,11.0,315.4
2025-01-01,Amlodipine,Amlodac ,5mg,1479.0,567.0,540.0,1506.0,0,12.0,320.1
2025-02-01,Amlodipine,Amlodac ,5mg,1506.0,632.0,602.0,1536.0,0,14.0,322.5
2025-03-01,Amlodipine,Amlodac ,5mg,1536.0,602.0,573.0,1565.0,0,12.0,325.8
2025-04-01,Amlodipine,Amlodac ,5mg,1565.0,478.0,455.0,1588.0,0,11.0,328.1
2025-05-01,Amlodipine,Amlodac ,5mg,1588.0,478.0,455.0,1611.0,0,10.0,330.4
2025-06-01,Amlodipine,Amlodac ,5mg,1611.0,756.0,720.0,1647.0,0,14.0,332.1
2025-07-01,Amlodipine,Amlodac ,5mg,1647.0,51.0,49.0,1649.0,0,8.0,335.2
2025-08-01,Amlodipine,Amlodac ,5mg,1649.0,1575.0,1500.0,1724.0,0,7.0,338.5
2025-09-01,Amlodipine,Amlodac ,5mg,1724.0,1041.0,991.0,1774.0,0,10.0,340.2
2025-10-01,Amlodipine,Amlodac ,5mg,1774.0,646.0,615.0,1805.0,0,11.0,342.1
2025-11-01,Amlodipine,Amlodac ,5mg,1805.0,47.0,45.0,1807.0,0,9.0,345.5
2025-12-01,Amlodipine,Amlodac ,5mg,1807.0,334.0,318.0,1823.0,0,13.0,348.9
2026-01-01,Amlodipine,Amlodac ,5mg,1823.0,233.0,222.0,1834.0,0,10.0,310.5
2020-01-01,Amlodipine,Amlong ,5mg,500.0,1479.0,1409.0,570.0,0,7.0,181.3
2020-02-01,Amlodipine,Amlong ,5mg,570.0,1518.0,1446.0,642.0,0,8.0,181.5
2020-03-01,Amlodipine,Amlong ,5mg,642.0,1554.0,1480.0,716.0,0,6.0,185.3
2020-04-01,Amlodipine,Amlong ,5mg,716.0,1936.0,1844.0,808.0,0,9.0,192.5
2020-05-01,Amlodipine,Amlong ,5mg,808.0,1301.0,1239.0,870.0,0,7.0,188.2
2020-06-01,Amlodipine,Amlong ,5mg,870.0,1486.0,1415.0,941.0,0,10.0,186.4
2020-07-01,Amlodipine,Amlong ,5mg,941.0,1718.0,1636.0,1023.0,0,8.0,185.9
2020-08-01,Amlodipine,Amlong ,5mg,1023.0,1691.0,1610.0,1104.0,0,7.0,184.2
2020-09-01,Amlodipine,Amlong ,5mg,1104.0,1097.0,1045.0,1156.0,0,9.0,184.8
2020-10-01,Amlodipine,Amlong ,5mg,1156.0,1282.0,1221.0,1217.0,0,6.0,184.5
2020-11-01,Amlodipine,Amlong ,5mg,1217.0,1667.0,1588.0,1296.0,0,8.0,185.1
2020-12-01,Amlodipine,Amlong ,5mg,1296.0,1516.0,1444.0,1368.0,0,11.0,186.7
2021-01-01,Amlodipine,Amlong ,5mg,1368.0,1513.0,1441.0,1440.0,0,9.0,190.2
2021-02-01,Amlodipine,Amlong ,5mg,1440.0,1488.0,1417.0,1511.0,0,10.0,194.5
2021-03-01,Amlodipine,Amlong ,5mg,1511.0,1505.0,1433.0,1583.0,0,12.0,198.1
2021-04-01,Amlodipine,Amlong ,5mg,1583.0,1696.0,1615.0,1664.0,0,8.0,201.3
2021-05-01,Amlodipine,Amlong ,5mg,1664.0,1562.0,1488.0,1738.0,0,11.0,200.5
2021-06-01,Amlodipine,Amlong ,5mg,1738.0,1581.0,1506.0,1813.0,0,7.0,201.8
2021-07-01,Amlodipine,Amlong ,5mg,1813.0,1559.0,1485.0,1887.0,0,9.0,202.4
2021-08-01,Amlodipine,Amlong ,5mg,1887.0,1342.0,1278.0,1951.0,0,8.0,203.1
2021-09-01,Amlodipine,Amlong ,5mg,1951.0,1563.0,1489.0,2025.0,0,10.0,203.5
2021-10-01,Amlodipine,Amlong ,5mg,2025.0,2211.0,2106.0,2130.0,0,12.0,203.2
2021-11-01,Amlodipine,Amlong ,5mg,2130.0,1107.0,1054.0,2183.0,0,7.0,203.8
2021-12-01,Amlodipine,Amlong ,5mg,2183.0,1568.0,1493.0,2258.0,0,13.0,204.5
2022-01-01,Amlodipine,Amlong ,5mg,2258.0,1393.0,1327.0,2324.0,0,14.0,205.1
2022-02-01,Amlodipine,Amlong ,5mg,2324.0,1782.0,1697.0,2409.0,0,11.0,208.4
2022-03-01,Amlodipine,Amlong ,5mg,2409.0,1706.0,1625.0,2490.0,0,15.0,290.5
2022-04-01,Amlodipine,Amlong ,5mg,2490.0,1935.0,1843.0,2582.0,0,18.0,320.1
2022-05-01,Amlodipine,Amlong ,5mg,2582.0,2058.0,1960.0,2680.0,0,14.0,355.4
2022-06-01,Amlodipine,Amlong ,5mg,2680.0,1742.0,1659.0,2763.0,0,12.0,360.2
2022-07-01,Amlodipine,Amlong ,5mg,2763.0,1940.0,1848.0,2855.0,0,11.0,362.5
2022-08-01,Amlodipine,Amlong ,5mg,2855.0,1111.0,1058.0,2908.0,0,15.0,361.8
2022-09-01,Amlodipine,Amlong ,5mg,2908.0,1948.0,1855.0,3001.0,0,10.0,363.2
2022-10-01,Amlodipine,Amlong ,5mg,3001.0,1605.0,1529.0,3077.0,0,9.0,365.1
2022-11-01,Amlodipine,Amlong ,5mg,3077.0,1806.0,1720.0,3163.0,0,12.0,366.5
2022-12-01,Amlodipine,Amlong ,5mg,3163.0,1322.0,1259.0,3226.0,0,13.0,368.2
2023-01-01,Amlodipine,Amlong ,5mg,3226.0,1466.0,1396.0,3296.0,0,14.0,365.4
2023-02-01,Amlodipine,Amlong ,5mg,3296.0,1776.0,1691.0,3381.0,0,12.0,362.1
2023-03-01,Amlodipine,Amlong ,5mg,3381.0,1796.0,1710.0,3467.0,0,11.0,340.5
2023-04-01,Amlodipine,Amlong ,5mg,3467.0,1915.0,1824.0,3558.0,0,15.0,325.2
2023-05-01,Amlodipine,Amlong ,5mg,3558.0,2158.0,2055.0,3661.0,0,8.0,315.8
2023-06-01,Amlodipine,Amlong ,5mg,3661.0,1380.0,1314.0,3727.0,0,9.0,310.4
2023-07-01,Amlodipine,Amlong ,5mg,3727.0,2015.0,1919.0,3823.0,0,7.0,312.1
2023-08-01,Amlodipine,Amlong ,5mg,3823.0,1681.0,1601.0,3903.0,0,8.0,315.6
2023-09-01,Amlodipine,Amlong ,5mg,3903.0,1582.0,1507.0,3978.0,0,7.0,318.9
2023-10-01,Amlodipine,Amlong ,5mg,3978.0,1294.0,1232.0,4040.0,0,10.0,320.5
2023-11-01,Amlodipine,Amlong ,5mg,4040.0,1761.0,1677.0,4124.0,0,11.0,322.1
2023-12-01,Amlodipine,Amlong ,5mg,4124.0,1175.0,1119.0,4180.0,0,9.0,324.5
2024-01-01,Amlodipine,Amlong ,5mg,4180.0,1945.0,1852.0,4273.0,0,10.0,323.8
2024-02-01,Amlodipine,Amlong ,5mg,4273.0,1476.0,1406.0,4343.0,0,12.0,318.2
2024-03-01,Amlodipine,Amlong ,5mg,4343.0,1929.0,1837.0,4435.0,0,14.0,310.5
2024-04-01,Amlodipine,Amlong ,5mg,4435.0,1916.0,1825.0,4526.0,0,15.0,305.1
2024-05-01,Amlodipine,Amlong ,5mg,4526.0,2323.0,2212.0,4637.0,0,18.0,302.4
2024-06-01,Amlodipine,Amlong ,5mg,4637.0,1861.0,1772.0,4726.0,0,12.0,300.8
2024-07-01,Amlodipine,Amlong ,5mg,4726.0,1667.0,1588.0,4805.0,0,10.0,304.5
2024-08-01,Amlodipine,Amlong ,5mg,4805.0,1654.0,1575.0,4884.0,0,9.0,302.1
2024-09-01,Amlodipine,Amlong ,5mg,4884.0,2098.0,1998.0,4984.0,0,11.0,300.5
2024-10-01,Amlodipine,Amlong ,5mg,4984.0,1859.0,1770.0,5073.0,0,10.0,305.8
2024-11-01,Amlodipine,Amlong ,5mg,5073.0,1638.0,1560.0,5151.0,0,9.0,310.2
2024-12-01,Amlodipine,Amlong ,5mg,5151.0,1730.0,1648.0,5233.0,0,11.0,315.4
2025-01-01,Amlodipine,Amlong ,5mg,5233.0,1483.0,1412.0,5304.0,0,12.0,320.1
2025-02-01,Amlodipine,Amlong ,5mg,5304.0,2080.0,1981.0,5403.0,0,14.0,322.5
2025-03-01,Amlodipine,Amlong ,5mg,5403.0,1562.0,1488.0,5477.0,0,12.0,325.8
2025-04-01,Amlodipine,Amlong ,5mg,5477.0,2321.0,2210.0,5588.0,0,11.0,328.1
2025-05-01,Amlodipine,Amlong ,5mg,5588.0,2112.0,2011.0,5689.0,0,10.0,330.4
2025-06-01,Amlodipine,Amlong ,5mg,5689.0,0.0,4732.0,957.0,0,0.0,332.1
2025-07-01,Amlodipine,Amlong ,5mg,957.0,1096.0,1044.0,1009.0,0,15.0,335.2
2025-08-01,Amlodipine,Amlong ,5mg,1009.0,2525.0,2405.0,1129.0,0,12.0,338.5
2025-09-01,Amlodipine,Amlong ,5mg,1129.0,1287.0,1226.0,1190.0,0,10.0,340.2
2025-10-01,Amlodipine,Amlong ,5mg,1190.0,1321.0,1258.0,1253.0,0,11.0,342.1
2025-11-01,Amlodipine,Amlong ,5mg,1253.0,998.0,950.0,1301.0,0,13.0,345.5
2025-12-01,Amlodipine,Amlong ,5mg,1301.0,1230.0,1171.0,1360.0,0,14.0,348.9
2026-01-01,Amlodipine,Amlong ,5mg,1360.0,971.0,925.0,1406.0,0,10.0,310.5
2020-01-01,Amlodipine,Amlopress ,5mg,500.0,2205.0,2100.0,605.0,0,11.0,181.3
2020-02-01,Amlodipine,Amlopress ,5mg,605.0,1903.0,1812.0,696.0,0,9.0,181.5
2020-03-01,Amlodipine,Amlopress ,5mg,696.0,2140.0,2038.0,798.0,0,12.0,185.3
2020-04-01,Amlodipine,Amlopress ,5mg,798.0,2408.0,2293.0,913.0,0,10.0,192.5
2020-05-01,Amlodipine,Amlopress ,5mg,913.0,3245.0,3090.0,1068.0,0,8.0,188.2
2020-06-01,Amlodipine,Amlopress ,5mg,1068.0,2492.0,2373.0,1187.0,0,13.0,186.4
2020-07-01,Amlodipine,Amlopress ,5mg,1187.0,3007.0,2864.0,1330.0,0,7.0,185.9
2020-08-01,Amlodipine,Amlopress ,5mg,1330.0,2465.0,2348.0,1447.0,0,10.0,184.2
2020-09-01,Amlodipine,Amlopress ,5mg,1447.0,2683.0,2555.0,1575.0,0,9.0,184.8
2020-10-01,Amlodipine,Amlopress ,5mg,1575.0,2441.0,2325.0,1691.0,0,12.0,184.5
2020-11-01,Amlodipine,Amlopress ,5mg,1691.0,2768.0,2636.0,1823.0,0,8.0,185.1
2020-12-01,Amlodipine,Amlopress ,5mg,1823.0,2225.0,2119.0,1929.0,0,14.0,186.7
2021-01-01,Amlodipine,Amlopress ,5mg,1929.0,1934.0,1842.0,2021.0,0,11.0,190.2
2021-02-01,Amlodipine,Amlopress ,5mg,2021.0,2062.0,1964.0,2119.0,0,10.0,194.5
2021-03-01,Amlodipine,Amlopress ,5mg,2119.0,2453.0,2336.0,2236.0,0,12.0,198.1
2021-04-01,Amlodipine,Amlopress ,5mg,2236.0,2304.0,2194.0,2346.0,0,9.0,201.3
2021-05-01,Amlodipine,Amlopress ,5mg,2346.0,3056.0,2910.0,2492.0,0,13.0,200.5
2021-06-01,Amlodipine,Amlopress ,5mg,2492.0,2723.0,2593.0,2622.0,0,11.0,201.8
2021-07-01,Amlodipine,Amlopress ,5mg,2622.0,4153.0,3955.0,2820.0,0,10.0,202.4
2021-08-01,Amlodipine,Amlopress ,5mg,2820.0,2192.0,2088.0,2924.0,0,14.0,203.1
2021-09-01,Amlodipine,Amlopress ,5mg,2924.0,2837.0,2702.0,3059.0,0,8.0,203.5
2021-10-01,Amlodipine,Amlopress ,5mg,3059.0,2242.0,2135.0,3166.0,0,12.0,203.2
2021-11-01,Amlodipine,Amlopress ,5mg,3166.0,2401.0,2287.0,3280.0,0,10.0,203.8
2021-12-01,Amlodipine,Amlopress ,5mg,3280.0,2622.0,2497.0,3405.0,0,11.0,204.5
2022-01-01,Amlodipine,Amlopress ,5mg,3405.0,1840.0,1752.0,3493.0,0,14.0,205.1
2022-02-01,Amlodipine,Amlopress ,5mg,3493.0,2799.0,2666.0,3626.0,0,9.0,208.4
2022-03-01,Amlodipine,Amlopress ,5mg,3626.0,3762.0,3583.0,3805.0,0,13.0,290.5
2022-04-01,Amlodipine,Amlopress ,5mg,3805.0,2764.0,2632.0,3937.0,0,12.0,320.1
2022-05-01,Amlodipine,Amlopress ,5mg,3937.0,3180.0,3029.0,4088.0,0,10.0,355.4
2022-06-01,Amlodipine,Amlopress ,5mg,4088.0,3626.0,3453.0,4261.0,0,11.0,360.2
2022-07-01,Amlodipine,Amlopress ,5mg,4261.0,3021.0,2877.0,4405.0,0,14.0,362.5
2022-08-01,Amlodipine,Amlopress ,5mg,4405.0,2777.0,2645.0,4537.0,0,9.0,361.8
2022-09-01,Amlodipine,Amlopress ,5mg,4537.0,2082.0,1983.0,4636.0,0,12.0,363.2
2022-10-01,Amlodipine,Amlopress ,5mg,4636.0,3111.0,2963.0,4784.0,0,10.0,365.1
2022-11-01,Amlodipine,Amlopress ,5mg,4784.0,2706.0,2577.0,4913.0,0,11.0,366.5
2022-12-01,Amlodipine,Amlopress ,5mg,4913.0,2348.0,2236.0,5025.0,0,8.0,368.2
2023-01-01,Amlodipine,Amlopress ,5mg,5025.0,2829.0,2694.0,5160.0,0,13.0,365.4
2023-02-01,Amlodipine,Amlopress ,5mg,5160.0,2636.0,2510.0,5286.0,0,10.0,362.1
2023-03-01,Amlodipine,Amlopress ,5mg,5286.0,2781.0,2649.0,5418.0,0,11.0,340.5
2023-04-01,Amlodipine,Amlopress ,5mg,5418.0,3449.0,3285.0,5582.0,0,14.0,325.2
2023-05-01,Amlodipine,Amlopress ,5mg,5582.0,2665.0,2538.0,5709.0,0,9.0,315.8
2023-06-01,Amlodipine,Amlopress ,5mg,5709.0,3872.0,3688.0,5893.0,0,11.0,310.4
2023-07-01,Amlodipine,Amlopress ,5mg,5893.0,2673.0,2546.0,6020.0,0,8.0,312.1
2023-08-01,Amlodipine,Amlopress ,5mg,6020.0,2920.0,2781.0,6159.0,0,13.0,315.6
2023-09-01,Amlodipine,Amlopress ,5mg,6159.0,4161.0,3963.0,6357.0,0,12.0,318.9
2023-10-01,Amlodipine,Amlopress ,5mg,6357.0,3564.0,3394.0,6527.0,0,10.0,320.5
2023-11-01,Amlodipine,Amlopress ,5mg,6527.0,2974.0,2832.0,6669.0,0,11.0,322.1
2023-12-01,Amlodipine,Amlopress ,5mg,6669.0,2526.0,2406.0,6789.0,0,14.0,324.5
2024-01-01,Amlodipine,Amlopress ,5mg,6789.0,2730.0,2600.0,6919.0,0,9.0,323.8
2024-02-01,Amlodipine,Amlopress ,5mg,6919.0,3096.0,2949.0,7066.0,0,13.0,318.2
2024-03-01,Amlodipine,Amlopress ,5mg,7066.0,3224.0,3070.0,7220.0,0,12.0,310.5
2024-04-01,Amlodipine,Amlopress ,5mg,7220.0,3308.0,3150.0,7378.0,0,10.0,305.1
2024-05-01,Amlodipine,Amlopress ,5mg,7378.0,3451.0,3287.0,7542.0,0,11.0,302.4
2024-06-01,Amlodipine,Amlopress ,5mg,7542.0,3413.0,3250.0,7705.0,0,14.0,300.8
2024-07-01,Amlodipine,Amlopress ,5mg,7705.0,2828.0,2693.0,7840.0,0,9.0,304.5
2024-08-01,Amlodipine,Amlopress ,5mg,7840.0,3178.0,3027.0,7991.0,0,13.0,302.1
2024-09-01,Amlodipine,Amlopress ,5mg,7991.0,3808.0,3627.0,8172.0,0,12.0,300.5
2024-10-01,Amlodipine,Amlopress ,5mg,8172.0,2609.0,2485.0,8296.0,0,10.0,305.8
2024-11-01,Amlodipine,Amlopress ,5mg,8296.0,3032.0,2888.0,8440.0,0,11.0,310.2
2024-12-01,Amlodipine,Amlopress ,5mg,8440.0,2738.0,2608.0,8570.0,0,14.0,315.4
2025-01-01,Amlodipine,Amlopress ,5mg,8570.0,3199.0,3047.0,8722.0,0,9.0,320.1
2025-02-01,Amlodipine,Amlopress ,5mg,8722.0,3075.0,2929.0,8868.0,0,13.0,322.5
2025-03-01,Amlodipine,Amlopress ,5mg,8868.0,4260.0,4057.0,9071.0,0,12.0,325.8
2025-04-01,Amlodipine,Amlopress ,5mg,9071.0,3851.0,3668.0,9254.0,0,10.0,328.1
2025-05-01,Amlodipine,Amlopress ,5mg,9254.0,3032.0,2888.0,9398.0,0,11.0,330.4
2025-06-01,Amlodipine,Amlopress ,5mg,9398.0,4812.0,4583.0,9627.0,0,14.0,332.1
2025-07-01,Amlodipine,Amlopress ,5mg,9627.0,1901.0,1810.0,9718.0,0,15.0,335.2
2025-08-01,Amlodipine,Amlopress ,5mg,9718.0,1966.0,1872.0,9812.0,0,12.0,338.5
2025-09-01,Amlodipine,Amlopress ,5mg,9812.0,1432.0,1364.0,9880.0,0,10.0,340.2
2025-10-01,Amlodipine,Amlopress ,5mg,9880.0,1502.0,1430.0,9952.0,0,11.0,342.1
2025-11-01,Amlodipine,Amlopress ,5mg,9952.0,5538.0,5274.0,10216.0,0,13.0,345.5
2025-12-01,Amlodipine,Amlopress ,5mg,10216.0,7853.0,7479.0,10590.0,0,14.0,348.9
2026-01-01,Amlodipine,Amlopress ,5mg,10590.0,963.0,917.0,10636.0,0,10.0,310.5
2020-01-01,Bisoprolol,Bisovic ,5mg,100.0,250.0,238.0,112.0,0,7.0,181.3
2020-02-01,Bisoprolol,Bisovic ,5mg,112.0,250.0,238.0,124.0,0,8.0,181.5
2020-03-01,Bisoprolol,Bisovic ,5mg,124.0,292.0,278.0,138.0,0,6.0,185.3
2020-04-01,Bisoprolol,Bisovic ,5mg,138.0,258.0,246.0,150.0,0,9.0,192.5
2020-05-01,Bisoprolol,Bisovic ,5mg,150.0,369.0,351.0,168.0,0,7.0,188.2
2020-06-01,Bisoprolol,Bisovic ,5mg,168.0,295.0,281.0,182.0,0,10.0,186.4
2020-07-01,Bisoprolol,Bisovic ,5mg,182.0,531.0,506.0,207.0,0,8.0,185.9
2020-08-01,Bisoprolol,Bisovic ,5mg,207.0,330.0,314.0,223.0,0,7.0,184.2
2020-09-01,Bisoprolol,Bisovic ,5mg,223.0,353.0,336.0,240.0,0,9.0,184.8
2020-10-01,Bisoprolol,Bisovic ,5mg,240.0,280.0,267.0,253.0,0,6.0,184.5
2020-11-01,Bisoprolol,Bisovic ,5mg,253.0,424.0,404.0,273.0,0,8.0,185.1
2020-12-01,Bisoprolol,Bisovic ,5mg,273.0,375.0,357.0,291.0,0,11.0,186.7
2021-01-01,Bisoprolol,Bisovic ,5mg,291.0,324.0,309.0,306.0,0,9.0,190.2
2021-02-01,Bisoprolol,Bisovic ,5mg,306.0,253.0,241.0,318.0,0,10.0,194.5
2021-03-01,Bisoprolol,Bisovic ,5mg,318.0,326.0,310.0,334.0,0,12.0,198.1
2021-04-01,Bisoprolol,Bisovic ,5mg,334.0,277.0,264.0,347.0,0,8.0,201.3
2021-05-01,Bisoprolol,Bisovic ,5mg,347.0,427.0,407.0,367.0,0,11.0,200.5
2021-06-01,Bisoprolol,Bisovic ,5mg,367.0,404.0,385.0,386.0,0,7.0,201.8
2021-07-01,Bisoprolol,Bisovic ,5mg,386.0,374.0,356.0,404.0,0,9.0,202.4
2021-08-01,Bisoprolol,Bisovic ,5mg,404.0,258.0,246.0,416.0,0,8.0,203.1
2021-09-01,Bisoprolol,Bisovic ,5mg,416.0,319.0,304.0,431.0,0,10.0,203.5
2021-10-01,Bisoprolol,Bisovic ,5mg,431.0,399.0,380.0,450.0,0,12.0,203.2
2021-11-01,Bisoprolol,Bisovic ,5mg,450.0,417.0,397.0,470.0,0,7.0,203.8
2021-12-01,Bisoprolol,Bisovic ,5mg,470.0,396.0,377.0,489.0,0,13.0,204.5
2022-01-01,Bisoprolol,Bisovic ,5mg,489.0,258.0,246.0,501.0,0,14.0,205.1
2022-02-01,Bisoprolol,Bisovic ,5mg,501.0,342.0,326.0,517.0,0,11.0,208.4
2022-03-01,Bisoprolol,Bisovic ,5mg,517.0,389.0,370.0,536.0,0,15.0,290.5
2022-04-01,Bisoprolol,Bisovic ,5mg,536.0,271.0,258.0,549.0,0,18.0,320.1
2022-05-01,Bisoprolol,Bisovic ,5mg,549.0,362.0,345.0,566.0,0,14.0,355.4
2022-06-01,Bisoprolol,Bisovic ,5mg,566.0,395.0,376.0,585.0,0,12.0,360.2
2022-07-01,Bisoprolol,Bisovic ,5mg,585.0,373.0,355.0,603.0,0,11.0,362.5
2022-08-01,Bisoprolol,Bisovic ,5mg,603.0,298.0,284.0,617.0,0,15.0,361.8
2022-09-01,Bisoprolol,Bisovic ,5mg,617.0,372.0,354.0,635.0,0,10.0,363.2
2022-10-01,Bisoprolol,Bisovic ,5mg,635.0,362.0,345.0,652.0,0,9.0,365.1
2022-11-01,Bisoprolol,Bisovic ,5mg,652.0,359.0,342.0,669.0,0,12.0,366.5
2022-12-01,Bisoprolol,Bisovic ,5mg,669.0,327.0,311.0,685.0,0,13.0,368.2
2023-01-01,Bisoprolol,Bisovic ,5mg,685.0,324.0,309.0,700.0,0,14.0,365.4
2023-02-01,Bisoprolol,Bisovic ,5mg,700.0,343.0,327.0,716.0,0,12.0,362.1
2023-03-01,Bisoprolol,Bisovic ,5mg,716.0,377.0,359.0,734.0,0,11.0,340.5
2023-04-01,Bisoprolol,Bisovic ,5mg,734.0,351.0,334.0,751.0,0,15.0,325.2
2023-05-01,Bisoprolol,Bisovic ,5mg,751.0,361.0,344.0,768.0,0,8.0,315.8
2023-06-01,Bisoprolol,Bisovic ,5mg,768.0,406.0,387.0,787.0,0,9.0,310.4
2023-07-01,Bisoprolol,Bisovic ,5mg,787.0,310.0,295.0,802.0,0,7.0,312.1
2023-08-01,Bisoprolol,Bisovic ,5mg,802.0,448.0,427.0,823.0,0,8.0,315.6
2023-09-01,Bisoprolol,Bisovic ,5mg,823.0,414.0,394.0,843.0,0,7.0,318.9
2023-10-01,Bisoprolol,Bisovic ,5mg,843.0,405.0,386.0,862.0,0,10.0,320.5
2023-11-01,Bisoprolol,Bisovic ,5mg,862.0,449.0,428.0,883.0,0,11.0,322.1
2023-12-01,Bisoprolol,Bisovic ,5mg,883.0,280.0,267.0,896.0,0,9.0,324.5
2024-01-01,Bisoprolol,Bisovic ,5mg,896.0,273.0,260.0,909.0,0,10.0,323.8
2024-02-01,Bisoprolol,Bisovic ,5mg,909.0,381.0,363.0,927.0,0,12.0,318.2
2024-03-01,Bisoprolol,Bisovic ,5mg,927.0,373.0,355.0,945.0,0,14.0,310.5
2024-04-01,Bisoprolol,Bisovic ,5mg,945.0,398.0,379.0,964.0,0,15.0,305.1
2024-05-01,Bisoprolol,Bisovic ,5mg,964.0,379.0,361.0,982.0,0,18.0,302.4
2024-06-01,Bisoprolol,Bisovic ,5mg,982.0,468.0,446.0,1004.0,0,12.0,300.8
2024-07-01,Bisoprolol,Bisovic ,5mg,1004.0,502.0,478.0,1028.0,0,10.0,304.5
2024-08-01,Bisoprolol,Bisovic ,5mg,1028.0,475.0,452.0,1051.0,0,9.0,302.1
2024-09-01,Bisoprolol,Bisovic ,5mg,1051.0,420.0,400.0,1071.0,0,11.0,300.5
2024-10-01,Bisoprolol,Bisovic ,5mg,1071.0,311.0,296.0,1086.0,0,10.0,305.8
2024-11-01,Bisoprolol,Bisovic ,5mg,1086.0,461.0,439.0,1108.0,0,9.0,310.2
2024-12-01,Bisoprolol,Bisovic ,5mg,1108.0,477.0,454.0,1131.0,0,11.0,315.4
2025-01-01,Bisoprolol,Bisovic ,5mg,1131.0,427.0,407.0,1151.0,0,12.0,320.1
2025-02-01,Bisoprolol,Bisovic ,5mg,1151.0,339.0,323.0,1167.0,0,14.0,322.5
2025-03-01,Bisoprolol,Bisovic ,5mg,1167.0,437.0,416.0,1188.0,0,12.0,325.8
2025-04-01,Bisoprolol,Bisovic ,5mg,1188.0,466.0,444.0,1210.0,0,11.0,328.1
2025-05-01,Bisoprolol,Bisovic ,5mg,1210.0,543.0,517.0,1236.0,0,10.0,330.4
2025-06-01,Bisoprolol,Bisovic ,5mg,1236.0,150.0,143.0,1243.0,0,5.0,332.1
2025-07-01,Bisoprolol,Bisovic ,5mg,1243.0,551.0,525.0,1269.0,0,9.0,335.2
2025-08-01,Bisoprolol,Bisovic ,5mg,1269.0,124.0,118.0,1275.0,0,8.0,338.5
2025-09-01,Bisoprolol,Bisovic ,5mg,1275.0,491.0,468.0,1298.0,0,7.0,340.2
2025-10-01,Bisoprolol,Bisovic ,5mg,1298.0,372.0,354.0,1316.0,0,6.0,342.1
2025-11-01,Bisoprolol,Bisovic ,5mg,1316.0,803.0,765.0,1354.0,0,18.0,345.5
2025-12-01,Bisoprolol,Bisovic ,5mg,1354.0,170.0,162.0,1362.0,0,12.0,348.9
2026-01-01,Bisoprolol,Bisovic ,5mg,1362.0,528.0,503.0,1387.0,0,14.0,310.5
2020-01-01,Bisoprolol,Concor  ,5mg,200.0,498.0,474.0,224.0,0,11.0,181.3
2020-02-01,Bisoprolol,Concor  ,5mg,224.0,566.0,539.0,251.0,0,9.0,181.5
2020-03-01,Bisoprolol,Concor  ,5mg,251.0,688.0,655.0,284.0,0,12.0,185.3
2020-04-01,Bisoprolol,Concor  ,5mg,284.0,592.0,564.0,312.0,0,10.0,192.5
2020-05-01,Bisoprolol,Concor  ,5mg,312.0,705.0,671.0,346.0,0,8.0,188.2
2020-06-01,Bisoprolol,Concor  ,5mg,346.0,671.0,639.0,378.0,0,13.0,186.4
2020-07-01,Bisoprolol,Concor  ,5mg,378.0,786.0,749.0,415.0,0,7.0,185.9
2020-08-01,Bisoprolol,Concor  ,5mg,415.0,758.0,722.0,451.0,0,10.0,184.2
2020-09-01,Bisoprolol,Concor  ,5mg,451.0,621.0,591.0,481.0,0,9.0,184.8
2020-10-01,Bisoprolol,Concor  ,5mg,481.0,648.0,617.0,512.0,0,12.0,184.5
2020-11-01,Bisoprolol,Concor  ,5mg,512.0,750.0,714.0,548.0,0,8.0,185.1
2020-12-01,Bisoprolol,Concor  ,5mg,548.0,664.0,632.0,580.0,0,14.0,186.7
2021-01-01,Bisoprolol,Concor  ,5mg,580.0,505.0,481.0,604.0,0,11.0,190.2
2021-02-01,Bisoprolol,Concor  ,5mg,604.0,700.0,667.0,637.0,0,10.0,194.5
2021-03-01,Bisoprolol,Concor  ,5mg,637.0,561.0,534.0,664.0,0,12.0,198.1
2021-04-01,Bisoprolol,Concor  ,5mg,664.0,854.0,813.0,705.0,0,9.0,201.3
2021-05-01,Bisoprolol,Concor  ,5mg,705.0,840.0,800.0,745.0,0,13.0,200.5
2021-06-01,Bisoprolol,Concor  ,5mg,745.0,776.0,739.0,782.0,0,11.0,201.8
2021-07-01,Bisoprolol,Concor  ,5mg,782.0,771.0,734.0,819.0,0,10.0,202.4
2021-08-01,Bisoprolol,Concor  ,5mg,819.0,723.0,689.0,853.0,0,14.0,203.1
2021-09-01,Bisoprolol,Concor  ,5mg,853.0,806.0,768.0,891.0,0,8.0,203.5
2021-10-01,Bisoprolol,Concor  ,5mg,891.0,666.0,634.0,923.0,0,12.0,203.2
2021-11-01,Bisoprolol,Concor  ,5mg,923.0,704.0,670.0,957.0,0,10.0,203.8
2021-12-01,Bisoprolol,Concor  ,5mg,957.0,755.0,719.0,993.0,0,11.0,204.5
2022-01-01,Bisoprolol,Concor  ,5mg,993.0,607.0,578.0,1022.0,0,14.0,205.1
2022-02-01,Bisoprolol,Concor  ,5mg,1022.0,613.0,584.0,1051.0,0,9.0,208.4
2022-03-01,Bisoprolol,Concor  ,5mg,1051.0,584.0,556.0,1079.0,0,13.0,290.5
2022-04-01,Bisoprolol,Concor  ,5mg,1079.0,623.0,593.0,1109.0,0,12.0,320.1
2022-05-01,Bisoprolol,Concor  ,5mg,1109.0,580.0,552.0,1137.0,0,10.0,355.4
2022-06-01,Bisoprolol,Concor  ,5mg,1137.0,878.0,836.0,1179.0,0,11.0,360.2
2022-07-01,Bisoprolol,Concor  ,5mg,1179.0,1045.0,995.0,1229.0,0,14.0,362.5
2022-08-01,Bisoprolol,Concor  ,5mg,1229.0,980.0,933.0,1276.0,0,9.0,361.8
2022-09-01,Bisoprolol,Concor  ,5mg,1276.0,605.0,576.0,1305.0,0,12.0,363.2
2022-10-01,Bisoprolol,Concor  ,5mg,1305.0,831.0,791.0,1345.0,0,10.0,365.1
2022-11-01,Bisoprolol,Concor  ,5mg,1345.0,889.0,847.0,1387.0,0,11.0,366.5
2022-12-01,Bisoprolol,Concor  ,5mg,1387.0,655.0,624.0,1418.0,0,8.0,368.2
2023-01-01,Bisoprolol,Concor  ,5mg,1418.0,709.0,675.0,1452.0,0,13.0,365.4
2023-02-01,Bisoprolol,Concor  ,5mg,1452.0,527.0,502.0,1477.0,0,10.0,362.1
2023-03-01,Bisoprolol,Concor  ,5mg,1477.0,769.0,732.0,1514.0,0,11.0,340.5
2023-04-01,Bisoprolol,Concor  ,5mg,1514.0,0.0,628.0,886.0,0,0.0,325.2
2023-05-01,Bisoprolol,Concor  ,5mg,886.0,833.0,793.0,926.0,0,12.0,315.8
2023-06-01,Bisoprolol,Concor  ,5mg,926.0,659.0,628.0,957.0,0,10.0,310.4
2023-07-01,Bisoprolol,Concor  ,5mg,957.0,915.0,871.0,1001.0,0,11.0,312.1
2023-08-01,Bisoprolol,Concor  ,5mg,1001.0,977.0,930.0,1048.0,0,8.0,315.6
2023-09-01,Bisoprolol,Concor  ,5mg,1048.0,727.0,692.0,1083.0,0,13.0,318.9
2023-10-01,Bisoprolol,Concor  ,5mg,1083.0,665.0,633.0,1115.0,0,12.0,320.5
2023-11-01,Bisoprolol,Concor  ,5mg,1115.0,550.0,524.0,1141.0,0,10.0,322.1
2023-12-01,Bisoprolol,Concor  ,5mg,1141.0,714.0,680.0,1175.0,0,11.0,324.5
2024-01-01,Bisoprolol,Concor  ,5mg,1175.0,677.0,645.0,1207.0,0,14.0,323.8
2024-02-01,Bisoprolol,Concor  ,5mg,1207.0,597.0,569.0,1235.0,0,9.0,318.2
2024-03-01,Bisoprolol,Concor  ,5mg,1235.0,837.0,797.0,1275.0,0,13.0,310.5
2024-04-01,Bisoprolol,Concor  ,5mg,1275.0,765.0,729.0,1311.0,0,12.0,305.1
2024-05-01,Bisoprolol,Concor  ,5mg,1311.0,728.0,693.0,1346.0,0,10.0,302.4
2024-06-01,Bisoprolol,Concor  ,5mg,1346.0,812.0,773.0,1385.0,0,11.0,300.8
2024-07-01,Bisoprolol,Concor  ,5mg,1385.0,1049.0,999.0,1435.0,0,14.0,304.5
2024-08-01,Bisoprolol,Concor  ,5mg,1435.0,970.0,924.0,1481.0,0,9.0,302.1
2024-09-01,Bisoprolol,Concor  ,5mg,1481.0,848.0,808.0,1521.0,0,13.0,300.5
2024-10-01,Bisoprolol,Concor  ,5mg,1521.0,916.0,872.0,1565.0,0,12.0,305.8
2024-11-01,Bisoprolol,Concor  ,5mg,1565.0,677.0,645.0,1597.0,0,10.0,310.2
2024-12-01,Bisoprolol,Concor  ,5mg,1597.0,790.0,752.0,1635.0,0,11.0,315.4
2025-01-01,Bisoprolol,Concor  ,5mg,1635.0,800.0,762.0,1673.0,0,14.0,320.1
2025-02-01,Bisoprolol,Concor  ,5mg,1673.0,743.0,708.0,1708.0,0,12.0,322.5
2025-03-01,Bisoprolol,Concor  ,5mg,1708.0,884.0,842.0,1750.0,0,11.0,325.8
2025-04-01,Bisoprolol,Concor  ,5mg,1750.0,771.0,734.0,1787.0,0,10.0,328.1
2025-05-01,Bisoprolol,Concor  ,5mg,1787.0,978.0,931.0,1834.0,0,14.0,330.4
2025-06-01,Bisoprolol,Concor  ,5mg,1834.0,1579.0,1504.0,1909.0,0,15.0,332.1
2025-07-01,Bisoprolol,Concor  ,5mg,1909.0,0.0,2241.0,0.0,1,0.0,335.2
2025-08-01,Bisoprolol,Concor  ,5mg,0.0,648.0,617.0,31.0,0,13.0,338.5
2025-09-01,Bisoprolol,Concor  ,5mg,31.0,802.0,764.0,69.0,0,10.0,340.2
2025-10-01,Bisoprolol,Concor  ,5mg,69.0,360.0,343.0,86.0,0,11.0,342.1
2025-11-01,Bisoprolol,Concor  ,5mg,86.0,109.0,104.0,91.0,0,13.0,345.5
2025-12-01,Bisoprolol,Concor  ,5mg,91.0,864.0,823.0,851.0,0,14.0,348.9
2026-01-01,Bisoprolol,Concor  ,5mg,851.0,532.0,507.0,876.0,0,10.0,310.5
2020-01-01,Bisoprolol,Monocor ,5mg,200.0,152.0,145.0,207.0,0,7.0,181.3
2020-02-01,Bisoprolol,Monocor ,5mg,207.0,142.0,135.0,214.0,0,8.0,181.5
2020-03-01,Bisoprolol,Monocor ,5mg,214.0,193.0,184.0,223.0,0,6.0,185.3
2020-04-01,Bisoprolol,Monocor ,5mg,223.0,126.0,120.0,229.0,0,9.0,192.5
2020-05-01,Bisoprolol,Monocor ,5mg,229.0,189.0,180.0,238.0,0,7.0,188.2
2020-06-01,Bisoprolol,Monocor ,5mg,238.0,144.0,137.0,245.0,0,10.0,186.4
2020-07-01,Bisoprolol,Monocor ,5mg,245.0,120.0,114.0,251.0,0,8.0,185.9
2020-08-01,Bisoprolol,Monocor ,5mg,251.0,129.0,123.0,257.0,0,7.0,184.2
2020-09-01,Bisoprolol,Monocor ,5mg,257.0,131.0,125.0,263.0,0,9.0,184.8
2020-10-01,Bisoprolol,Monocor ,5mg,263.0,127.0,121.0,269.0,0,6.0,184.5
2020-11-01,Bisoprolol,Monocor ,5mg,269.0,164.0,156.0,277.0,0,8.0,185.1
2020-12-01,Bisoprolol,Monocor ,5mg,277.0,140.0,133.0,284.0,0,11.0,186.7
2021-01-01,Bisoprolol,Monocor ,5mg,284.0,124.0,118.0,290.0,0,9.0,190.2
2021-02-01,Bisoprolol,Monocor ,5mg,290.0,163.0,155.0,298.0,0,10.0,194.5
2021-03-01,Bisoprolol,Monocor ,5mg,298.0,129.0,123.0,304.0,0,12.0,198.1
2021-04-01,Bisoprolol,Monocor ,5mg,304.0,146.0,139.0,311.0,0,8.0,201.3
2021-05-01,Bisoprolol,Monocor ,5mg,311.0,138.0,131.0,318.0,0,11.0,200.5
2021-06-01,Bisoprolol,Monocor ,5mg,318.0,134.0,128.0,324.0,0,7.0,201.8
2021-07-01,Bisoprolol,Monocor ,5mg,324.0,204.0,194.0,334.0,0,9.0,202.4
2021-08-01,Bisoprolol,Monocor ,5mg,334.0,153.0,146.0,341.0,0,8.0,203.1
2021-09-01,Bisoprolol,Monocor ,5mg,341.0,163.0,155.0,349.0,0,10.0,203.5
2021-10-01,Bisoprolol,Monocor ,5mg,349.0,126.0,120.0,355.0,0,12.0,203.2
2021-11-01,Bisoprolol,Monocor ,5mg,355.0,155.0,148.0,362.0,0,7.0,203.8
2021-12-01,Bisoprolol,Monocor ,5mg,362.0,184.0,175.0,371.0,0,13.0,204.5
2022-01-01,Bisoprolol,Monocor ,5mg,371.0,156.0,149.0,378.0,0,14.0,205.1
2022-02-01,Bisoprolol,Monocor ,5mg,378.0,210.0,200.0,388.0,0,11.0,208.4
2022-03-01,Bisoprolol,Monocor ,5mg,388.0,150.0,143.0,395.0,0,15.0,290.5
2022-04-01,Bisoprolol,Monocor ,5mg,395.0,167.0,159.0,403.0,0,18.0,320.1
2022-05-01,Bisoprolol,Monocor ,5mg,403.0,154.0,147.0,410.0,0,14.0,355.4
2022-06-01,Bisoprolol,Monocor ,5mg,410.0,167.0,159.0,418.0,0,12.0,360.2
2022-07-01,Bisoprolol,Monocor ,5mg,418.0,146.0,139.0,425.0,0,11.0,362.5
2022-08-01,Bisoprolol,Monocor ,5mg,425.0,155.0,148.0,432.0,0,15.0,361.8
2022-09-01,Bisoprolol,Monocor ,5mg,432.0,161.0,153.0,440.0,0,10.0,363.2
2022-10-01,Bisoprolol,Monocor ,5mg,440.0,156.0,149.0,447.0,0,9.0,365.1
2022-11-01,Bisoprolol,Monocor ,5mg,447.0,196.0,187.0,456.0,0,12.0,366.5
2022-12-01,Bisoprolol,Monocor ,5mg,456.0,196.0,187.0,465.0,0,13.0,368.2
2023-01-01,Bisoprolol,Monocor ,5mg,465.0,191.0,182.0,474.0,0,14.0,365.4
2023-02-01,Bisoprolol,Monocor ,5mg,474.0,183.0,174.0,483.0,0,12.0,362.1
2023-03-01,Bisoprolol,Monocor ,5mg,483.0,215.0,205.0,493.0,0,11.0,340.5
2023-04-01,Bisoprolol,Monocor ,5mg,493.0,179.0,170.0,502.0,0,15.0,325.2
2023-05-01,Bisoprolol,Monocor ,5mg,502.0,171.0,163.0,510.0,0,8.0,315.8
2023-06-01,Bisoprolol,Monocor ,5mg,510.0,176.0,168.0,518.0,0,9.0,310.4
2023-07-01,Bisoprolol,Monocor ,5mg,518.0,221.0,210.0,529.0,0,7.0,312.1
2023-08-01,Bisoprolol,Monocor ,5mg,529.0,141.0,134.0,536.0,0,8.0,315.6
2023-09-01,Bisoprolol,Monocor ,5mg,536.0,200.0,190.0,546.0,0,7.0,318.9
2023-10-01,Bisoprolol,Monocor ,5mg,546.0,140.0,133.0,553.0,0,10.0,320.5
2023-11-01,Bisoprolol,Monocor ,5mg,553.0,201.0,191.0,563.0,0,11.0,322.1
2023-12-01,Bisoprolol,Monocor ,5mg,563.0,255.0,243.0,575.0,0,9.0,324.5
2024-01-01,Bisoprolol,Monocor ,5mg,575.0,222.0,211.0,586.0,0,10.0,323.8
2024-02-01,Bisoprolol,Monocor ,5mg,586.0,212.0,202.0,596.0,0,12.0,318.2
2024-03-01,Bisoprolol,Monocor ,5mg,596.0,187.0,178.0,605.0,0,14.0,310.5
2024-04-01,Bisoprolol,Monocor ,5mg,605.0,198.0,189.0,614.0,0,15.0,305.1
2024-05-01,Bisoprolol,Monocor ,5mg,614.0,183.0,174.0,623.0,0,18.0,302.4
2024-06-01,Bisoprolol,Monocor ,5mg,623.0,164.0,156.0,631.0,0,12.0,300.8
2024-07-01,Bisoprolol,Monocor ,5mg,631.0,174.0,166.0,639.0,0,10.0,304.5
2024-08-01,Bisoprolol,Monocor ,5mg,639.0,189.0,180.0,648.0,0,9.0,302.1
2024-09-01,Bisoprolol,Monocor ,5mg,648.0,168.0,160.0,656.0,0,11.0,300.5
2024-10-01,Bisoprolol,Monocor ,5mg,656.0,175.0,167.0,664.0,0,10.0,305.8
2024-11-01,Bisoprolol,Monocor ,5mg,664.0,168.0,160.0,672.0,0,9.0,310.2
2024-12-01,Bisoprolol,Monocor ,5mg,672.0,0.0,217.0,455.0,0,0.0,315.4
2025-01-01,Bisoprolol,Monocor ,5mg,455.0,238.0,227.0,466.0,0,12.0,320.1
2025-02-01,Bisoprolol,Monocor ,5mg,466.0,228.0,217.0,477.0,0,14.0,322.5
2025-03-01,Bisoprolol,Monocor ,5mg,477.0,250.0,238.0,489.0,0,12.0,325.8
2025-04-01,Bisoprolol,Monocor ,5mg,489.0,212.0,202.0,499.0,0,11.0,328.1
2025-05-01,Bisoprolol,Monocor ,5mg,499.0,214.0,204.0,509.0,0,10.0,330.4
2025-06-01,Bisoprolol,Monocor ,5mg,509.0,231.0,220.0,520.0,0,14.0,332.1
2025-07-01,Bisoprolol,Monocor ,5mg,520.0,113.0,108.0,525.0,0,7.0,335.2
2025-08-01,Bisoprolol,Monocor ,5mg,525.0,122.0,116.0,531.0,0,8.0,338.5
2025-09-01,Bisoprolol,Monocor ,5mg,531.0,257.0,245.0,543.0,0,11.0,340.2
2025-10-01,Bisoprolol,Monocor ,5mg,543.0,181.0,172.0,552.0,0,10.0,342.1
2025-11-01,Bisoprolol,Monocor ,5mg,552.0,448.0,427.0,573.0,0,13.0,345.5
2025-12-01,Bisoprolol,Monocor ,5mg,573.0,69.0,66.0,576.0,0,14.0,348.9
2026-01-01,Bisoprolol,Monocor ,5mg,576.0,339.0,323.0,592.0,0,10.0,310.5
2020-01-01,Enalapril,Envas ,10mg,500.0,573.0,546.0,527.0,0,7.0,181.3
2020-02-01,Enalapril,Envas ,10mg,527.0,520.0,495.0,552.0,0,8.0,181.5
2020-03-01,Enalapril,Envas ,10mg,552.0,614.0,585.0,581.0,0,6.0,185.3
2020-04-01,Enalapril,Envas ,10mg,581.0,587.0,559.0,609.0,0,9.0,192.5
2020-05-01,Enalapril,Envas ,10mg,609.0,531.0,506.0,634.0,0,7.0,188.2
2020-06-01,Enalapril,Envas ,10mg,634.0,463.0,441.0,656.0,0,10.0,186.4
2020-07-01,Enalapril,Envas ,10mg,656.0,533.0,508.0,681.0,0,8.0,185.9
2020-08-01,Enalapril,Envas ,10mg,681.0,532.0,507.0,706.0,0,7.0,184.2
2020-09-01,Enalapril,Envas ,10mg,706.0,460.0,438.0,728.0,0,9.0,184.8
2020-10-01,Enalapril,Envas ,10mg,728.0,475.0,452.0,751.0,0,6.0,184.5
2020-11-01,Enalapril,Envas ,10mg,751.0,676.0,644.0,783.0,0,8.0,185.1
2020-12-01,Enalapril,Envas ,10mg,783.0,436.0,415.0,804.0,0,11.0,186.7
2021-01-01,Enalapril,Envas ,10mg,804.0,676.0,644.0,836.0,0,9.0,190.2
2021-02-01,Enalapril,Envas ,10mg,836.0,608.0,579.0,865.0,0,10.0,194.5
2021-03-01,Enalapril,Envas ,10mg,865.0,779.0,742.0,902.0,0,12.0,198.1
2021-04-01,Enalapril,Envas ,10mg,902.0,578.0,550.0,930.0,0,8.0,201.3
2021-05-01,Enalapril,Envas ,10mg,930.0,667.0,635.0,962.0,0,11.0,200.5
2021-06-01,Enalapril,Envas ,10mg,962.0,560.0,533.0,989.0,0,7.0,201.8
2021-07-01,Enalapril,Envas ,10mg,989.0,606.0,577.0,1018.0,0,9.0,202.4
2021-08-01,Enalapril,Envas ,10mg,1018.0,684.0,651.0,1051.0,0,8.0,203.1
2021-09-01,Enalapril,Envas ,10mg,1051.0,597.0,569.0,1079.0,0,10.0,203.5
2021-10-01,Enalapril,Envas ,10mg,1079.0,783.0,746.0,1116.0,0,12.0,203.2
2021-11-01,Enalapril,Envas ,10mg,1116.0,610.0,581.0,1145.0,0,7.0,203.8
2021-12-01,Enalapril,Envas ,10mg,1145.0,767.0,730.0,1182.0,0,13.0,204.5
2022-01-01,Enalapril,Envas ,10mg,1182.0,857.0,816.0,1223.0,0,14.0,205.1
2022-02-01,Enalapril,Envas ,10mg,1223.0,821.0,782.0,1262.0,0,11.0,208.4
2022-03-01,Enalapril,Envas ,10mg,1262.0,972.0,926.0,1308.0,0,15.0,290.5
2022-04-01,Enalapril,Envas ,10mg,1308.0,632.0,602.0,1338.0,0,18.0,320.1
2022-05-01,Enalapril,Envas ,10mg,1338.0,560.0,533.0,1365.0,0,14.0,355.4
2022-06-01,Enalapril,Envas ,10mg,1365.0,583.0,555.0,1393.0,0,12.0,360.2
2022-07-01,Enalapril,Envas ,10mg,1393.0,750.0,714.0,1429.0,0,11.0,362.5
2022-08-01,Enalapril,Envas ,10mg,1429.0,751.0,715.0,1465.0,0,15.0,361.8
2022-09-01,Enalapril,Envas ,10mg,1465.0,740.0,705.0,1500.0,0,10.0,363.2
2022-10-01,Enalapril,Envas ,10mg,1500.0,649.0,618.0,1531.0,0,9.0,365.1
2022-11-01,Enalapril,Envas ,10mg,1531.0,904.0,861.0,1574.0,0,12.0,366.5
2022-12-01,Enalapril,Envas ,10mg,1574.0,695.0,662.0,1607.0,0,13.0,368.2
2023-01-01,Enalapril,Envas ,10mg,1607.0,1011.0,963.0,1655.0,0,14.0,365.4
2023-02-01,Enalapril,Envas ,10mg,1655.0,1301.0,1239.0,1717.0,0,12.0,362.1
2023-03-01,Enalapril,Envas ,10mg,1717.0,878.0,836.0,1759.0,0,11.0,340.5
2023-04-01,Enalapril,Envas ,10mg,1759.0,880.0,838.0,1801.0,0,15.0,325.2
2023-05-01,Enalapril,Envas ,10mg,1801.0,0.0,693.0,1108.0,0,0.0,315.8
2023-06-01,Enalapril,Envas ,10mg,1108.0,587.0,559.0,1136.0,0,9.0,310.4
2023-07-01,Enalapril,Envas ,10mg,1136.0,707.0,673.0,1170.0,0,7.0,312.1
2023-08-01,Enalapril,Envas ,10mg,1170.0,674.0,642.0,1202.0,0,8.0,315.6
2023-09-01,Enalapril,Envas ,10mg,1202.0,668.0,636.0,1234.0,0,7.0,318.9
2023-10-01,Enalapril,Envas ,10mg,1234.0,1132.0,1078.0,1288.0,0,10.0,320.5
2023-11-01,Enalapril,Envas ,10mg,1288.0,957.0,911.0,1334.0,0,11.0,322.1
2023-12-01,Enalapril,Envas ,10mg,1334.0,1007.0,959.0,1382.0,0,9.0,324.5
2024-01-01,Enalapril,Envas ,10mg,1382.0,924.0,880.0,1426.0,0,10.0,323.8
2024-02-01,Enalapril,Envas ,10mg,1426.0,940.0,895.0,1471.0,0,12.0,318.2
2024-03-01,Enalapril,Envas ,10mg,1471.0,1093.0,1041.0,1523.0,0,14.0,310.5
2024-04-01,Enalapril,Envas ,10mg,1523.0,915.0,871.0,1567.0,0,15.0,305.1
2024-05-01,Enalapril,Envas ,10mg,1567.0,966.0,920.0,1613.0,0,18.0,302.4
2024-06-01,Enalapril,Envas ,10mg,1613.0,852.0,811.0,1654.0,0,12.0,300.8
2024-07-01,Enalapril,Envas ,10mg,1654.0,837.0,797.0,1694.0,0,10.0,304.5
2024-08-01,Enalapril,Envas ,10mg,1694.0,732.0,697.0,1729.0,0,9.0,302.1
2024-09-01,Enalapril,Envas ,10mg,1729.0,702.0,669.0,1762.0,0,11.0,300.5
2024-10-01,Enalapril,Envas ,10mg,1762.0,958.0,912.0,1808.0,0,10.0,305.8
2024-11-01,Enalapril,Envas ,10mg,1808.0,1054.0,1004.0,1858.0,0,9.0,310.2
2024-12-01,Enalapril,Envas ,10mg,1858.0,894.0,851.0,1901.0,0,11.0,315.4
2025-01-01,Enalapril,Envas ,10mg,1901.0,1096.0,1044.0,1953.0,0,12.0,320.1
2025-02-01,Enalapril,Envas ,10mg,1953.0,1108.0,1055.0,2006.0,0,14.0,322.5
2025-03-01,Enalapril,Envas ,10mg,2006.0,780.0,743.0,2043.0,0,12.0,325.8
2025-04-01,Enalapril,Envas ,10mg,2043.0,911.0,868.0,2086.0,0,11.0,328.1
2025-05-01,Enalapril,Envas ,10mg,2086.0,1080.0,1029.0,2137.0,0,10.0,330.4
2025-06-01,Enalapril,Envas ,10mg,2137.0,813.0,774.0,2176.0,0,14.0,332.1
2025-07-01,Enalapril,Envas ,10mg,2176.0,679.0,647.0,2208.0,0,15.0,335.2
2025-08-01,Enalapril,Envas ,10mg,2208.0,0.0,1026.0,1182.0,0,0.0,338.5
2025-09-01,Enalapril,Envas ,10mg,1182.0,429.0,409.0,1202.0,0,10.0,340.2
2025-10-01,Enalapril,Envas ,10mg,1202.0,939.0,894.0,1247.0,0,11.0,342.1
2025-11-01,Enalapril,Envas ,10mg,1247.0,1085.0,1033.0,1299.0,0,13.0,345.5
2025-12-01,Enalapril,Envas ,10mg,1299.0,1251.0,1191.0,1359.0,0,14.0,348.9
2026-01-01,Enalapril,Envas ,10mg,1359.0,1232.0,1173.0,1418.0,0,10.0,310.5
2020-01-01,Enalapril,Enam ,10mg,200.0,204.0,194.0,210.0,0,7.0,181.3
2020-02-01,Enalapril,Enam ,10mg,210.0,158.0,150.0,218.0,0,8.0,181.5
2020-03-01,Enalapril,Enam ,10mg,218.0,189.0,180.0,227.0,0,6.0,185.3
2020-04-01,Enalapril,Enam ,10mg,227.0,239.0,228.0,238.0,0,9.0,192.5
2020-05-01,Enalapril,Enam ,10mg,238.0,203.0,193.0,248.0,0,7.0,188.2
2020-06-01,Enalapril,Enam ,10mg,248.0,190.0,181.0,257.0,0,10.0,186.4
2020-07-01,Enalapril,Enam ,10mg,257.0,245.0,233.0,269.0,0,8.0,185.9
2020-08-01,Enalapril,Enam ,10mg,269.0,163.0,155.0,277.0,0,7.0,184.2
2020-09-01,Enalapril,Enam ,10mg,277.0,164.0,156.0,285.0,0,9.0,184.8
2020-10-01,Enalapril,Enam ,10mg,285.0,188.0,179.0,294.0,0,6.0,184.5
2020-11-01,Enalapril,Enam ,10mg,294.0,195.0,186.0,303.0,0,8.0,185.1
2020-12-01,Enalapril,Enam ,10mg,303.0,205.0,195.0,313.0,0,11.0,186.7
2021-01-01,Enalapril,Enam ,10mg,313.0,227.0,216.0,324.0,0,9.0,190.2
2021-02-01,Enalapril,Enam ,10mg,324.0,212.0,202.0,334.0,0,10.0,194.5
2021-03-01,Enalapril,Enam ,10mg,334.0,229.0,218.0,345.0,0,12.0,198.1
2021-04-01,Enalapril,Enam ,10mg,345.0,207.0,197.0,355.0,0,8.0,201.3
2021-05-01,Enalapril,Enam ,10mg,355.0,215.0,205.0,365.0,0,11.0,200.5
2021-06-01,Enalapril,Enam ,10mg,365.0,211.0,201.0,375.0,0,7.0,201.8
2021-07-01,Enalapril,Enam ,10mg,375.0,207.0,197.0,385.0,0,9.0,202.4
2021-08-01,Enalapril,Enam ,10mg,385.0,216.0,206.0,395.0,0,8.0,203.1
2021-09-01,Enalapril,Enam ,10mg,395.0,203.0,193.0,405.0,0,10.0,203.5
2021-10-01,Enalapril,Enam ,10mg,405.0,185.0,176.0,414.0,0,12.0,203.2
2021-11-01,Enalapril,Enam ,10mg,414.0,165.0,157.0,422.0,0,7.0,203.8
2021-12-01,Enalapril,Enam ,10mg,422.0,194.0,185.0,431.0,0,13.0,204.5
2022-01-01,Enalapril,Enam ,10mg,431.0,200.0,190.0,441.0,0,14.0,205.1
2022-02-01,Enalapril,Enam ,10mg,441.0,214.0,204.0,451.0,0,11.0,208.4
2022-03-01,Enalapril,Enam ,10mg,451.0,298.0,284.0,465.0,0,15.0,290.5
2022-04-01,Enalapril,Enam ,10mg,465.0,201.0,191.0,475.0,0,18.0,320.1
2022-05-01,Enalapril,Enam ,10mg,475.0,230.0,219.0,486.0,0,14.0,355.4
2022-06-01,Enalapril,Enam ,10mg,486.0,247.0,235.0,498.0,0,12.0,360.2
2022-07-01,Enalapril,Enam ,10mg,498.0,205.0,195.0,508.0,0,11.0,362.5
2022-08-01,Enalapril,Enam ,10mg,508.0,276.0,263.0,521.0,0,15.0,361.8
2022-09-01,Enalapril,Enam ,10mg,521.0,177.0,169.0,529.0,0,10.0,363.2
2022-10-01,Enalapril,Enam ,10mg,529.0,195.0,186.0,538.0,0,9.0,365.1
2022-11-01,Enalapril,Enam ,10mg,538.0,167.0,159.0,546.0,0,12.0,366.5
2022-12-01,Enalapril,Enam ,10mg,546.0,184.0,175.0,555.0,0,13.0,368.2
2023-01-01,Enalapril,Enam ,10mg,555.0,210.0,200.0,565.0,0,14.0,365.4
2023-02-01,Enalapril,Enam ,10mg,565.0,238.0,227.0,576.0,0,12.0,362.1
2023-03-01,Enalapril,Enam ,10mg,576.0,227.0,216.0,587.0,0,11.0,340.5
2023-04-01,Enalapril,Enam ,10mg,587.0,0.0,252.0,335.0,0,0.0,325.2
2023-05-01,Enalapril,Enam ,10mg,335.0,214.0,204.0,345.0,0,9.0,315.8
2023-06-01,Enalapril,Enam ,10mg,345.0,202.0,192.0,355.0,0,7.0,310.4
2023-07-01,Enalapril,Enam ,10mg,355.0,307.0,292.0,370.0,0,8.0,312.1
2023-08-01,Enalapril,Enam ,10mg,370.0,208.0,198.0,380.0,0,7.0,315.6
2023-09-01,Enalapril,Enam ,10mg,380.0,171.0,163.0,388.0,0,10.0,318.9
2023-10-01,Enalapril,Enam ,10mg,388.0,169.0,161.0,396.0,0,11.0,320.5
2023-11-01,Enalapril,Enam ,10mg,396.0,165.0,157.0,404.0,0,9.0,322.1
2023-12-01,Enalapril,Enam ,10mg,404.0,226.0,215.0,415.0,0,10.0,324.5
2024-01-01,Enalapril,Enam ,10mg,415.0,193.0,184.0,424.0,0,12.0,323.8
2024-02-01,Enalapril,Enam ,10mg,424.0,216.0,206.0,434.0,0,14.0,318.2
2024-03-01,Enalapril,Enam ,10mg,434.0,216.0,206.0,444.0,0,15.0,310.5
2024-04-01,Enalapril,Enam ,10mg,444.0,247.0,235.0,456.0,0,18.0,305.1
2024-05-01,Enalapril,Enam ,10mg,456.0,193.0,184.0,465.0,0,12.0,302.4
2024-06-01,Enalapril,Enam ,10mg,465.0,183.0,174.0,474.0,0,10.0,300.8
2024-07-01,Enalapril,Enam ,10mg,474.0,213.0,203.0,484.0,0,9.0,304.5
2024-08-01,Enalapril,Enam ,10mg,484.0,216.0,206.0,494.0,0,11.0,302.1
2024-09-01,Enalapril,Enam ,10mg,494.0,202.0,192.0,504.0,0,10.0,300.5
2024-10-01,Enalapril,Enam ,10mg,504.0,168.0,160.0,512.0,0,9.0,305.8
2024-11-01,Enalapril,Enam ,10mg,512.0,212.0,202.0,522.0,0,11.0,310.2
2024-12-01,Enalapril,Enam ,10mg,522.0,176.0,168.0,530.0,0,12.0,315.4
2025-01-01,Enalapril,Enam ,10mg,530.0,191.0,182.0,539.0,0,14.0,320.1
2025-02-01,Enalapril,Enam ,10mg,539.0,186.0,177.0,548.0,0,12.0,322.5
2025-03-01,Enalapril,Enam ,10mg,548.0,269.0,256.0,561.0,0,11.0,325.8
2025-04-01,Enalapril,Enam ,10mg,561.0,246.0,234.0,573.0,0,10.0,328.1
2025-05-01,Enalapril,Enam ,10mg,573.0,244.0,232.0,585.0,0,14.0,330.4
2025-06-01,Enalapril,Enam ,10mg,585.0,0.0,518.0,67.0,0,0.0,332.1
2025-07-01,Enalapril,Enam ,10mg,67.0,140.0,133.0,74.0,0,14.0,335.2
2025-08-01,Enalapril,Enam ,10mg,74.0,83.0,79.0,78.0,0,15.0,338.5
2025-09-01,Enalapril,Enam ,10mg,78.0,66.0,63.0,81.0,0,12.0,340.2
2025-10-01,Enalapril,Enam ,10mg,81.0,218.0,208.0,91.0,0,10.0,342.1
2025-11-01,Enalapril,Enam ,10mg,91.0,310.0,295.0,106.0,0,11.0,345.5
2025-12-01,Enalapril,Enam ,10mg,106.0,162.0,154.0,114.0,0,13.0,348.9
2026-01-01,Enalapril,Enam ,10mg,114.0,274.0,261.0,127.0,0,14.0,310.5
2020-01-01,Enalapril,Innovace ,10mg,100.0,85.0,81.0,104.0,0,11.0,181.3
2020-02-01,Enalapril,Innovace ,10mg,104.0,84.0,80.0,108.0,0,9.0,181.5
2020-03-01,Enalapril,Innovace ,10mg,108.0,127.0,121.0,114.0,0,12.0,185.3
2020-04-01,Enalapril,Innovace ,10mg,114.0,106.0,101.0,119.0,0,10.0,192.5
2020-05-01,Enalapril,Innovace ,10mg,119.0,111.0,106.0,124.0,0,8.0,188.2
2020-06-01,Enalapril,Innovace ,10mg,124.0,87.0,83.0,128.0,0,13.0,186.4
2020-07-01,Enalapril,Innovace ,10mg,128.0,85.0,81.0,132.0,0,7.0,185.9
2020-08-01,Enalapril,Innovace ,10mg,132.0,96.0,91.0,137.0,0,10.0,184.2
2020-09-01,Enalapril,Innovace ,10mg,137.0,95.0,90.0,142.0,0,9.0,184.8
2020-10-01,Enalapril,Innovace ,10mg,142.0,67.0,64.0,145.0,0,12.0,184.5
2020-11-01,Enalapril,Innovace ,10mg,145.0,85.0,81.0,149.0,0,8.0,185.1
2020-12-01,Enalapril,Innovace ,10mg,149.0,87.0,83.0,153.0,0,14.0,186.7
2021-01-01,Enalapril,Innovace ,10mg,153.0,87.0,83.0,157.0,0,11.0,190.2
2021-02-01,Enalapril,Innovace ,10mg,157.0,83.0,79.0,161.0,0,10.0,194.5
2021-03-01,Enalapril,Innovace ,10mg,161.0,90.0,86.0,165.0,0,12.0,198.1
2021-04-01,Enalapril,Innovace ,10mg,165.0,99.0,94.0,170.0,0,9.0,201.3
2021-05-01,Enalapril,Innovace ,10mg,170.0,105.0,100.0,175.0,0,13.0,200.5
2021-06-01,Enalapril,Innovace ,10mg,175.0,113.0,108.0,180.0,0,11.0,201.8
2021-07-01,Enalapril,Innovace ,10mg,180.0,121.0,115.0,186.0,0,10.0,202.4
2021-08-01,Enalapril,Innovace ,10mg,186.0,95.0,90.0,191.0,0,14.0,203.1
2021-09-01,Enalapril,Innovace ,10mg,191.0,89.0,85.0,195.0,0,8.0,203.5
2021-10-01,Enalapril,Innovace ,10mg,195.0,99.0,94.0,200.0,0,12.0,203.2
2021-11-01,Enalapril,Innovace ,10mg,200.0,100.0,95.0,205.0,0,10.0,203.8
2021-12-01,Enalapril,Innovace ,10mg,205.0,85.0,81.0,209.0,0,11.0,204.5
2022-01-01,Enalapril,Innovace ,10mg,209.0,105.0,100.0,214.0,0,14.0,205.1
2022-02-01,Enalapril,Innovace ,10mg,214.0,112.0,107.0,219.0,0,9.0,208.4
2022-03-01,Enalapril,Innovace ,10mg,219.0,123.0,117.0,225.0,0,13.0,290.5
2022-04-01,Enalapril,Innovace ,10mg,225.0,138.0,131.0,232.0,0,12.0,320.1
2022-05-01,Enalapril,Innovace ,10mg,232.0,95.0,90.0,237.0,0,10.0,355.4
2022-06-01,Enalapril,Innovace ,10mg,237.0,108.0,103.0,242.0,0,11.0,360.2
2022-07-01,Enalapril,Innovace ,10mg,242.0,107.0,102.0,247.0,0,14.0,362.5
2022-08-01,Enalapril,Innovace ,10mg,247.0,102.0,97.0,252.0,0,9.0,361.8
2022-09-01,Enalapril,Innovace ,10mg,252.0,90.0,86.0,256.0,0,12.0,363.2
2022-10-01,Enalapril,Innovace ,10mg,256.0,77.0,73.0,260.0,0,10.0,365.1
2022-11-01,Enalapril,Innovace ,10mg,260.0,96.0,91.0,265.0,0,11.0,366.5
2022-12-01,Enalapril,Innovace ,10mg,265.0,84.0,80.0,269.0,0,8.0,368.2
2023-01-01,Enalapril,Innovace ,10mg,269.0,99.0,94.0,274.0,0,13.0,365.4
2023-02-01,Enalapril,Innovace ,10mg,274.0,89.0,85.0,278.0,0,10.0,362.1
2023-03-01,Enalapril,Innovace ,10mg,278.0,89.0,85.0,282.0,0,11.0,340.5
2023-04-01,Enalapril,Innovace ,10mg,282.0,113.0,108.0,287.0,0,14.0,325.2
2023-05-01,Enalapril,Innovace ,10mg,287.0,0.0,109.0,178.0,0,0.0,315.8
2023-06-01,Enalapril,Innovace ,10mg,178.0,123.0,117.0,184.0,0,12.0,310.4
2023-07-01,Enalapril,Innovace ,10mg,184.0,153.0,146.0,191.0,0,10.0,312.1
2023-08-01,Enalapril,Innovace ,10mg,191.0,111.0,106.0,196.0,0,11.0,315.6
2023-09-01,Enalapril,Innovace ,10mg,196.0,111.0,106.0,201.0,0,8.0,318.9
2023-10-01,Enalapril,Innovace ,10mg,201.0,85.0,81.0,205.0,0,13.0,320.5
2023-11-01,Enalapril,Innovace ,10mg,205.0,81.0,77.0,209.0,0,12.0,322.1
2023-12-01,Enalapril,Innovace ,10mg,209.0,125.0,119.0,215.0,0,10.0,324.5
2024-01-01,Enalapril,Innovace ,10mg,215.0,88.0,84.0,219.0,0,11.0,323.8
2024-02-01,Enalapril,Innovace ,10mg,219.0,90.0,86.0,223.0,0,14.0,318.2
2024-03-01,Enalapril,Innovace ,10mg,223.0,109.0,104.0,228.0,0,9.0,310.5
2024-04-01,Enalapril,Innovace ,10mg,228.0,112.0,107.0,233.0,0,13.0,305.1
2024-05-01,Enalapril,Innovace ,10mg,233.0,102.0,97.0,238.0,0,12.0,302.4
2024-06-01,Enalapril,Innovace ,10mg,238.0,111.0,106.0,243.0,0,10.0,300.8
2024-07-01,Enalapril,Innovace ,10mg,243.0,139.0,132.0,250.0,0,11.0,304.5
2024-08-01,Enalapril,Innovace ,10mg,250.0,99.0,94.0,255.0,0,14.0,302.1
2024-09-01,Enalapril,Innovace ,10mg,255.0,87.0,83.0,259.0,0,9.0,300.5
2024-10-01,Enalapril,Innovace ,10mg,259.0,120.0,114.0,265.0,0,13.0,305.8
2024-11-01,Enalapril,Innovace ,10mg,265.0,109.0,104.0,270.0,0,12.0,310.2
2024-12-01,Enalapril,Innovace ,10mg,270.0,93.0,89.0,274.0,0,10.0,315.4
2025-01-01,Enalapril,Innovace ,10mg,274.0,83.0,79.0,278.0,0,11.0,320.1
2025-02-01,Enalapril,Innovace ,10mg,278.0,98.0,93.0,283.0,0,14.0,322.5
2025-03-01,Enalapril,Innovace ,10mg,283.0,113.0,108.0,288.0,0,12.0,325.8
2025-04-01,Enalapril,Innovace ,10mg,288.0,142.0,135.0,295.0,0,11.0,328.1
2025-05-01,Enalapril,Innovace ,10mg,295.0,104.0,99.0,300.0,0,10.0,330.4
2025-06-01,Enalapril,Innovace ,10mg,300.0,124.0,118.0,306.0,0,14.0,332.1
2025-07-01,Enalapril,Innovace ,10mg,306.0,0.0,90.0,216.0,1,0.0,335.2
2025-08-01,Enalapril,Innovace ,10mg,216.0,42.0,40.0,218.0,0,6.0,338.5
2025-09-01,Enalapril,Innovace ,10mg,218.0,141.0,134.0,225.0,0,13.0,340.2
2025-10-01,Enalapril,Innovace ,10mg,225.0,168.0,160.0,233.0,0,10.0,342.1
2025-11-01,Enalapril,Innovace ,10mg,233.0,54.0,51.0,235.0,0,11.0,345.5
2025-12-01,Enalapril,Innovace ,10mg,235.0,92.0,88.0,240.0,0,14.0,348.9
2026-01-01,Enalapril,Innovace ,10mg,240.0,198.0,189.0,249.0,0,10.0,310.5
2020-01-01,Thyroxine,TH (Levothyroxime),100mg,1000.0,7511.0,7153.0,1358.0,0,7.0,181.3
2020-02-01,Thyroxine,TH (Levothyroxime),100mg,1358.0,6263.0,5965.0,1656.0,0,8.0,181.5
2020-03-01,Thyroxine,TH (Levothyroxime),100mg,1656.0,8462.0,8059.0,2059.0,0,6.0,185.3
2020-04-01,Thyroxine,TH (Levothyroxime),100mg,2059.0,9096.0,8663.0,2492.0,0,9.0,192.5
2020-05-01,Thyroxine,TH (Levothyroxime),100mg,2492.0,8195.0,7805.0,2882.0,0,7.0,188.2
2020-06-01,Thyroxine,TH (Levothyroxime),100mg,2882.0,5042.0,4802.0,3122.0,0,10.0,186.4
2020-07-01,Thyroxine,TH (Levothyroxime),100mg,3122.0,6430.0,6124.0,3428.0,0,8.0,185.9
2020-08-01,Thyroxine,TH (Levothyroxime),100mg,3428.0,9972.0,9497.0,3903.0,0,7.0,184.2
2020-09-01,Thyroxine,TH (Levothyroxime),100mg,3903.0,6671.0,6353.0,4221.0,0,9.0,184.8
2020-10-01,Thyroxine,TH (Levothyroxime),100mg,4221.0,5233.0,4984.0,4470.0,0,6.0,184.5
2020-11-01,Thyroxine,TH (Levothyroxime),100mg,4470.0,8420.0,8019.0,4871.0,0,8.0,185.1
2020-12-01,Thyroxine,TH (Levothyroxime),100mg,4871.0,7122.0,6783.0,5210.0,0,11.0,186.7
2021-01-01,Thyroxine,TH (Levothyroxime),100mg,5210.0,8687.0,8273.0,5624.0,0,9.0,190.2
2021-02-01,Thyroxine,TH (Levothyroxime),100mg,5624.0,8021.0,7639.0,6006.0,0,10.0,194.5
2021-03-01,Thyroxine,TH (Levothyroxime),100mg,6006.0,8601.0,8191.0,6416.0,0,12.0,198.1
2021-04-01,Thyroxine,TH (Levothyroxime),100mg,6416.0,8743.0,8327.0,6832.0,0,8.0,201.3
2021-05-01,Thyroxine,TH (Levothyroxime),100mg,6832.0,9314.0,8870.0,7276.0,0,11.0,200.5
2021-06-01,Thyroxine,TH (Levothyroxime),100mg,7276.0,11720.0,11162.0,7834.0,0,7.0,201.8
2021-07-01,Thyroxine,TH (Levothyroxime),100mg,7834.0,9400.0,8952.0,8282.0,0,9.0,202.4
2021-08-01,Thyroxine,TH (Levothyroxime),100mg,8282.0,6185.0,5890.0,8577.0,0,8.0,203.1
2021-09-01,Thyroxine,TH (Levothyroxime),100mg,8577.0,8077.0,7692.0,8962.0,0,10.0,203.5
2021-10-01,Thyroxine,TH (Levothyroxime),100mg,8962.0,8724.0,8309.0,9377.0,0,12.0,203.2
2021-11-01,Thyroxine,TH (Levothyroxime),100mg,9377.0,8741.0,8325.0,9793.0,0,7.0,203.8
2021-12-01,Thyroxine,TH (Levothyroxime),100mg,9793.0,6954.0,6623.0,10124.0,0,13.0,204.5
2022-01-01,Thyroxine,TH (Levothyroxime),100mg,10124.0,9144.0,8709.0,10559.0,0,14.0,205.1
2022-02-01,Thyroxine,TH (Levothyroxime),100mg,10559.0,9225.0,8786.0,10998.0,0,11.0,208.4
2022-03-01,Thyroxine,TH (Levothyroxime),100mg,10998.0,12320.0,11733.0,11585.0,0,15.0,290.5
2022-04-01,Thyroxine,TH (Levothyroxime),100mg,11585.0,7719.0,7351.0,11953.0,0,18.0,320.1
2022-05-01,Thyroxine,TH (Levothyroxime),100mg,11953.0,8109.0,7723.0,12339.0,0,14.0,355.4
2022-06-01,Thyroxine,TH (Levothyroxime),100mg,12339.0,8298.0,7903.0,12734.0,0,12.0,360.2
2022-07-01,Thyroxine,TH (Levothyroxime),100mg,12734.0,7875.0,7500.0,13109.0,0,11.0,362.5
2022-08-01,Thyroxine,TH (Levothyroxime),100mg,13109.0,7156.0,6815.0,13450.0,0,15.0,361.8
2022-09-01,Thyroxine,TH (Levothyroxime),100mg,13450.0,5206.0,4958.0,13698.0,0,10.0,363.2
2022-10-01,Thyroxine,TH (Levothyroxime),100mg,13698.0,7185.0,6843.0,14040.0,0,9.0,365.1
2022-11-01,Thyroxine,TH (Levothyroxime),100mg,14040.0,8047.0,7664.0,14423.0,0,12.0,366.5
2022-12-01,Thyroxine,TH (Levothyroxime),100mg,14423.0,7183.0,6841.0,14765.0,0,13.0,368.2
2023-01-01,Thyroxine,TH (Levothyroxime),100mg,14765.0,10707.0,10197.0,15275.0,0,14.0,365.4
2023-02-01,Thyroxine,TH (Levothyroxime),100mg,15275.0,8391.0,7991.0,15675.0,0,12.0,362.1
2023-03-01,Thyroxine,TH (Levothyroxime),100mg,15675.0,10604.0,10099.0,16180.0,0,11.0,340.5
2023-04-01,Thyroxine,TH (Levothyroxime),100mg,16180.0,9371.0,8925.0,16626.0,0,15.0,325.2
2023-05-01,Thyroxine,TH (Levothyroxime),100mg,16626.0,0.0,9840.0,6786.0,0,0.0,315.8
2023-06-01,Thyroxine,TH (Levothyroxime),100mg,6786.0,9451.0,9001.0,7236.0,0,9.0,310.4
2023-07-01,Thyroxine,TH (Levothyroxime),100mg,7236.0,10857.0,10340.0,7753.0,0,7.0,312.1
2023-08-01,Thyroxine,TH (Levothyroxime),100mg,7753.0,8603.0,8193.0,8192.0,0,8.0,315.6
2023-09-01,Thyroxine,TH (Levothyroxime),100mg,8192.0,8854.0,8432.0,8614.0,0,7.0,318.9
2023-10-01,Thyroxine,TH (Levothyroxime),100mg,8614.0,8453.0,8050.0,9017.0,0,10.0,320.5
2023-11-01,Thyroxine,TH (Levothyroxime),100mg,9017.0,7605.0,7243.0,9379.0,0,11.0,322.1
2023-12-01,Thyroxine,TH (Levothyroxime),100mg,9379.0,8573.0,8165.0,9787.0,0,9.0,324.5
2024-01-01,Thyroxine,TH (Levothyroxime),100mg,9787.0,11682.0,11126.0,10343.0,0,10.0,323.8
2024-02-01,Thyroxine,TH (Levothyroxime),100mg,10343.0,8387.0,7988.0,10742.0,0,12.0,318.2
2024-03-01,Thyroxine,TH (Levothyroxime),100mg,10742.0,9706.0,9244.0,11204.0,0,14.0,310.5
2024-04-01,Thyroxine,TH (Levothyroxime),100mg,11204.0,11352.0,10811.0,11745.0,0,15.0,305.1
2024-05-01,Thyroxine,TH (Levothyroxime),100mg,11745.0,11298.0,10760.0,12283.0,0,18.0,302.4
2024-06-01,Thyroxine,TH (Levothyroxime),100mg,12283.0,9471.0,9020.0,12734.0,0,12.0,300.8
2024-07-01,Thyroxine,TH (Levothyroxime),100mg,12734.0,6451.0,6144.0,13041.0,0,10.0,304.5
2024-08-01,Thyroxine,TH (Levothyroxime),100mg,13041.0,9616.0,9158.0,13499.0,0,9.0,302.1
2024-09-01,Thyroxine,TH (Levothyroxime),100mg,13499.0,6146.0,5853.0,13792.0,0,11.0,300.5
2024-10-01,Thyroxine,TH (Levothyroxime),100mg,13792.0,10404.0,9909.0,14287.0,0,10.0,305.8
2024-11-01,Thyroxine,TH (Levothyroxime),100mg,14287.0,8498.0,8093.0,14692.0,0,9.0,310.2
2024-12-01,Thyroxine,TH (Levothyroxime),100mg,14692.0,9778.0,9312.0,15158.0,0,11.0,315.4
2025-01-01,Thyroxine,TH (Levothyroxime),100mg,15158.0,7613.0,7250.0,15521.0,0,12.0,320.1
2025-02-01,Thyroxine,TH (Levothyroxime),100mg,15521.0,7219.0,6875.0,15865.0,0,14.0,322.5
2025-03-01,Thyroxine,TH (Levothyroxime),100mg,15865.0,9887.0,9416.0,16336.0,0,12.0,325.8
2025-04-01,Thyroxine,TH (Levothyroxime),100mg,16336.0,9757.0,9292.0,16801.0,0,11.0,328.1
2025-05-01,Thyroxine,TH (Levothyroxime),100mg,16801.0,9226.0,8787.0,17240.0,0,10.0,330.4
2025-06-01,Thyroxine,TH (Levothyroxime),100mg,17240.0,0.0,8865.0,8375.0,0,0.0,332.1
2025-07-01,Thyroxine,TH (Levothyroxime),100mg,8375.0,14908.0,14198.0,9085.0,0,15.0,335.2
2025-08-01,Thyroxine,TH (Levothyroxime),100mg,9085.0,14486.0,13796.0,9775.0,0,12.0,338.5
2025-09-01,Thyroxine,TH (Levothyroxime),100mg,9775.0,6605.0,6290.0,10090.0,0,10.0,340.2
2025-10-01,Thyroxine,TH (Levothyroxime),100mg,10090.0,6355.0,6052.0,10393.0,0,11.0,342.1
2025-11-01,Thyroxine,TH (Levothyroxime),100mg,10393.0,2972.0,2830.0,10535.0,0,13.0,345.5
2025-12-01,Thyroxine,TH (Levothyroxime),100mg,10535.0,4039.0,3847.0,10727.0,0,14.0,348.9
2026-01-01,Thyroxine,TH (Levothyroxime),100mg,10727.0,13174.0,12547.0,11354.0,0,10.0,310.5
2020-01-01,Thyroxine,Euthyrox ,100mg,200.0,539.0,513.0,226.0,0,11.0,181.3
2020-02-01,Thyroxine,Euthyrox ,100mg,226.0,484.0,461.0,249.0,0,9.0,181.5
2020-03-01,Thyroxine,Euthyrox ,100mg,249.0,719.0,685.0,283.0,0,12.0,185.3
2020-04-01,Thyroxine,Euthyrox ,100mg,283.0,765.0,729.0,319.0,0,10.0,192.5
2020-05-01,Thyroxine,Euthyrox ,100mg,319.0,891.0,849.0,361.0,0,8.0,188.2
2020-06-01,Thyroxine,Euthyrox ,100mg,361.0,942.0,897.0,406.0,0,13.0,186.4
2020-07-01,Thyroxine,Euthyrox ,100mg,406.0,924.0,880.0,450.0,0,7.0,185.9
2020-08-01,Thyroxine,Euthyrox ,100mg,450.0,608.0,579.0,479.0,0,10.0,184.2
2020-09-01,Thyroxine,Euthyrox ,100mg,479.0,646.0,615.0,510.0,0,9.0,184.8
2020-10-01,Thyroxine,Euthyrox ,100mg,510.0,710.0,676.0,544.0,0,12.0,184.5
2020-11-01,Thyroxine,Euthyrox ,100mg,544.0,952.0,907.0,589.0,0,8.0,185.1
2020-12-01,Thyroxine,Euthyrox ,100mg,589.0,821.0,782.0,628.0,0,14.0,186.7
2021-01-01,Thyroxine,Euthyrox ,100mg,628.0,801.0,763.0,666.0,0,11.0,190.2
2021-02-01,Thyroxine,Euthyrox ,100mg,666.0,668.0,636.0,698.0,0,10.0,194.5
2021-03-01,Thyroxine,Euthyrox ,100mg,698.0,649.0,618.0,729.0,0,12.0,198.1
2021-04-01,Thyroxine,Euthyrox ,100mg,729.0,864.0,823.0,770.0,0,9.0,201.3
2021-05-01,Thyroxine,Euthyrox ,100mg,770.0,664.0,632.0,802.0,0,13.0,200.5
2021-06-01,Thyroxine,Euthyrox ,100mg,802.0,756.0,720.0,838.0,0,11.0,201.8
2021-07-01,Thyroxine,Euthyrox ,100mg,838.0,755.0,719.0,874.0,0,10.0,202.4
2021-08-01,Thyroxine,Euthyrox ,100mg,874.0,945.0,900.0,919.0,0,14.0,203.1
2021-09-01,Thyroxine,Euthyrox ,100mg,919.0,679.0,647.0,951.0,0,8.0,203.5
2021-10-01,Thyroxine,Euthyrox ,100mg,951.0,482.0,459.0,974.0,0,12.0,203.2
2021-11-01,Thyroxine,Euthyrox ,100mg,974.0,739.0,704.0,1009.0,0,10.0,203.8
2021-12-01,Thyroxine,Euthyrox ,100mg,1009.0,624.0,594.0,1039.0,0,11.0,204.5
2022-01-01,Thyroxine,Euthyrox ,100mg,1039.0,718.0,684.0,1073.0,0,14.0,205.1
2022-02-01,Thyroxine,Euthyrox ,100mg,1073.0,736.0,701.0,1108.0,0,9.0,208.4
2022-03-01,Thyroxine,Euthyrox ,100mg,1108.0,749.0,713.0,1144.0,0,13.0,290.5
2022-04-01,Thyroxine,Euthyrox ,100mg,1144.0,910.0,867.0,1187.0,0,12.0,320.1
2022-05-01,Thyroxine,Euthyrox ,100mg,1187.0,655.0,624.0,1218.0,0,10.0,355.4
2022-06-01,Thyroxine,Euthyrox ,100mg,1218.0,763.0,727.0,1254.0,0,11.0,360.2
2022-07-01,Thyroxine,Euthyrox ,100mg,1254.0,897.0,854.0,1297.0,0,14.0,362.5
2022-08-01,Thyroxine,Euthyrox ,100mg,1297.0,714.0,680.0,1331.0,0,9.0,361.8
2022-09-01,Thyroxine,Euthyrox ,100mg,1331.0,593.0,565.0,1359.0,0,12.0,363.2
2022-10-01,Thyroxine,Euthyrox ,100mg,1359.0,809.0,770.0,1398.0,0,10.0,365.1
2022-11-01,Thyroxine,Euthyrox ,100mg,1398.0,855.0,814.0,1439.0,0,11.0,366.5
2022-12-01,Thyroxine,Euthyrox ,100mg,1439.0,723.0,689.0,1473.0,0,8.0,368.2
2023-01-01,Thyroxine,Euthyrox ,100mg,1473.0,560.0,533.0,1500.0,0,13.0,365.4
2023-02-01,Thyroxine,Euthyrox ,100mg,1500.0,873.0,831.0,1542.0,0,10.0,362.1
2023-03-01,Thyroxine,Euthyrox ,100mg,1542.0,639.0,609.0,1572.0,0,11.0,340.5
2023-04-01,Thyroxine,Euthyrox ,100mg,1572.0,891.0,849.0,1614.0,0,14.0,325.2
2023-05-01,Thyroxine,Euthyrox ,100mg,1614.0,0.0,724.0,890.0,0,0.0,315.8
2023-06-01,Thyroxine,Euthyrox ,100mg,890.0,730.0,695.0,925.0,0,10.0,310.4
2023-07-01,Thyroxine,Euthyrox ,100mg,925.0,797.0,759.0,963.0,0,11.0,312.1
2023-08-01,Thyroxine,Euthyrox ,100mg,963.0,802.0,764.0,1001.0,0,8.0,315.6
2023-09-01,Thyroxine,Euthyrox ,100mg,1001.0,721.0,687.0,1035.0,0,13.0,318.9
2023-10-01,Thyroxine,Euthyrox ,100mg,1035.0,841.0,801.0,1075.0,0,12.0,320.5
2023-11-01,Thyroxine,Euthyrox ,100mg,1075.0,711.0,677.0,1109.0,0,10.0,322.1
2023-12-01,Thyroxine,Euthyrox ,100mg,1109.0,888.0,846.0,1151.0,0,11.0,324.5
2024-01-01,Thyroxine,Euthyrox ,100mg,1151.0,825.0,786.0,1190.0,0,14.0,323.8
2024-02-01,Thyroxine,Euthyrox ,100mg,1190.0,743.0,708.0,1225.0,0,9.0,318.2
2024-03-01,Thyroxine,Euthyrox ,100mg,1225.0,759.0,723.0,1261.0,0,13.0,310.5
2024-04-01,Thyroxine,Euthyrox ,100mg,1261.0,699.0,666.0,1294.0,0,12.0,305.1
2024-05-01,Thyroxine,Euthyrox ,100mg,1294.0,954.0,909.0,1339.0,0,10.0,302.4
2024-06-01,Thyroxine,Euthyrox ,100mg,1339.0,866.0,825.0,1380.0,0,11.0,300.8
2024-07-01,Thyroxine,Euthyrox ,100mg,1380.0,628.0,598.0,1410.0,0,14.0,304.5
2024-08-01,Thyroxine,Euthyrox ,100mg,1410.0,801.0,763.0,1448.0,0,9.0,302.1
2024-09-01,Thyroxine,Euthyrox ,100mg,1448.0,731.0,696.0,1483.0,0,13.0,300.5
2024-10-01,Thyroxine,Euthyrox ,100mg,1483.0,1027.0,978.0,1532.0,0,12.0,305.8
2024-11-01,Thyroxine,Euthyrox ,100mg,1532.0,620.0,590.0,1562.0,0,10.0,310.2
2024-12-01,Thyroxine,Euthyrox ,100mg,1562.0,651.0,620.0,1593.0,0,11.0,315.4
2025-01-01,Thyroxine,Euthyrox ,100mg,1593.0,983.0,936.0,1640.0,0,14.0,320.1
2025-02-01,Thyroxine,Euthyrox ,100mg,1640.0,1066.0,1015.0,1691.0,0,12.0,322.5
2025-03-01,Thyroxine,Euthyrox ,100mg,1691.0,814.0,775.0,1730.0,0,11.0,325.8
2025-04-01,Thyroxine,Euthyrox ,100mg,1730.0,858.0,817.0,1771.0,0,10.0,328.1
2025-05-01,Thyroxine,Euthyrox ,100mg,1771.0,1055.0,1005.0,1821.0,0,14.0,330.4
2025-06-01,Thyroxine,Euthyrox ,100mg,1821.0,0.0,53.0,1768.0,0,0.0,332.1
2025-07-01,Thyroxine,Euthyrox ,100mg,1768.0,548.0,522.0,1794.0,0,15.0,335.2
2025-08-01,Thyroxine,Euthyrox ,100mg,1794.0,459.0,437.0,1816.0,0,12.0,338.5
2025-09-01,Thyroxine,Euthyrox ,100mg,1816.0,1345.0,1281.0,1880.0,0,10.0,340.2
2025-10-01,Thyroxine,Euthyrox ,100mg,1880.0,361.0,344.0,1897.0,0,11.0,342.1
2025-11-01,Thyroxine,Euthyrox ,100mg,1897.0,0.0,1827.0,70.0,0,0.0,345.5
2025-12-01,Thyroxine,Euthyrox ,100mg,70.0,1212.0,1154.0,128.0,0,14.0,348.9
2026-01-01,Thyroxine,Euthyrox ,100mg,128.0,654.0,623.0,159.0,0,10.0,310.5
2020-01-01,Thyroxine,Thyronom ,100mg,100.0,276.0,263.0,113.0,0,11.0,181.3
2020-02-01,Thyroxine,Thyronom ,100mg,113.0,326.0,310.0,129.0,0,9.0,181.5
2020-03-01,Thyroxine,Thyronom ,100mg,129.0,361.0,344.0,146.0,0,12.0,185.3
2020-04-01,Thyroxine,Thyronom ,100mg,146.0,312.0,297.0,161.0,0,10.0,192.5
2020-05-01,Thyroxine,Thyronom ,100mg,161.0,333.0,317.0,177.0,0,8.0,188.2
2020-06-01,Thyroxine,Thyronom ,100mg,177.0,375.0,357.0,195.0,0,13.0,186.4
2020-07-01,Thyroxine,Thyronom ,100mg,195.0,309.0,294.0,210.0,0,7.0,185.9
2020-08-01,Thyroxine,Thyronom ,100mg,210.0,410.0,390.0,230.0,0,10.0,184.2
2020-09-01,Thyroxine,Thyronom ,100mg,230.0,417.0,397.0,250.0,0,9.0,184.8
2020-10-01,Thyroxine,Thyronom ,100mg,250.0,538.0,512.0,276.0,0,12.0,184.5
2020-11-01,Thyroxine,Thyronom ,100mg,276.0,333.0,317.0,292.0,0,8.0,185.1
2020-12-01,Thyroxine,Thyronom ,100mg,292.0,316.0,301.0,307.0,0,14.0,186.7
2021-01-01,Thyroxine,Thyronom ,100mg,307.0,366.0,349.0,324.0,0,11.0,190.2
2021-02-01,Thyroxine,Thyronom ,100mg,324.0,360.0,343.0,341.0,0,10.0,194.5
2021-03-01,Thyroxine,Thyronom ,100mg,341.0,293.0,279.0,355.0,0,12.0,198.1
2021-04-01,Thyroxine,Thyronom ,100mg,355.0,306.0,291.0,370.0,0,9.0,201.3
2021-05-01,Thyroxine,Thyronom ,100mg,370.0,365.0,348.0,387.0,0,13.0,200.5
2021-06-01,Thyroxine,Thyronom ,100mg,387.0,311.0,296.0,402.0,0,11.0,201.8
2021-07-01,Thyroxine,Thyronom ,100mg,402.0,343.0,327.0,418.0,0,10.0,202.4
2021-08-01,Thyroxine,Thyronom ,100mg,418.0,379.0,361.0,436.0,0,14.0,203.1
2021-09-01,Thyroxine,Thyronom ,100mg,436.0,437.0,416.0,457.0,0,8.0,203.5
2021-10-01,Thyroxine,Thyronom ,100mg,457.0,339.0,323.0,473.0,0,12.0,203.2
2021-11-01,Thyroxine,Thyronom ,100mg,473.0,273.0,260.0,486.0,0,10.0,203.8
2021-12-01,Thyroxine,Thyronom ,100mg,486.0,259.0,247.0,498.0,0,11.0,204.5
2022-01-01,Thyroxine,Thyronom ,100mg,498.0,276.0,263.0,511.0,0,14.0,205.1
2022-02-01,Thyroxine,Thyronom ,100mg,511.0,268.0,255.0,524.0,0,9.0,208.4
2022-03-01,Thyroxine,Thyronom ,100mg,524.0,317.0,302.0,539.0,0,13.0,290.5
2022-04-01,Thyroxine,Thyronom ,100mg,539.0,277.0,264.0,552.0,0,12.0,320.1
2022-05-01,Thyroxine,Thyronom ,100mg,552.0,309.0,294.0,567.0,0,10.0,355.4
2022-06-01,Thyroxine,Thyronom ,100mg,567.0,319.0,304.0,582.0,0,11.0,360.2
2022-07-01,Thyroxine,Thyronom ,100mg,582.0,349.0,332.0,599.0,0,14.0,362.5
2022-08-01,Thyroxine,Thyronom ,100mg,599.0,466.0,444.0,621.0,0,9.0,361.8
2022-09-01,Thyroxine,Thyronom ,100mg,621.0,424.0,404.0,641.0,0,12.0,363.2
2022-10-01,Thyroxine,Thyronom ,100mg,641.0,380.0,362.0,659.0,0,10.0,365.1
2022-11-01,Thyroxine,Thyronom ,100mg,659.0,343.0,327.0,675.0,0,11.0,366.5
2022-12-01,Thyroxine,Thyronom ,100mg,675.0,331.0,315.0,691.0,0,8.0,368.2
2023-01-01,Thyroxine,Thyronom ,100mg,691.0,358.0,341.0,708.0,0,13.0,365.4
2023-02-01,Thyroxine,Thyronom ,100mg,708.0,362.0,345.0,725.0,0,10.0,362.1
2023-03-01,Thyroxine,Thyronom ,100mg,725.0,289.0,275.0,739.0,0,11.0,340.5
2023-04-01,Thyroxine,Thyronom ,100mg,739.0,340.0,324.0,755.0,0,14.0,325.2
2023-05-01,Thyroxine,Thyronom ,100mg,755.0,258.0,246.0,767.0,0,10.0,315.8
2023-06-01,Thyroxine,Thyronom ,100mg,767.0,378.0,360.0,785.0,0,11.0,310.4
2023-07-01,Thyroxine,Thyronom ,100mg,785.0,426.0,406.0,805.0,0,8.0,312.1
2023-08-01,Thyroxine,Thyronom ,100mg,805.0,374.0,356.0,823.0,0,13.0,315.6
2023-09-01,Thyroxine,Thyronom ,100mg,823.0,516.0,491.0,848.0,0,12.0,318.9
2023-10-01,Thyroxine,Thyronom ,100mg,848.0,339.0,323.0,864.0,0,10.0,320.5
2023-11-01,Thyroxine,Thyronom ,100mg,864.0,387.0,369.0,882.0,0,11.0,322.1
2023-12-01,Thyroxine,Thyronom ,100mg,882.0,359.0,342.0,899.0,0,14.0,324.5
2024-01-01,Thyroxine,Thyronom ,100mg,899.0,342.0,326.0,915.0,0,9.0,323.8
2024-02-01,Thyroxine,Thyronom ,100mg,915.0,334.0,318.0,931.0,0,13.0,318.2
2024-03-01,Thyroxine,Thyronom ,100mg,931.0,343.0,327.0,947.0,0,12.0,310.5
2024-04-01,Thyroxine,Thyronom ,100mg,947.0,392.0,373.0,966.0,0,10.0,305.1
2024-05-01,Thyroxine,Thyronom ,100mg,966.0,440.0,419.0,987.0,0,11.0,302.4
2024-06-01,Thyroxine,Thyronom ,100mg,987.0,374.0,356.0,1005.0,0,14.0,300.8
2024-07-01,Thyroxine,Thyronom ,100mg,1005.0,439.0,418.0,1026.0,0,9.0,304.5
2024-08-01,Thyroxine,Thyronom ,100mg,1026.0,358.0,341.0,1043.0,0,13.0,302.1
2024-09-01,Thyroxine,Thyronom ,100mg,1043.0,449.0,428.0,1064.0,0,12.0,300.5
2024-10-01,Thyroxine,Thyronom ,100mg,1064.0,352.0,335.0,1081.0,0,10.0,305.8
2024-11-01,Thyroxine,Thyronom ,100mg,1081.0,452.0,430.0,1103.0,0,11.0,310.2
2024-12-01,Thyroxine,Thyronom ,100mg,1103.0,0.0,489.0,614.0,0,0.0,315.4
2025-01-01,Thyroxine,Thyronom ,100mg,614.0,349.0,332.0,631.0,0,12.0,320.1
2025-02-01,Thyroxine,Thyronom ,100mg,631.0,249.0,237.0,643.0,0,14.0,322.5
2025-03-01,Thyroxine,Thyronom ,100mg,643.0,318.0,303.0,658.0,0,12.0,325.8
2025-04-01,Thyroxine,Thyronom ,100mg,658.0,424.0,404.0,678.0,0,11.0,328.1
2025-05-01,Thyroxine,Thyronom ,100mg,678.0,397.0,378.0,697.0,0,10.0,330.4
2025-06-01,Thyroxine,Thyronom ,100mg,697.0,319.0,304.0,712.0,0,14.0,332.1
2025-07-01,Thyroxine,Thyronom ,100mg,712.0,393.0,374.0,731.0,0,15.0,335.2
2025-08-01,Thyroxine,Thyronom ,100mg,731.0,531.0,506.0,756.0,0,12.0,338.5
2025-09-01,Thyroxine,Thyronom ,100mg,756.0,370.0,352.0,774.0,0,10.0,340.2
2025-10-01,Thyroxine,Thyronom ,100mg,774.0,219.0,209.0,784.0,0,11.0,342.1
2025-11-01,Thyroxine,Thyronom ,100mg,784.0,807.0,769.0,822.0,0,13.0,345.5
2025-12-01,Thyroxine,Thyronom ,100mg,822.0,459.0,437.0,844.0,0,14.0,348.9
2026-01-01,Thyroxine,Thyronom ,100mg,844.0,146.0,139.0,851.0,0,10.0,310.5
